Workbook

Sheet Сводка
A1: Еженедельный съём соцсетей
A2: Текущая неделя — лист: | B2: 05-11.10
A3: Прошлая неделя — лист: | B3: 28.09-04.10
A4: снято 12.10.2026 · ВК 27/27 (Барков), ТГ 22/22 (Барков), МАКС 21/21 (MaxStat), ОК 20/20 (админские выгрузки)
A6: Площадка | B6: Публикаций | C6: Просмотры | D6: Просмотры пред. неделя (сопост. периметр) | E6: Δ % | F6: Лайки | G6: Лайки пред. неделя (сопост. периметр) | H6: Δ % | I6: Лайков на 1000 просмотров | J6: Подписчики | K6: Прирост подписчиков | L6: Δ % просмотров пред. неделя | M6: Ускорение просмотров, п.п. | N6: Δ % лайков пред. неделя | O6: Ускорение лайков, п.п. | P6: Прирост подписч. пред. неделя | Q6: Ускорение подписчиков, чел.
A7: ВКонтакте | B7: {=INDIRECT("'"&$B$2&"'!C30")} -> 1808 | C7: {=IF($B7=0,"",INDIRECT("'"&$B$2&"'!D30"))} -> 4157980 | D7: {=IF($B7=0,"",INDIRECT("'"&$B$2&"'!E30"))} -> 5072194 | E7: =IF(B7=0,"",IFERROR(C7/D7-1,"")) -> -0.18024035 | F7: {=IF($B7=0,"",INDIRECT("'"&$B$2&"'!H30"))} -> 30049 | G7: {=IF($B7=0,"",INDIRECT("'"&$B$2&"'!I30"))} -> 33669 | H7: =IF(B7=0,"",IFERROR(F7/G7-1,"")) -> -0.1075173 | I7: =IFERROR(F7/C7*1000,"") -> 7.2268265 | J7: {=IF($B7=0,"",INDIRECT("'"&$B$2&"'!N30"))} -> 467357 | K7: {=IF($B7=0,"",INDIRECT("'"&$B$2&"'!O30"))} -> 1035 | L7: {=IFERROR(IF(INDIRECT("'"&$B$3&"'!G30")="","",INDIRECT("'"&$B$3&"'!G30")),"")} -> 0.18691152 | M7: =IF(OR($E7="",$L7=""),"",$E7-$L7) -> -0.36715187 | N7: {=IFERROR(IF(INDIRECT("'"&$B$3&"'!K30")="","",INDIRECT("'"&$B$3&"'!K30")),"")} -> 0.12578995 | O7: =IF(OR($H7="",$N7=""),"",$H7-$N7) -> -0.23330725 | P7: {=IFERROR(IF(INDIRECT("'"&$B$3&"'!O30")="","",INDIRECT("'"&$B$3&"'!O30")),"")} -> 1041 | Q7: =IF(OR($B7=0,$K7="",$P7=""),"",$K7-$P7) -> -6
A8: Одноклассники | B8: {=INDIRECT("'"&$B$2&"'!C51")} -> 1386 | C8: {=IF($B8=0,"",INDIRECT("'"&$B$2&"'!D51"))} -> 438012 | D8: {=IF($B8=0,"",INDIRECT("'"&$B$2&"'!E51"))} -> 244021 | E8: =IF(B8=0,"",IFERROR(C8/D8-1,"")) -> 0.79497666 | F8: {=IF($B8=0,"",INDIRECT("'"&$B$2&"'!H51"))} -> 2376 | G8: {=IF($B8=0,"",INDIRECT("'"&$B$2&"'!I51"))} -> 2293 | H8: =IF(B8=0,"",IFERROR(F8/G8-1,"")) -> 0.036197122 | I8: =IFERROR(F8/C8*1000,"") -> 5.4245089 | J8: {=IF($B8=0,"",INDIRECT("'"&$B$2&"'!N51"))} -> 107120 | K8: {=IF($B8=0,"",INDIRECT("'"&$B$2&"'!O51"))} -> 48 | L8: {=IFERROR(IF(INDIRECT("'"&$B$3&"'!G51")="","",INDIRECT("'"&$B$3&"'!G51")),"")} -> 0.072161355 | M8: =IF(OR($E8="",$L8=""),"",$E8-$L8) -> 0.72281531 | N8: {=IFERROR(IF(INDIRECT("'"&$B$3&"'!K51")="","",INDIRECT("'"&$B$3&"'!K51")),"")} -> 0.17495712 | O8: =IF(OR($H8="",$N8=""),"",$H8-$N8) -> -0.13876 | P8: {=IFERROR(IF(INDIRECT("'"&$B$3&"'!O51")="","",INDIRECT("'"&$B$3&"'!O51")),"")} -> 31 | Q8: =IF(OR($B8=0,$K8="",$P8=""),"",$K8-$P8) -> 17
A9: Telegram | B9: {=INDIRECT("'"&$B$2&"'!C74")} -> 1677 | C9: {=IF($B9=0,"",INDIRECT("'"&$B$2&"'!D74"))} -> 427060 | D9: {=IF($B9=0,"",INDIRECT("'"&$B$2&"'!E74"))} -> 424843 | E9: =IF(B9=0,"",IFERROR(C9/D9-1,"")) -> 0.0052183983 | F9: {=IF($B9=0,"",INDIRECT("'"&$B$2&"'!H74"))} -> 2736 | G9: {=IF($B9=0,"",INDIRECT("'"&$B$2&"'!I74"))} -> 2377 | H9: =IF(B9=0,"",IFERROR(F9/G9-1,"")) -> 0.15103071 | I9: =IFERROR(F9/C9*1000,"") -> 6.4065939 | J9: {=IF($B9=0,"",INDIRECT("'"&$B$2&"'!N74"))} -> 97774 | K9: {=IF($B9=0,"",INDIRECT("'"&$B$2&"'!O74"))} -> -164 | L9: {=IFERROR(IF(INDIRECT("'"&$B$3&"'!G74")="","",INDIRECT("'"&$B$3&"'!G74")),"")} -> 0.012017685 | M9: =IF(OR($E9="",$L9=""),"",$E9-$L9) -> -0.0067992864 | N9: {=IFERROR(IF(INDIRECT("'"&$B$3&"'!K74")="","",INDIRECT("'"&$B$3&"'!K74")),"")} -> -0.110737 | O9: =IF(OR($H9="",$N9=""),"",$H9-$N9) -> 0.26176771 | P9: {=IFERROR(IF(INDIRECT("'"&$B$3&"'!O74")="","",INDIRECT("'"&$B$3&"'!O74")),"")} -> -171 | Q9: =IF(OR($B9=0,$K9="",$P9=""),"",$K9-$P9) -> 7
A10: МАКС | B10: {=INDIRECT("'"&$B$2&"'!C96")} -> 1456 | C10: {=IF($B10=0,"",INDIRECT("'"&$B$2&"'!D96"))} -> 1030049 | D10: {=IF($B10=0,"",INDIRECT("'"&$B$2&"'!E96"))} -> 940640 | E10: =IF(B10=0,"",IFERROR(C10/D10-1,"")) -> 0.095051242 | F10: {=IF($B10=0,"",INDIRECT("'"&$B$2&"'!H96"))} -> 13921 | G10: {=IF($B10=0,"",INDIRECT("'"&$B$2&"'!I96"))} -> 13037 | H10: =IF(B10=0,"",IFERROR(F10/G10-1,"")) -> 0.067807011 | I10: =IFERROR(F10/C10*1000,"") -> 13.514891 | J10: {=IF($B10=0,"",INDIRECT("'"&$B$2&"'!N96"))} -> 31996 | K10: {=IF($B10=0,"",INDIRECT("'"&$B$2&"'!O96"))} -> 428 | L10: {=IFERROR(IF(INDIRECT("'"&$B$3&"'!G96")="","",INDIRECT("'"&$B$3&"'!G96")),"")} -> -0.062651966 | M10: =IF(OR($E10="",$L10=""),"",$E10-$L10) -> 0.15770321 | N10: {=IFERROR(IF(INDIRECT("'"&$B$3&"'!K96")="","",INDIRECT("'"&$B$3&"'!K96")),"")} -> -0.059650894 | O10: =IF(OR($H10="",$N10=""),"",$H10-$N10) -> 0.12745791 | P10: {=IFERROR(IF(INDIRECT("'"&$B$3&"'!O96")="","",INDIRECT("'"&$B$3&"'!O96")),"")} -> 270 | Q10: =IF(OR($B10=0,$K10="",$P10=""),"",$K10-$P10) -> 158
A11: ИТОГО | B11: =SUM(B7:B10) -> 6327 | C11: =SUM(C7:C10) -> 6053101 | D11: =SUM(D7:D10) -> 6681698 | E11: =IF(OR(B7=0,B8=0,B9=0,B10=0),"",IFERROR(C11/D11-1,"")) -> -0.094077434 | F11: =SUM(F7:F10) -> 49082 | G11: =SUM(G7:G10) -> 51376 | H11: =IF(OR(B7=0,B8=0,B9=0,B10=0),"",IFERROR(F11/G11-1,"")) -> -0.044651199 | I11: =IFERROR(F11/C11*1000,"") -> 8.1085711 | J11: =SUM(J7:J10) -> 704247 | K11: =SUM(K7:K10) -> 1347 | L11: {=IFERROR(IF(INDIRECT("'"&$B$3&"'!G97")="","",INDIRECT("'"&$B$3&"'!G97")),"")} -> 0.12830824 | M11: =IF(OR($E11="",$L11=""),"",$E11-$L11) -> -0.22238568 | N11: {=IFERROR(IF(INDIRECT("'"&$B$3&"'!K97")="","",INDIRECT("'"&$B$3&"'!K97")),"")} -> 0.059714346 | O11: =IF(OR($H11="",$N11=""),"",$H11-$N11) -> -0.10436554 | P11: {=IFERROR(IF(INDIRECT("'"&$B$3&"'!O97")="","",INDIRECT("'"&$B$3&"'!O97")),"")} -> 1171 | Q11: =IF(OR(B7=0,B8=0,B9=0,B10=0),"",$K11-$P11) -> 176
A13: ускорение = насколько прирост этой недели отличается от прироста прошлой, в процентных пунктах.
A14: Плюс — рост ускорился, минус — рост замедлился (или падение усилилось). Считается от Δ % листа прошлой недели.

Sheet 05-11.10
A1: Недельный съём · 05–11.10.2026 | Q1: Лист прошлой недели (питает колонки E, I, O):
A2: Площадка | B2: Ресурс | C2: Публикаций | D2: Просмотры | E2: Просмотры пред. неделя | F2: Δ просмотров | G2: Δ % | H2: Лайки | I2: Лайки пред. неделя | J2: Δ лайков | K2: Δ % | L2: Ср. просмотров на пост | M2: Лайков на 1000 просмотров | N2: Подписчики | O2: Прирост подписчиков | Q2: 28.09-04.10 | S2: Δ % просмотров пред. неделя | T2: Ускорение просмотров, п.п. | U2: Δ % лайков пред. неделя | V2: Ускорение лайков, п.п. | W2: Прирост подписч. пред. неделя | X2: Ускорение подписчиков, чел.
A3: ВКонтакте | B3: Ямал-Медиа | C3: 111 | D3: 1832889 | E3: =IF($D3="","",IFERROR(IF(ISBLANK(INDIRECT("'"&$Q$2&"'!D"&ROW())),"",INDIRECT("'"&$Q$2&"'!D"&ROW())),"")) -> 2647589 | F3: =IF(OR(D3="",E3=""),"",D3-E3) -> -814700 | G3: =IFERROR(F3/E3,"") -> -0.30771392 | H3: 4521 | I3: =IF($H3="","",IFERROR(IF(ISBLANK(INDIRECT("'"&$Q$2&"'!H"&ROW())),"",INDIRECT("'"&$Q$2&"'!H"&ROW())),"")) -> 5901 | J3: =IF(OR(H3="",I3=""),"",H3-I3) -> -1380 | K3: =IFERROR(J3/I3,"") -> -0.23385867 | L3: =IFERROR(D3/C3,"") -> 16512.514 | M3: =IFERROR(H3/D3*1000,"") -> 2.4665978 | N3: 89891 | O3: =IFERROR(IF(OR(N3="",ISBLANK(INDIRECT("'"&$Q$2&"'!N"&ROW()))),"",N3-INDIRECT("'"&$Q$2&"'!N"&ROW())),"") -> 241 | Q3: Колонки E и I берут прошлую неделю только по строкам, снятым в текущей — сравнение идёт по сопоставимому периметру. | S3: =IFERROR(IF(ISBLANK(INDIRECT("'"&$Q$2&"'!G"&ROW())),"",INDIRECT("'"&$Q$2&"'!G"&ROW())),"") -> 0.38365342 | T3: =IF(OR($G3="",$S3=""),"",$G3-$S3) -> -0.69136735 | U3: =IFERROR(IF(ISBLANK(INDIRECT("'"&$Q$2&"'!K"&ROW())),"",INDIRECT("'"&$Q$2&"'!K"&ROW())),"") -> 0.31895396 | V3: =IF(OR($K3="",$U3=""),"",$K3-$U3) -> -0.55281262 | W3: =IFERROR(IF(ISBLANK(INDIRECT("'"&$Q$2&"'!O"&ROW())),"",INDIRECT("'"&$Q$2&"'!O"&ROW())),"") -> 292 | X3: =IF(OR($O3="",$W3=""),"",$O3-$W3) -> -51
A4: ВКонтакте | B4: Север-Пресс | C4: 124 | D4: 93897 | E4: =IF($D4="","",IFERROR(IF(ISBLANK(INDIRECT("'"&$Q$2&"'!D"&ROW())),"",INDIRECT("'"&$Q$2&"'!D"&ROW())),"")) -> 218156 | F4: =IF(OR(D4="",E4=""),"",D4-E4) -> -124259 | G4: =IFERROR(F4/E4,"") -> -0.56958782 | H4: 326 | I4: =IF($H4="","",IFERROR(IF(ISBLANK(INDIRECT("'"&$Q$2&"'!H"&ROW())),"",INDIRECT("'"&$Q$2&"'!H"&ROW())),"")) -> 672 | J4: =IF(OR(H4="",I4=""),"",H4-I4) -> -346 | K4: =IFERROR(J4/I4,"") -> -0.51488095 | L4: =IFERROR(D4/C4,"") -> 757.23387 | M4: =IFERROR(H4/D4*1000,"") -> 3.4718894 | N4: 26299 | O4: =IFERROR(IF(OR(N4="",ISBLANK(INDIRECT("'"&$Q$2&"'!N"&ROW()))),"",N4-INDIRECT("'"&$Q$2&"'!N"&ROW())),"") -> 8 | Q4: ОК: «просмотры» = VIEWS листа Topics, лайки = сумма LIKES листа Actions (по группе, как в прошлых съёмах). | S4: =IFERROR(IF(ISBLANK(INDIRECT("'"&$Q$2&"'!G"&ROW())),"",INDIRECT("'"&$Q$2&"'!G"&ROW())),"") -> 0.72531714 | T4: =IF(OR($G4="",$S4=""),"",$G4-$S4) -> -1.294905 | U4: =IFERROR(IF(ISBLANK(INDIRECT("'"&$Q$2&"'!K"&ROW())),"",INDIRECT("'"&$Q$2&"'!K"&ROW())),"") -> 0.27272727 | V4: =IF(OR($K4="",$U4=""),"",$K4-$U4) -> -0.78760823 | W4: =IFERROR(IF(ISBLANK(INDIRECT("'"&$Q$2&"'!O"&ROW())),"",INDIRECT("'"&$Q$2&"'!O"&ROW())),"") -> 31 | X4: =IF(OR($O4="",$W4=""),"",$O4-$W4) -> -23
A5: ВКонтакте | B5: Лента СП | C5: 151 | D5: 3132 | E5: =IF($D5="","",IFERROR(IF(ISBLANK(INDIRECT("'"&$Q$2&"'!D"&ROW())),"",INDIRECT("'"&$Q$2&"'!D"&ROW())),"")) -> 2991 | F5: =IF(OR(D5="",E5=""),"",D5-E5) -> 141 | G5: =IFERROR(F5/E5,"") -> 0.047141424 | H5: 10 | I5: =IF($H5="","",IFERROR(IF(ISBLANK(INDIRECT("'"&$Q$2&"'!H"&ROW())),"",INDIRECT("'"&$Q$2&"'!H"&ROW())),"")) -> 12 | J5: =IF(OR(H5="",I5=""),"",H5-I5) -> -2 | K5: =IFERROR(J5/I5,"") -> -0.16666667 | L5: =IFERROR(D5/C5,"") -> 20.741722 | M5: =IFERROR(H5/D5*1000,"") -> 3.192848 | N5: 3506 | O5: =IFERROR(IF(OR(N5="",ISBLANK(INDIRECT("'"&$Q$2&"'!N"&ROW()))),"",N5-INDIRECT("'"&$Q$2&"'!N"&ROW())),"") -> 3 | S5: =IFERROR(IF(ISBLANK(INDIRECT("'"&$Q$2&"'!G"&ROW())),"",INDIRECT("'"&$Q$2&"'!G"&ROW())),"") -> -0.24792557 | T5: =IF(OR($G5="",$S5=""),"",$G5-$S5) -> 0.295067 | U5: =IFERROR(IF(ISBLANK(INDIRECT("'"&$Q$2&"'!K"&ROW())),"",INDIRECT("'"&$Q$2&"'!K"&ROW())),"") -> 0 | V5: =IF(OR($K5="",$U5=""),"",$K5-$U5) -> -0.16666667 | W5: =IFERROR(IF(ISBLANK(INDIRECT("'"&$Q$2&"'!O"&ROW())),"",INDIRECT("'"&$Q$2&"'!O"&ROW())),"") -> 3 | X5: =IF(OR($O5="",$W5=""),"",$O5-$W5) -> 0
A6: ВКонтакте | B6: Красный Север | C6: 85 | D6: 59201 | E6: =IF($D6="","",IFERROR(IF(ISBLANK(INDIRECT("'"&$Q$2&"'!D"&ROW())),"",INDIRECT("'"&$Q$2&"'!D"&ROW())),"")) -> 79350 | F6: =IF(OR(D6="",E6=""),"",D6-E6) -> -20149 | G6: =IFERROR(F6/E6,"") -> -0.25392565 | H6: 453 | I6: =IF($H6="","",IFERROR(IF(ISBLANK(INDIRECT("'"&$Q$2&"'!H"&ROW())),"",INDIRECT("'"&$Q$2&"'!H"&ROW())),"")) -> 466 | J6: =IF(OR(H6="",I6=""),"",H6-I6) -> -13 | K6: =IFERROR(J6/I6,"") -> -0.027896996 | L6: =IFERROR(D6/C6,"") -> 696.48235 | M6: =IFERROR(H6/D6*1000,"") -> 7.6518978 | N6: 22953 | O6: =IFERROR(IF(OR(N6="",ISBLANK(INDIRECT("'"&$Q$2&"'!N"&ROW()))),"",N6-INDIRECT("'"&$Q$2&"'!N"&ROW())),"") -> 4 | S6: =IFERROR(IF(ISBLANK(INDIRECT("'"&$Q$2&"'!G"&ROW())),"",INDIRECT("'"&$Q$2&"'!G"&ROW())),"") -> 0.25385162 | T6: =IF(OR($G6="",$S6=""),"",$G6-$S6) -> -0.50777727 | U6: =IFERROR(IF(ISBLANK(INDIRECT("'"&$Q$2&"'!K"&ROW())),"",INDIRECT("'"&$Q$2&"'!K"&ROW())),"") -> 0.35860058 | V6: =IF(OR($K6="",$U6=""),"",$K6-$U6) -> -0.38649758 | W6: =IFERROR(IF(ISBLANK(INDIRECT("'"&$Q$2&"'!O"&ROW())),"",INDIRECT("'"&$Q$2&"'!O"&ROW())),"") -> 17 | X6: =IF(OR($O6="",$W6=""),"",$O6-$W6) -> -13
A7: ВКонтакте | B7: Новый Уренгой | C7: 104 | D7: 112105 | E7: =IF($D7="","",IFERROR(IF(ISBLANK(INDIRECT("'"&$Q$2&"'!D"&ROW())),"",INDIRECT("'"&$Q$2&"'!D"&ROW())),"")) -> 84352 | F7: =IF(OR(D7="",E7=""),"",D7-E7) -> 27753 | G7: =IFERROR(F7/E7,"") -> 0.32901413 | H7: 916 | I7: =IF($H7="","",IFERROR(IF(ISBLANK(INDIRECT("'"&$Q$2&"'!H"&ROW())),"",INDIRECT("'"&$Q$2&"'!H"&ROW())),"")) -> 1068 | J7: =IF(OR(H7="",I7=""),"",H7-I7) -> -152 | K7: =IFERROR(J7/I7,"") -> -0.1423221 | L7: =IFERROR(D7/C7,"") -> 1077.9327 | M7: =IFERROR(H7/D7*1000,"") -> 8.1709112 | N7: 24948 | O7: =IFERROR(IF(OR(N7="",ISBLANK(INDIRECT("'"&$Q$2&"'!N"&ROW()))),"",N7-INDIRECT("'"&$Q$2&"'!N"&ROW())),"") -> 47 | S7: =IFERROR(IF(ISBLANK(INDIRECT("'"&$Q$2&"'!G"&ROW())),"",INDIRECT("'"&$Q$2&"'!G"&ROW())),"") -> 0.069506783 | T7: =IF(OR($G7="",$S7=""),"",$G7-$S7) -> 0.25950735 | U7: =IFERROR(IF(ISBLANK(INDIRECT("'"&$Q$2&"'!K"&ROW())),"",INDIRECT("'"&$Q$2&"'!K"&ROW())),"") -> 0.34170854 | V7: =IF(OR($K7="",$U7=""),"",$K7-$U7) -> -0.48403064 | W7: =IFERROR(IF(ISBLANK(INDIRECT("'"&$Q$2&"'!O"&ROW())),"",INDIRECT("'"&$Q$2&"'!O"&ROW())),"") -> 33 | X7: =IF(OR($O7="",$W7=""),"",$O7-$W7) -> 14
A8: ВКонтакте | B8: Надым | C8: 82 | D8: 184234 | E8: =IF($D8="","",IFERROR(IF(ISBLANK(INDIRECT("'"&$Q$2&"'!D"&ROW())),"",INDIRECT("'"&$Q$2&"'!D"&ROW())),"")) -> 196212 | F8: =IF(OR(D8="",E8=""),"",D8-E8) -> -11978 | G8: =IFERROR(F8/E8,"") -> -0.061046215 | H8: 2347 | I8: =IF($H8="","",IFERROR(IF(ISBLANK(INDIRECT("'"&$Q$2&"'!H"&ROW())),"",INDIRECT("'"&$Q$2&"'!H"&ROW())),"")) -> 2605 | J8: =IF(OR(H8="",I8=""),"",H8-I8) -> -258 | K8: =IFERROR(J8/I8,"") -> -0.099040307 | L8: =IFERROR(D8/C8,"") -> 2246.7561 | M8: =IFERROR(H8/D8*1000,"") -> 12.739234 | N8: 21807 | O8: =IFERROR(IF(OR(N8="",ISBLANK(INDIRECT("'"&$Q$2&"'!N"&ROW()))),"",N8-INDIRECT("'"&$Q$2&"'!N"&ROW())),"") -> 38 | S8: =IFERROR(IF(ISBLANK(INDIRECT("'"&$Q$2&"'!G"&ROW())),"",INDIRECT("'"&$Q$2&"'!G"&ROW())),"") -> -0.33931572 | T8: =IF(OR($G8="",$S8=""),"",$G8-$S8) -> 0.2782695 | U8: =IFERROR(IF(ISBLANK(INDIRECT("'"&$Q$2&"'!K"&ROW())),"",INDIRECT("'"&$Q$2&"'!K"&ROW())),"") -> -0.26948962 | V8: =IF(OR($K8="",$U8=""),"",$K8-$U8) -> 0.17044932 | W8: =IFERROR(IF(ISBLANK(INDIRECT("'"&$Q$2&"'!O"&ROW())),"",INDIRECT("'"&$Q$2&"'!O"&ROW())),"") -> 25 | X8: =IF(OR($O8="",$W8=""),"",$O8-$W8) -> 13
A9: ВКонтакте | B9: Ноябрьск | C9: 89 | D9: 214009 | E9: =IF($D9="","",IFERROR(IF(ISBLANK(INDIRECT("'"&$Q$2&"'!D"&ROW())),"",INDIRECT("'"&$Q$2&"'!D"&ROW())),"")) -> 320603 | F9: =IF(OR(D9="",E9=""),"",D9-E9) -> -106594 | G9: =IFERROR(F9/E9,"") -> -0.33247973 | H9: 2868 | I9: =IF($H9="","",IFERROR(IF(ISBLANK(INDIRECT("'"&$Q$2&"'!H"&ROW())),"",INDIRECT("'"&$Q$2&"'!H"&ROW())),"")) -> 4182 | J9: =IF(OR(H9="",I9=""),"",H9-I9) -> -1314 | K9: =IFERROR(J9/I9,"") -> -0.31420373 | L9: =IFERROR(D9/C9,"") -> 2404.5955 | M9: =IFERROR(H9/D9*1000,"") -> 13.401306 | N9: 31360 | O9: =IFERROR(IF(OR(N9="",ISBLANK(INDIRECT("'"&$Q$2&"'!N"&ROW()))),"",N9-INDIRECT("'"&$Q$2&"'!N"&ROW())),"") -> 14 | S9: =IFERROR(IF(ISBLANK(INDIRECT("'"&$Q$2&"'!G"&ROW())),"",INDIRECT("'"&$Q$2&"'!G"&ROW())),"") -> -0.0060208653 | T9: =IF(OR($G9="",$S9=""),"",$G9-$S9) -> -0.32645887 | U9: =IFERROR(IF(ISBLANK(INDIRECT("'"&$Q$2&"'!K"&ROW())),"",INDIRECT("'"&$Q$2&"'!K"&ROW())),"") -> 0.0062560154 | V9: =IF(OR($K9="",$U9=""),"",$K9-$U9) -> -0.32045975 | W9: =IFERROR(IF(ISBLANK(INDIRECT("'"&$Q$2&"'!O"&ROW())),"",INDIRECT("'"&$Q$2&"'!O"&ROW())),"") -> 16 | X9: =IF(OR($O9="",$W9=""),"",$O9-$W9) -> -2
A10: ВКонтакте | B10: Салехард | C10: 148 | D10: 169334 | E10: =IF($D10="","",IFERROR(IF(ISBLANK(INDIRECT("'"&$Q$2&"'!D"&ROW())),"",INDIRECT("'"&$Q$2&"'!D"&ROW())),"")) -> 197099 | F10: =IF(OR(D10="",E10=""),"",D10-E10) -> -27765 | G10: =IFERROR(F10/E10,"") -> -0.14086829 | H10: 1168 | I10: =IF($H10="","",IFERROR(IF(ISBLANK(INDIRECT("'"&$Q$2&"'!H"&ROW())),"",INDIRECT("'"&$Q$2&"'!H"&ROW())),"")) -> 2190 | J10: =IF(OR(H10="",I10=""),"",H10-I10) -> -1022 | K10: =IFERROR(J10/I10,"") -> -0.46666667 | L10: =IFERROR(D10/C10,"") -> 1144.1486 | M10: =IFERROR(H10/D10*1000,"") -> 6.8976106 | N10: 21638 | O10: =IFERROR(IF(OR(N10="",ISBLANK(INDIRECT("'"&$Q$2&"'!N"&ROW()))),"",N10-INDIRECT("'"&$Q$2&"'!N"&ROW())),"") -> 25 | S10: =IFERROR(IF(ISBLANK(INDIRECT("'"&$Q$2&"'!G"&ROW())),"",INDIRECT("'"&$Q$2&"'!G"&ROW())),"") -> 0.1738162 | T10: =IF(OR($G10="",$S10=""),"",$G10-$S10) -> -0.3146845 | U10: =IFERROR(IF(ISBLANK(INDIRECT("'"&$Q$2&"'!K"&ROW())),"",INDIRECT("'"&$Q$2&"'!K"&ROW())),"") -> 0.83724832 | V10: =IF(OR($K10="",$U10=""),"",$K10-$U10) -> -1.303915 | W10: =IFERROR(IF(ISBLANK(INDIRECT("'"&$Q$2&"'!O"&ROW())),"",INDIRECT("'"&$Q$2&"'!O"&ROW())),"") -> 27 | X10: =IF(OR($O10="",$W10=""),"",$O10-$W10) -> -2
A11: ВКонтакте | B11: Приуралье | C11: 104 | D11: 387676 | E11: =IF($D11="","",IFERROR(IF(ISBLANK(INDIRECT("'"&$Q$2&"'!D"&ROW())),"",INDIRECT("'"&$Q$2&"'!D"&ROW())),"")) -> 366428 | F11: =IF(OR(D11="",E11=""),"",D11-E11) -> 21248 | G11: =IFERROR(F11/E11,"") -> 0.057986835 | H11: 3546 | I11: =IF($H11="","",IFERROR(IF(ISBLANK(INDIRECT("'"&$Q$2&"'!H"&ROW())),"",INDIRECT("'"&$Q$2&"'!H"&ROW())),"")) -> 2775 | J11: =IF(OR(H11="",I11=""),"",H11-I11) -> 771 | K11: =IFERROR(J11/I11,"") -> 0.27783784 | L11: =IFERROR(D11/C11,"") -> 3727.6538 | M11: =IFERROR(H11/D11*1000,"") -> 9.1468133 | N11: 20852 | O11: =IFERROR(IF(OR(N11="",ISBLANK(INDIRECT("'"&$Q$2&"'!N"&ROW()))),"",N11-INDIRECT("'"&$Q$2&"'!N"&ROW())),"") -> 37 | S11: =IFERROR(IF(ISBLANK(INDIRECT("'"&$Q$2&"'!G"&ROW())),"",INDIRECT("'"&$Q$2&"'!G"&ROW())),"") -> -0.101013 | T11: =IF(OR($G11="",$S11=""),"",$G11-$S11) -> 0.15899984 | U11: =IFERROR(IF(ISBLANK(INDIRECT("'"&$Q$2&"'!K"&ROW())),"",INDIRECT("'"&$Q$2&"'!K"&ROW())),"") -> -0.24878181 | V11: =IF(OR($K11="",$U11=""),"",$K11-$U11) -> 0.52661965 | W11: =IFERROR(IF(ISBLANK(INDIRECT("'"&$Q$2&"'!O"&ROW())),"",INDIRECT("'"&$Q$2&"'!O"&ROW())),"") -> 18 | X11: =IF(OR($O11="",$W11=""),"",$O11-$W11) -> 19
A12: ВКонтакте | B12: Лабытнанги | C12: 71 | D12: 182432 | E12: =IF($D12="","",IFERROR(IF(ISBLANK(INDIRECT("'"&$Q$2&"'!D"&ROW())),"",INDIRECT("'"&$Q$2&"'!D"&ROW())),"")) -> 119193 | F12: =IF(OR(D12="",E12=""),"",D12-E12) -> 63239 | G12: =IFERROR(F12/E12,"") -> 0.53055968 | H12: 2953 | I12: =IF($H12="","",IFERROR(IF(ISBLANK(INDIRECT("'"&$Q$2&"'!H"&ROW())),"",INDIRECT("'"&$Q$2&"'!H"&ROW())),"")) -> 1839 | J12: =IF(OR(H12="",I12=""),"",H12-I12) -> 1114 | K12: =IFERROR(J12/I12,"") -> 0.605764 | L12: =IFERROR(D12/C12,"") -> 2569.4648 | M12: =IFERROR(H12/D12*1000,"") -> 16.186853 | N12: 15687 | O12: =IFERROR(IF(OR(N12="",ISBLANK(INDIRECT("'"&$Q$2&"'!N"&ROW()))),"",N12-INDIRECT("'"&$Q$2&"'!N"&ROW())),"") -> 129 | S12: =IFERROR(IF(ISBLANK(INDIRECT("'"&$Q$2&"'!G"&ROW())),"",INDIRECT("'"&$Q$2&"'!G"&ROW())),"") -> 0.068411004 | T12: =IF(OR($G12="",$S12=""),"",$G12-$S12) -> 0.46214868 | U12: =IFERROR(IF(ISBLANK(INDIRECT("'"&$Q$2&"'!K"&ROW())),"",INDIRECT("'"&$Q$2&"'!K"&ROW())),"") -> -0.047150259 | V12: =IF(OR($K12="",$U12=""),"",$K12-$U12) -> 0.65291426 | W12: =IFERROR(IF(ISBLANK(INDIRECT("'"&$Q$2&"'!O"&ROW())),"",INDIRECT("'"&$Q$2&"'!O"&ROW())),"") -> 60 | X12: =IF(OR($O12="",$W12=""),"",$O12-$W12) -> 69
A13: ВКонтакте | B13: Пуровский | C13: 54 | D13: 22648 | E13: =IF($D13="","",IFERROR(IF(ISBLANK(INDIRECT("'"&$Q$2&"'!D"&ROW())),"",INDIRECT("'"&$Q$2&"'!D"&ROW())),"")) -> 19819 | F13: =IF(OR(D13="",E13=""),"",D13-E13) -> 2829 | G13: =IFERROR(F13/E13,"") -> 0.14274181 | H13: 380 | I13: =IF($H13="","",IFERROR(IF(ISBLANK(INDIRECT("'"&$Q$2&"'!H"&ROW())),"",INDIRECT("'"&$Q$2&"'!H"&ROW())),"")) -> 287 | J13: =IF(OR(H13="",I13=""),"",H13-I13) -> 93 | K13: =IFERROR(J13/I13,"") -> 0.32404181 | L13: =IFERROR(D13/C13,"") -> 419.40741 | M13: =IFERROR(H13/D13*1000,"") -> 16.778523 | N13: 16421 | O13: =IFERROR(IF(OR(N13="",ISBLANK(INDIRECT("'"&$Q$2&"'!N"&ROW()))),"",N13-INDIRECT("'"&$Q$2&"'!N"&ROW())),"") -> -8 | S13: =IFERROR(IF(ISBLANK(INDIRECT("'"&$Q$2&"'!G"&ROW())),"",INDIRECT("'"&$Q$2&"'!G"&ROW())),"") -> -0.40454873 | T13: =IF(OR($G13="",$S13=""),"",$G13-$S13) -> 0.54729055 | U13: =IFERROR(IF(ISBLANK(INDIRECT("'"&$Q$2&"'!K"&ROW())),"",INDIRECT("'"&$Q$2&"'!K"&ROW())),"") -> -0.18696884 | V13: =IF(OR($K13="",$U13=""),"",$K13-$U13) -> 0.51101065 | W13: =IFERROR(IF(ISBLANK(INDIRECT("'"&$Q$2&"'!O"&ROW())),"",INDIRECT("'"&$Q$2&"'!O"&ROW())),"") -> -14 | X13: =IF(OR($O13="",$W13=""),"",$O13-$W13) -> 6
A14: ВКонтакте | B14: Тазовский | C14: 62 | D14: 54222 | E14: =IF($D14="","",IFERROR(IF(ISBLANK(INDIRECT("'"&$Q$2&"'!D"&ROW())),"",INDIRECT("'"&$Q$2&"'!D"&ROW())),"")) -> 58490 | F14: =IF(OR(D14="",E14=""),"",D14-E14) -> -4268 | G14: =IFERROR(F14/E14,"") -> -0.072969738 | H14: 545 | I14: =IF($H14="","",IFERROR(IF(ISBLANK(INDIRECT("'"&$Q$2&"'!H"&ROW())),"",INDIRECT("'"&$Q$2&"'!H"&ROW())),"")) -> 798 | J14: =IF(OR(H14="",I14=""),"",H14-I14) -> -253 | K14: =IFERROR(J14/I14,"") -> -0.31704261 | L14: =IFERROR(D14/C14,"") -> 874.54839 | M14: =IFERROR(H14/D14*1000,"") -> 10.051271 | N14: 6499 | O14: =IFERROR(IF(OR(N14="",ISBLANK(INDIRECT("'"&$Q$2&"'!N"&ROW()))),"",N14-INDIRECT("'"&$Q$2&"'!N"&ROW())),"") -> 31 | S14: =IFERROR(IF(ISBLANK(INDIRECT("'"&$Q$2&"'!G"&ROW())),"",INDIRECT("'"&$Q$2&"'!G"&ROW())),"") -> 0.19758395 | T14: =IF(OR($G14="",$S14=""),"",$G14-$S14) -> -0.27055369 | U14: =IFERROR(IF(ISBLANK(INDIRECT("'"&$Q$2&"'!K"&ROW())),"",INDIRECT("'"&$Q$2&"'!K"&ROW())),"") -> 0.49438202 | V14: =IF(OR($K14="",$U14=""),"",$K14-$U14) -> -0.81142463 | W14: =IFERROR(IF(ISBLANK(INDIRECT("'"&$Q$2&"'!O"&ROW())),"",INDIRECT("'"&$Q$2&"'!O"&ROW())),"") -> 29 | X14: =IF(OR($O14="",$W14=""),"",$O14-$W14) -> 2
A15: ВКонтакте | B15: Красноселькуп | C15: 27 | D15: 33116 | E15: =IF($D15="","",IFERROR(IF(ISBLANK(INDIRECT("'"&$Q$2&"'!D"&ROW())),"",INDIRECT("'"&$Q$2&"'!D"&ROW())),"")) -> 33209 | F15: =IF(OR(D15="",E15=""),"",D15-E15) -> -93 | G15: =IFERROR(F15/E15,"") -> -0.0028004457 | H15: 387 | I15: =IF($H15="","",IFERROR(IF(ISBLANK(INDIRECT("'"&$Q$2&"'!H"&ROW())),"",INDIRECT("'"&$Q$2&"'!H"&ROW())),"")) -> 303 | J15: =IF(OR(H15="",I15=""),"",H15-I15) -> 84 | K15: =IFERROR(J15/I15,"") -> 0.27722772 | L15: =IFERROR(D15/C15,"") -> 1226.5185 | M15: =IFERROR(H15/D15*1000,"") -> 11.686194 | N15: 3712 | O15: =IFERROR(IF(OR(N15="",ISBLANK(INDIRECT("'"&$Q$2&"'!N"&ROW()))),"",N15-INDIRECT("'"&$Q$2&"'!N"&ROW())),"") -> 13 | S15: =IFERROR(IF(ISBLANK(INDIRECT("'"&$Q$2&"'!G"&ROW())),"",INDIRECT("'"&$Q$2&"'!G"&ROW())),"") -> 0.08049455 | T15: =IF(OR($G15="",$S15=""),"",$G15-$S15) -> -0.083294996 | U15: =IFERROR(IF(ISBLANK(INDIRECT("'"&$Q$2&"'!K"&ROW())),"",INDIRECT("'"&$Q$2&"'!K"&ROW())),"") -> 0.0033112583 | V15: =IF(OR($K15="",$U15=""),"",$K15-$U15) -> 0.27391646 | W15: =IFERROR(IF(ISBLANK(INDIRECT("'"&$Q$2&"'!O"&ROW())),"",INDIRECT("'"&$Q$2&"'!O"&ROW())),"") -> 12 | X15: =IF(OR($O15="",$W15=""),"",$O15-$W15) -> 1
A16: ВКонтакте | B16: Ямальский | C16: 59 | D16: 118008 | E16: =IF($D16="","",IFERROR(IF(ISBLANK(INDIRECT("'"&$Q$2&"'!D"&ROW())),"",INDIRECT("'"&$Q$2&"'!D"&ROW())),"")) -> 86941 | F16: =IF(OR(D16="",E16=""),"",D16-E16) -> 31067 | G16: =IFERROR(F16/E16,"") -> 0.35733428 | H16: 1068 | I16: =IF($H16="","",IFERROR(IF(ISBLANK(INDIRECT("'"&$Q$2&"'!H"&ROW())),"",INDIRECT("'"&$Q$2&"'!H"&ROW())),"")) -> 723 | J16: =IF(OR(H16="",I16=""),"",H16-I16) -> 345 | K16: =IFERROR(J16/I16,"") -> 0.47717842 | L16: =IFERROR(D16/C16,"") -> 2000.1356 | M16: =IFERROR(H16/D16*1000,"") -> 9.0502339 | N16: 12938 | O16: =IFERROR(IF(OR(N16="",ISBLANK(INDIRECT("'"&$Q$2&"'!N"&ROW()))),"",N16-INDIRECT("'"&$Q$2&"'!N"&ROW())),"") -> 36 | S16: =IFERROR(IF(ISBLANK(INDIRECT("'"&$Q$2&"'!G"&ROW())),"",INDIRECT("'"&$Q$2&"'!G"&ROW())),"") -> -0.12402015 | T16: =IF(OR($G16="",$S16=""),"",$G16-$S16) -> 0.48135444 | U16: =IFERROR(IF(ISBLANK(INDIRECT("'"&$Q$2&"'!K"&ROW())),"",INDIRECT("'"&$Q$2&"'!K"&ROW())),"") -> -0.27772228 | V16: =IF(OR($K16="",$U16=""),"",$K16-$U16) -> 0.7549007 | W16: =IFERROR(IF(ISBLANK(INDIRECT("'"&$Q$2&"'!O"&ROW())),"",INDIRECT("'"&$Q$2&"'!O"&ROW())),"") -> 89 | X16: =IF(OR($O16="",$W16=""),"",$O16-$W16) -> -53
... A29: ВКонтакте | B29: Морошка | C29: 10 | D29: 15009 | E29: =IF($D29="","",IFERROR(IF(ISBLANK(INDIRECT("'"&$Q$2&"'!D"&ROW())),"",INDIRECT("'"&$Q$2&"'!D"&ROW())),"")) -> 26347 | F29: =IF(OR(D29="",E29=""),"",D29-E29) -> -11338 | G29: =IFERROR(F29/E29,"") -> -0.43033362 | H29: 177 | I29: =IF($H29="","",IFERROR(IF(ISBLANK(INDIRECT("'"&$Q$2&"'!H"&ROW())),"",INDIRECT("'"&$Q$2&"'!H"&ROW())),"")) -> 363 | J29: =IF(OR(H29="",I29=""),"",H29-I29) -> -186 | K29: =IFERROR(J29/I29,"") -> -0.51239669 | L29: =IFERROR(D29/C29,"") -> 1500.9 | M29: =IFERROR(H29/D29*1000,"") -> 11.792924 | N29: 9872 | O29: =IFERROR(IF(OR(N29="",ISBLANK(INDIRECT("'"&$Q$2&"'!N"&ROW()))),"",N29-INDIRECT("'"&$Q$2&"'!N"&ROW())),"") -> 113 | S29: =IFERROR(IF(ISBLANK(INDIRECT("'"&$Q$2&"'!G"&ROW())),"",INDIRECT("'"&$Q$2&"'!G"&ROW())),"") -> 1.4565967 | T29: =IF(OR($G29="",$S29=""),"",$G29-$S29) -> -1.8869304 | U29: =IFERROR(IF(ISBLANK(INDIRECT("'"&$Q$2&"'!K"&ROW())),"",INDIRECT("'"&$Q$2&"'!K"&ROW())),"") -> 0.43478261 | V29: =IF(OR($K29="",$U29=""),"",$K29-$U29) -> -0.9471793 | W29: =IFERROR(IF(ISBLANK(INDIRECT("'"&$Q$2&"'!O"&ROW())),"",INDIRECT("'"&$Q$2&"'!O"&ROW())),"") -> 134 | X29: =IF(OR($O29="",$W29=""),"",$O29-$W29) -> -21
B30: Итого ВКонтакте | C30: =SUM(C3:C29) -> 1808 | D30: =SUM(D3:D29) -> 4157980 | E30: =SUM(E3:E29) -> 5072194 | F30: =SUM(F3:F29) -> -914214 | G30: =IF(C30=0,"",IFERROR(F30/E30,"")) -> -0.18024035 | H30: =SUM(H3:H29) -> 30049 | I30: =SUM(I3:I29) -> 33669 | J30: =SUM(J3:J29) -> -3620 | K30: =IF(C30=0,"",IFERROR(J30/I30,"")) -> -0.1075173 | L30: =IFERROR(D30/C30,"") -> 2299.7677 | M30: =IFERROR(H30/D30*1000,"") -> 7.2268265 | N30: =SUM(N3:N29) -> 467357 | O30: =SUM(O3:O29) -> 1035 | S30: =IFERROR(IF(ISBLANK(INDIRECT("'"&$Q$2&"'!G"&ROW())),"",INDIRECT("'"&$Q$2&"'!G"&ROW())),"") -> 0.18691152 | T30: =IF(OR($G30="",$S30=""),"",$G30-$S30) -> -0.36715187 | U30: =IFERROR(IF(ISBLANK(INDIRECT("'"&$Q$2&"'!K"&ROW())),"",INDIRECT("'"&$Q$2&"'!K"&ROW())),"") -> 0.12578995 | V30: =IF(OR($K30="",$U30=""),"",$K30-$U30) -> -0.23330725 | W30: =IFERROR(IF(ISBLANK(INDIRECT("'"&$Q$2&"'!O"&ROW())),"",INDIRECT("'"&$Q$2&"'!O"&ROW())),"") -> 1041 | X30: =IF(OR(C30=0,$O30="",$W30=""),"",$O30-$W30) -> -6
A31: Одноклассники | B31: Ямал-Медиа | C31: 117 | D31: 35824 | E31: =IF($D31="","",IFERROR(IF(ISBLANK(INDIRECT("'"&$Q$2&"'!D"&ROW())),"",INDIRECT("'"&$Q$2&"'!D"&ROW())),"")) -> 29953 | F31: =IF(OR(D31="",E31=""),"",D31-E31) -> 5871 | G31: =IFERROR(F31/E31,"") -> 0.19600708 | H31: 109 | I31: =IF($H31="","",IFERROR(IF(ISBLANK(INDIRECT("'"&$Q$2&"'!H"&ROW())),"",INDIRECT("'"&$Q$2&"'!H"&ROW())),"")) -> 158 | J31: =IF(OR(H31="",I31=""),"",H31-I31) -> -49 | K31: =IFERROR(J31/I31,"") -> -0.31012658 | L31: =IFERROR(D31/C31,"") -> 306.18803 | M31: =IFERROR(H31/D31*1000,"") -> 3.042653 | N31: 32496 | O31: =IFERROR(IF(OR(N31="",ISBLANK(INDIRECT("'"&$Q$2&"'!N"&ROW()))),"",N31-INDIRECT("'"&$Q$2&"'!N"&ROW())),"") -> 3 | S31: =IFERROR(IF(ISBLANK(INDIRECT("'"&$Q$2&"'!G"&ROW())),"",INDIRECT("'"&$Q$2&"'!G"&ROW())),"") -> 0.19391741 | T31: =IF(OR($G31="",$S31=""),"",$G31-$S31) -> 0.002089667 | U31: =IFERROR(IF(ISBLANK(INDIRECT("'"&$Q$2&"'!K"&ROW())),"",INDIRECT("'"&$Q$2&"'!K"&ROW())),"") -> 0.41071429 | V31: =IF(OR($K31="",$U31=""),"",$K31-$U31) -> -0.72084087 | W31: =IFERROR(IF(ISBLANK(INDIRECT("'"&$Q$2&"'!O"&ROW())),"",INDIRECT("'"&$Q$2&"'!O"&ROW())),"") -> 2 | X31: =IF(OR($O31="",$W31=""),"",$O31-$W31) -> 1
A32: Одноклассники | B32: Север-Пресс | C32: 108 | D32: 234396 | E32: =IF($D32="","",IFERROR(IF(ISBLANK(INDIRECT("'"&$Q$2&"'!D"&ROW())),"",INDIRECT("'"&$Q$2&"'!D"&ROW())),"")) -> 35196 | F32: =IF(OR(D32="",E32=""),"",D32-E32) -> 199200 | G32: =IFERROR(F32/E32,"") -> 5.6597341 | H32: 54 | I32: =IF($H32="","",IFERROR(IF(ISBLANK(INDIRECT("'"&$Q$2&"'!H"&ROW())),"",INDIRECT("'"&$Q$2&"'!H"&ROW())),"")) -> 30 | J32: =IF(OR(H32="",I32=""),"",H32-I32) -> 24 | K32: =IFERROR(J32/I32,"") -> 0.8 | L32: =IFERROR(D32/C32,"") -> 2170.3333 | M32: =IFERROR(H32/D32*1000,"") -> 0.23037936 | N32: 21745 | O32: =IFERROR(IF(OR(N32="",ISBLANK(INDIRECT("'"&$Q$2&"'!N"&ROW()))),"",N32-INDIRECT("'"&$Q$2&"'!N"&ROW())),"") -> 6 | S32: =IFERROR(IF(ISBLANK(INDIRECT("'"&$Q$2&"'!G"&ROW())),"",INDIRECT("'"&$Q$2&"'!G"&ROW())),"") -> 0.13072252 | T32: =IF(OR($G32="",$S32=""),"",$G32-$S32) -> 5.5290115 | U32: =IFERROR(IF(ISBLANK(INDIRECT("'"&$Q$2&"'!K"&ROW())),"",INDIRECT("'"&$Q$2&"'!K"&ROW())),"") -> -0.14285714 | V32: =IF(OR($K32="",$U32=""),"",$K32-$U32) -> 0.94285714 | W32: =IFERROR(IF(ISBLANK(INDIRECT("'"&$Q$2&"'!O"&ROW())),"",INDIRECT("'"&$Q$2&"'!O"&ROW())),"") -> 1 | X32: =IF(OR($O32="",$W32=""),"",$O32-$W32) -> 5
A33: Одноклассники | B33: Красный Север | C33: 76 | D33: 20354 | E33: =IF($D33="","",IFERROR(IF(ISBLANK(INDIRECT("'"&$Q$2&"'!D"&ROW())),"",INDIRECT("'"&$Q$2&"'!D"&ROW())),"")) -> 24690 | F33: =IF(OR(D33="",E33=""),"",D33-E33) -> -4336 | G33: =IFERROR(F33/E33,"") -> -0.17561766 | H33: 8 | I33: =IF($H33="","",IFERROR(IF(ISBLANK(INDIRECT("'"&$Q$2&"'!H"&ROW())),"",INDIRECT("'"&$Q$2&"'!H"&ROW())),"")) -> 20 | J33: =IF(OR(H33="",I33=""),"",H33-I33) -> -12 | K33: =IFERROR(J33/I33,"") -> -0.6 | L33: =IFERROR(D33/C33,"") -> 267.81579 | M33: =IFERROR(H33/D33*1000,"") -> 0.39304314 | N33: 8964 | O33: =IFERROR(IF(OR(N33="",ISBLANK(INDIRECT("'"&$Q$2&"'!N"&ROW()))),"",N33-INDIRECT("'"&$Q$2&"'!N"&ROW())),"") -> 0 | S33: =IFERROR(IF(ISBLANK(INDIRECT("'"&$Q$2&"'!G"&ROW())),"",INDIRECT("'"&$Q$2&"'!G"&ROW())),"") -> 0.0014602093 | T33: =IF(OR($G33="",$S33=""),"",$G33-$S33) -> -0.17707787 | U33: =IFERROR(IF(ISBLANK(INDIRECT("'"&$Q$2&"'!K"&ROW())),"",INDIRECT("'"&$Q$2&"'!K"&ROW())),"") -> 0.11111111 | V33: =IF(OR($K33="",$U33=""),"",$K33-$U33) -> -0.71111111 | W33: =IFERROR(IF(ISBLANK(INDIRECT("'"&$Q$2&"'!O"&ROW())),"",INDIRECT("'"&$Q$2&"'!O"&ROW())),"") -> 6 | X33: =IF(OR($O33="",$W33=""),"",$O33-$W33) -> -6
A34: Одноклассники | B34: Новый Уренгой | C34: 81 | D34: 742 | E34: =IF($D34="","",IFERROR(IF(ISBLANK(INDIRECT("'"&$Q$2&"'!D"&ROW())),"",INDIRECT("'"&$Q$2&"'!D"&ROW())),"")) -> 583 | F34: =IF(OR(D34="",E34=""),"",D34-E34) -> 159 | G34: =IFERROR(F34/E34,"") -> 0.27272727 | H34: 0 | I34: =IF($H34="","",IFERROR(IF(ISBLANK(INDIRECT("'"&$Q$2&"'!H"&ROW())),"",INDIRECT("'"&$Q$2&"'!H"&ROW())),"")) -> 0 | J34: =IF(OR(H34="",I34=""),"",H34-I34) -> 0 | K34: =IFERROR(J34/I34,"") | L34: =IFERROR(D34/C34,"") -> 9.1604938 | M34: =IFERROR(H34/D34*1000,"") -> 0 | N34: 6 | O34: =IFERROR(IF(OR(N34="",ISBLANK(INDIRECT("'"&$Q$2&"'!N"&ROW()))),"",N34-INDIRECT("'"&$Q$2&"'!N"&ROW())),"") -> 0 | S34: =IFERROR(IF(ISBLANK(INDIRECT("'"&$Q$2&"'!G"&ROW())),"",INDIRECT("'"&$Q$2&"'!G"&ROW())),"") -> -0.034768212 | T34: =IF(OR($G34="",$S34=""),"",$G34-$S34) -> 0.30749548 | U34: =IFERROR(IF(ISBLANK(INDIRECT("'"&$Q$2&"'!K"&ROW())),"",INDIRECT("'"&$Q$2&"'!K"&ROW())),"") | V34: =IF(OR($K34="",$U34=""),"",$K34-$U34) | W34: =IFERROR(IF(ISBLANK(INDIRECT("'"&$Q$2&"'!O"&ROW())),"",INDIRECT("'"&$Q$2&"'!O"&ROW())),"") -> 0 | X34: =IF(OR($O34="",$W34=""),"",$O34-$W34) -> 0
A35: Одноклассники | B35: Надым | C35: 74 | D35: 8077 | E35: =IF($D35="","",IFERROR(IF(ISBLANK(INDIRECT("'"&$Q$2&"'!D"&ROW())),"",INDIRECT("'"&$Q$2&"'!D"&ROW())),"")) -> 7094 | F35: =IF(OR(D35="",E35=""),"",D35-E35) -> 983 | G35: =IFERROR(F35/E35,"") -> 0.1385678 | H35: 93 | I35: =IF($H35="","",IFERROR(IF(ISBLANK(INDIRECT("'"&$Q$2&"'!H"&ROW())),"",INDIRECT("'"&$Q$2&"'!H"&ROW())),"")) -> 72 | J35: =IF(OR(H35="",I35=""),"",H35-I35) -> 21 | K35: =IFERROR(J35/I35,"") -> 0.29166667 | L35: =IFERROR(D35/C35,"") -> 109.14865 | M35: =IFERROR(H35/D35*1000,"") -> 11.514176 | N35: 1945 | O35: =IFERROR(IF(OR(N35="",ISBLANK(INDIRECT("'"&$Q$2&"'!N"&ROW()))),"",N35-INDIRECT("'"&$Q$2&"'!N"&ROW())),"") -> 2 | S35: =IFERROR(IF(ISBLANK(INDIRECT("'"&$Q$2&"'!G"&ROW())),"",INDIRECT("'"&$Q$2&"'!G"&ROW())),"") -> -0.19923242 | T35: =IF(OR($G35="",$S35=""),"",$G35-$S35) -> 0.33780022 | U35: =IFERROR(IF(ISBLANK(INDIRECT("'"&$Q$2&"'!K"&ROW())),"",INDIRECT("'"&$Q$2&"'!K"&ROW())),"") -> 0.028571429 | V35: =IF(OR($K35="",$U35=""),"",$K35-$U35) -> 0.26309524 | W35: =IFERROR(IF(ISBLANK(INDIRECT("'"&$Q$2&"'!O"&ROW())),"",INDIRECT("'"&$Q$2&"'!O"&ROW())),"") -> 2 | X35: =IF(OR($O35="",$W35=""),"",$O35-$W35) -> 0
A36: Одноклассники | B36: Ноябрьск | C36: 81 | D36: 27190 | E36: =IF($D36="","",IFERROR(IF(ISBLANK(INDIRECT("'"&$Q$2&"'!D"&ROW())),"",INDIRECT("'"&$Q$2&"'!D"&ROW())),"")) -> 35834 | F36: =IF(OR(D36="",E36=""),"",D36-E36) -> -8644 | G36: =IFERROR(F36/E36,"") -> -0.24122342 | H36: 374 | I36: =IF($H36="","",IFERROR(IF(ISBLANK(INDIRECT("'"&$Q$2&"'!H"&ROW())),"",INDIRECT("'"&$Q$2&"'!H"&ROW())),"")) -> 491 | J36: =IF(OR(H36="",I36=""),"",H36-I36) -> -117 | K36: =IFERROR(J36/I36,"") -> -0.23828921 | L36: =IFERROR(D36/C36,"") -> 335.67901 | M36: =IFERROR(H36/D36*1000,"") -> 13.755057 | N36: 5902 | O36: =IFERROR(IF(OR(N36="",ISBLANK(INDIRECT("'"&$Q$2&"'!N"&ROW()))),"",N36-INDIRECT("'"&$Q$2&"'!N"&ROW())),"") -> 6 | S36: =IFERROR(IF(ISBLANK(INDIRECT("'"&$Q$2&"'!G"&ROW())),"",INDIRECT("'"&$Q$2&"'!G"&ROW())),"") | T36: =IF(OR($G36="",$S36=""),"",$G36-$S36) | U36: =IFERROR(IF(ISBLANK(INDIRECT("'"&$Q$2&"'!K"&ROW())),"",INDIRECT("'"&$Q$2&"'!K"&ROW())),"") | V36: =IF(OR($K36="",$U36=""),"",$K36-$U36) | W36: =IFERROR(IF(ISBLANK(INDIRECT("'"&$Q$2&"'!O"&ROW())),"",INDIRECT("'"&$Q$2&"'!O"&ROW())),"") | X36: =IF(OR($O36="",$W36=""),"",$O36-$W36)
A37: Одноклассники | B37: Салехард | C37: 129 | D37: 5941 | E37: =IF($D37="","",IFERROR(IF(ISBLANK(INDIRECT("'"&$Q$2&"'!D"&ROW())),"",INDIRECT("'"&$Q$2&"'!D"&ROW())),"")) -> 7921 | F37: =IF(OR(D37="",E37=""),"",D37-E37) -> -1980 | G37: =IFERROR(F37/E37,"") -> -0.24996844 | H37: 68 | I37: =IF($H37="","",IFERROR(IF(ISBLANK(INDIRECT("'"&$Q$2&"'!H"&ROW())),"",INDIRECT("'"&$Q$2&"'!H"&ROW())),"")) -> 96 | J37: =IF(OR(H37="",I37=""),"",H37-I37) -> -28 | K37: =IFERROR(J37/I37,"") -> -0.29166667 | L37: =IFERROR(D37/C37,"") -> 46.054264 | M37: =IFERROR(H37/D37*1000,"") -> 11.445885 | N37: 3240 | O37: =IFERROR(IF(OR(N37="",ISBLANK(INDIRECT("'"&$Q$2&"'!N"&ROW()))),"",N37-INDIRECT("'"&$Q$2&"'!N"&ROW())),"") -> 1 | S37: =IFERROR(IF(ISBLANK(INDIRECT("'"&$Q$2&"'!G"&ROW())),"",INDIRECT("'"&$Q$2&"'!G"&ROW())),"") -> 0.41269841 | T37: =IF(OR($G37="",$S37=""),"",$G37-$S37) -> -0.66266685 | U37: =IFERROR(IF(ISBLANK(INDIRECT("'"&$Q$2&"'!K"&ROW())),"",INDIRECT("'"&$Q$2&"'!K"&ROW())),"") -> 4.3333333 | V37: =IF(OR($K37="",$U37=""),"",$K37-$U37) -> -4.625 | W37: =IFERROR(IF(ISBLANK(INDIRECT("'"&$Q$2&"'!O"&ROW())),"",INDIRECT("'"&$Q$2&"'!O"&ROW())),"") -> 1 | X37: =IF(OR($O37="",$W37=""),"",$O37-$W37) -> 0
A38: Одноклассники | B38: Приуралье | C38: 92 | D38: 7964 | E38: =IF($D38="","",IFERROR(IF(ISBLANK(INDIRECT("'"&$Q$2&"'!D"&ROW())),"",INDIRECT("'"&$Q$2&"'!D"&ROW())),"")) -> 10012 | F38: =IF(OR(D38="",E38=""),"",D38-E38) -> -2048 | G38: =IFERROR(F38/E38,"") -> -0.20455453 | H38: 201 | I38: =IF($H38="","",IFERROR(IF(ISBLANK(INDIRECT("'"&$Q$2&"'!H"&ROW())),"",INDIRECT("'"&$Q$2&"'!H"&ROW())),"")) -> 273 | J38: =IF(OR(H38="",I38=""),"",H38-I38) -> -72 | K38: =IFERROR(J38/I38,"") -> -0.26373626 | L38: =IFERROR(D38/C38,"") -> 86.565217 | M38: =IFERROR(H38/D38*1000,"") -> 25.238574 | N38: 1724 | O38: =IFERROR(IF(OR(N38="",ISBLANK(INDIRECT("'"&$Q$2&"'!N"&ROW()))),"",N38-INDIRECT("'"&$Q$2&"'!N"&ROW())),"") -> 8 | S38: =IFERROR(IF(ISBLANK(INDIRECT("'"&$Q$2&"'!G"&ROW())),"",INDIRECT("'"&$Q$2&"'!G"&ROW())),"") -> 0.094088078 | T38: =IF(OR($G38="",$S38=""),"",$G38-$S38) -> -0.29864261 | U38: =IFERROR(IF(ISBLANK(INDIRECT("'"&$Q$2&"'!K"&ROW())),"",INDIRECT("'"&$Q$2&"'!K"&ROW())),"") -> 0.80794702 | V38: =IF(OR($K38="",$U38=""),"",$K38-$U38) -> -1.0716833 | W38: =IFERROR(IF(ISBLANK(INDIRECT("'"&$Q$2&"'!O"&ROW())),"",INDIRECT("'"&$Q$2&"'!O"&ROW())),"") -> 5 | X38: =IF(OR($O38="",$W38=""),"",$O38-$W38) -> 3
A39: Одноклассники | B39: Лабытнанги | C39: 56 | D39: 4837 | E39: =IF($D39="","",IFERROR(IF(ISBLANK(INDIRECT("'"&$Q$2&"'!D"&ROW())),"",INDIRECT("'"&$Q$2&"'!D"&ROW())),"")) -> 4149 | F39: =IF(OR(D39="",E39=""),"",D39-E39) -> 688 | G39: =IFERROR(F39/E39,"") -> 0.16582309 | H39: 18 | I39: =IF($H39="","",IFERROR(IF(ISBLANK(INDIRECT("'"&$Q$2&"'!H"&ROW())),"",INDIRECT("'"&$Q$2&"'!H"&ROW())),"")) -> 2 | J39: =IF(OR(H39="",I39=""),"",H39-I39) -> 16 | K39: =IFERROR(J39/I39,"") -> 8 | L39: =IFERROR(D39/C39,"") -> 86.375 | M39: =IFERROR(H39/D39*1000,"") -> 3.7213149 | N39: 227 | O39: =IFERROR(IF(OR(N39="",ISBLANK(INDIRECT("'"&$Q$2&"'!N"&ROW()))),"",N39-INDIRECT("'"&$Q$2&"'!N"&ROW())),"") -> 1 | S39: =IFERROR(IF(ISBLANK(INDIRECT("'"&$Q$2&"'!G"&ROW())),"",INDIRECT("'"&$Q$2&"'!G"&ROW())),"") -> -0.0095488183 | T39: =IF(OR($G39="",$S39=""),"",$G39-$S39) -> 0.17537191 | U39: =IFERROR(IF(ISBLANK(INDIRECT("'"&$Q$2&"'!K"&ROW())),"",INDIRECT("'"&$Q$2&"'!K"&ROW())),"") -> -0.33333333 | V39: =IF(OR($K39="",$U39=""),"",$K39-$U39) -> 8.3333333 | W39: =IFERROR(IF(ISBLANK(INDIRECT("'"&$Q$2&"'!O"&ROW())),"",INDIRECT("'"&$Q$2&"'!O"&ROW())),"") -> 1 | X39: =IF(OR($O39="",$W39=""),"",$O39-$W39) -> 0
A40: Одноклассники | B40: Пуровский | C40: 47 | D40: 4555 | E40: =IF($D40="","",IFERROR(IF(ISBLANK(INDIRECT("'"&$Q$2&"'!D"&ROW())),"",INDIRECT("'"&$Q$2&"'!D"&ROW())),"")) -> 4445 | F40: =IF(OR(D40="",E40=""),"",D40-E40) -> 110 | G40: =IFERROR(F40/E40,"") -> 0.024746907 | H40: 49 | I40: =IF($H40="","",IFERROR(IF(ISBLANK(INDIRECT("'"&$Q$2&"'!H"&ROW())),"",INDIRECT("'"&$Q$2&"'!H"&ROW())),"")) -> 51 | J40: =IF(OR(H40="",I40=""),"",H40-I40) -> -2 | K40: =IFERROR(J40/I40,"") -> -0.039215686 | L40: =IFERROR(D40/C40,"") -> 96.914894 | M40: =IFERROR(H40/D40*1000,"") -> 10.757409 | N40: 4962 | O40: =IFERROR(IF(OR(N40="",ISBLANK(INDIRECT("'"&$Q$2&"'!N"&ROW()))),"",N40-INDIRECT("'"&$Q$2&"'!N"&ROW())),"") -> 0 | S40: =IFERROR(IF(ISBLANK(INDIRECT("'"&$Q$2&"'!G"&ROW())),"",INDIRECT("'"&$Q$2&"'!G"&ROW())),"") | T40: =IF(OR($G40="",$S40=""),"",$G40-$S40) | U40: =IFERROR(IF(ISBLANK(INDIRECT("'"&$Q$2&"'!K"&ROW())),"",INDIRECT("'"&$Q$2&"'!K"&ROW())),"") | V40: =IF(OR($K40="",$U40=""),"",$K40-$U40) | W40: =IFERROR(IF(ISBLANK(INDIRECT("'"&$Q$2&"'!O"&ROW())),"",INDIRECT("'"&$Q$2&"'!O"&ROW())),"") | X40: =IF(OR($O40="",$W40=""),"",$O40-$W40)
A41: Одноклассники | B41: Тазовский | C41: 51 | D41: 14510 | E41: =IF($D41="","",IFERROR(IF(ISBLANK(INDIRECT("'"&$Q$2&"'!D"&ROW())),"",INDIRECT("'"&$Q$2&"'!D"&ROW())),"")) -> 12178 | F41: =IF(OR(D41="",E41=""),"",D41-E41) -> 2332 | G41: =IFERROR(F41/E41,"") -> 0.19149286 | H41: 203 | I41: =IF($H41="","",IFERROR(IF(ISBLANK(INDIRECT("'"&$Q$2&"'!H"&ROW())),"",INDIRECT("'"&$Q$2&"'!H"&ROW())),"")) -> 109 | J41: =IF(OR(H41="",I41=""),"",H41-I41) -> 94 | K41: =IFERROR(J41/I41,"") -> 0.86238532 | L41: =IFERROR(D41/C41,"") -> 284.5098 | M41: =IFERROR(H41/D41*1000,"") -> 13.990351 | N41: 3534 | O41: =IFERROR(IF(OR(N41="",ISBLANK(INDIRECT("'"&$Q$2&"'!N"&ROW()))),"",N41-INDIRECT("'"&$Q$2&"'!N"&ROW())),"") -> 2 | S41: =IFERROR(IF(ISBLANK(INDIRECT("'"&$Q$2&"'!G"&ROW())),"",INDIRECT("'"&$Q$2&"'!G"&ROW())),"") -> -0.017110573 | T41: =IF(OR($G41="",$S41=""),"",$G41-$S41) -> 0.20860343 | U41: =IFERROR(IF(ISBLANK(INDIRECT("'"&$Q$2&"'!K"&ROW())),"",INDIRECT("'"&$Q$2&"'!K"&ROW())),"") -> -0.099173554 | V41: =IF(OR($K41="",$U41=""),"",$K41-$U41) -> 0.96155887 | W41: =IFERROR(IF(ISBLANK(INDIRECT("'"&$Q$2&"'!O"&ROW())),"",INDIRECT("'"&$Q$2&"'!O"&ROW())),"") -> 1 | X41: =IF(OR($O41="",$W41=""),"",$O41-$W41) -> 1
A42: Одноклассники | B42: Красноселькуп | C42: 23 | D42: 7493 | E42: =IF($D42="","",IFERROR(IF(ISBLANK(INDIRECT("'"&$Q$2&"'!D"&ROW())),"",INDIRECT("'"&$Q$2&"'!D"&ROW())),"")) -> 5911 | F42: =IF(OR(D42="",E42=""),"",D42-E42) -> 1582 | G42: =IFERROR(F42/E42,"") -> 0.26763661 | H42: 157 | I42: =IF($H42="","",IFERROR(IF(ISBLANK(INDIRECT("'"&$Q$2&"'!H"&ROW())),"",INDIRECT("'"&$Q$2&"'!H"&ROW())),"")) -> 82 | J42: =IF(OR(H42="",I42=""),"",H42-I42) -> 75 | K42: =IFERROR(J42/I42,"") -> 0.91463415 | L42: =IFERROR(D42/C42,"") -> 325.78261 | M42: =IFERROR(H42/D42*1000,"") -> 20.952889 | N42: 657 | O42: =IFERROR(IF(OR(N42="",ISBLANK(INDIRECT("'"&$Q$2&"'!N"&ROW()))),"",N42-INDIRECT("'"&$Q$2&"'!N"&ROW())),"") -> 2 | S42: =IFERROR(IF(ISBLANK(INDIRECT("'"&$Q$2&"'!G"&ROW())),"",INDIRECT("'"&$Q$2&"'!G"&ROW())),"") -> -0.10357901 | T42: =IF(OR($G42="",$S42=""),"",$G42-$S42) -> 0.37121562 | U42: =IFERROR(IF(ISBLANK(INDIRECT("'"&$Q$2&"'!K"&ROW())),"",INDIRECT("'"&$Q$2&"'!K"&ROW())),"") -> -0.012048193 | V42: =IF(OR($K42="",$U42=""),"",$K42-$U42) -> 0.92668234 | W42: =IFERROR(IF(ISBLANK(INDIRECT("'"&$Q$2&"'!O"&ROW())),"",INDIRECT("'"&$Q$2&"'!O"&ROW())),"") -> 2 | X42: =IF(OR($O42="",$W42=""),"",$O42-$W42) -> 0
... A50: Одноклассники | B50: Морошка | C50: 7 | D50: 837 | E50: =IF($D50="","",IFERROR(IF(ISBLANK(INDIRECT("'"&$Q$2&"'!D"&ROW())),"",INDIRECT("'"&$Q$2&"'!D"&ROW())),"")) -> 388 | F50: =IF(OR(D50="",E50=""),"",D50-E50) -> 449 | G50: =IFERROR(F50/E50,"") -> 1.1572165 | H50: 6 | I50: =IF($H50="","",IFERROR(IF(ISBLANK(INDIRECT("'"&$Q$2&"'!H"&ROW())),"",INDIRECT("'"&$Q$2&"'!H"&ROW())),"")) -> 2 | J50: =IF(OR(H50="",I50=""),"",H50-I50) -> 4 | K50: =IFERROR(J50/I50,"") -> 2 | L50: =IFERROR(D50/C50,"") -> 119.57143 | M50: =IFERROR(H50/D50*1000,"") -> 7.1684588 | N50: 44 | O50: =IFERROR(IF(OR(N50="",ISBLANK(INDIRECT("'"&$Q$2&"'!N"&ROW()))),"",N50-INDIRECT("'"&$Q$2&"'!N"&ROW())),"") -> 1 | S50: =IFERROR(IF(ISBLANK(INDIRECT("'"&$Q$2&"'!G"&ROW())),"",INDIRECT("'"&$Q$2&"'!G"&ROW())),"") | T50: =IF(OR($G50="",$S50=""),"",$G50-$S50) | U50: =IFERROR(IF(ISBLANK(INDIRECT("'"&$Q$2&"'!K"&ROW())),"",INDIRECT("'"&$Q$2&"'!K"&ROW())),"") | V50: =IF(OR($K50="",$U50=""),"",$K50-$U50) | W50: =IFERROR(IF(ISBLANK(INDIRECT("'"&$Q$2&"'!O"&ROW())),"",INDIRECT("'"&$Q$2&"'!O"&ROW())),"") | X50: =IF(OR($O50="",$W50=""),"",$O50-$W50)
B51: Итого Одноклассники | C51: =SUM(C31:C50) -> 1386 | D51: =SUM(D31:D50) -> 438012 | E51: =SUM(E31:E50) -> 244021 | F51: =SUM(F31:F50) -> 193991 | G51: =IF(C51=0,"",IFERROR(F51/E51,"")) -> 0.79497666 | H51: =SUM(H31:H50) -> 2376 | I51: =SUM(I31:I50) -> 2293 | J51: =SUM(J31:J50) -> 83 | K51: =IF(C51=0,"",IFERROR(J51/I51,"")) -> 0.036197122 | L51: =IFERROR(D51/C51,"") -> 316.02597 | M51: =IFERROR(H51/D51*1000,"") -> 5.4245089 | N51: =SUM(N31:N50) -> 107120 | O51: =SUM(O31:O50) -> 48 | S51: =IFERROR(IF(ISBLANK(INDIRECT("'"&$Q$2&"'!G"&ROW())),"",INDIRECT("'"&$Q$2&"'!G"&ROW())),"") -> 0.072161355 | T51: =IF(OR($G51="",$S51=""),"",$G51-$S51) -> 0.72281531 | U51: =IFERROR(IF(ISBLANK(INDIRECT("'"&$Q$2&"'!K"&ROW())),"",INDIRECT("'"&$Q$2&"'!K"&ROW())),"") -> 0.17495712 | V51: =IF(OR($K51="",$U51=""),"",$K51-$U51) -> -0.13876 | W51: =IFERROR(IF(ISBLANK(INDIRECT("'"&$Q$2&"'!O"&ROW())),"",INDIRECT("'"&$Q$2&"'!O"&ROW())),"") -> 31 | X51: =IF(OR(C51=0,$O51="",$W51=""),"",$O51-$W51) -> 17
A52: Telegram | B52: Ямал-Медиа | C52: 139 | D52: 36166 | E52: =IF($D52="","",IFERROR(IF(ISBLANK(INDIRECT("'"&$Q$2&"'!D"&ROW())),"",INDIRECT("'"&$Q$2&"'!D"&ROW())),"")) -> 57464 | F52: =IF(OR(D52="",E52=""),"",D52-E52) -> -21298 | G52: =IFERROR(F52/E52,"") -> -0.37063205 | H52: 267 | I52: =IF($H52="","",IFERROR(IF(ISBLANK(INDIRECT("'"&$Q$2&"'!H"&ROW())),"",INDIRECT("'"&$Q$2&"'!H"&ROW())),"")) -> 262 | J52: =IF(OR(H52="",I52=""),"",H52-I52) -> 5 | K52: =IFERROR(J52/I52,"") -> 0.019083969 | L52: =IFERROR(D52/C52,"") -> 260.18705 | M52: =IFERROR(H52/D52*1000,"") -> 7.3826246 | N52: 11727 | O52: =IFERROR(IF(OR(N52="",ISBLANK(INDIRECT("'"&$Q$2&"'!N"&ROW()))),"",N52-INDIRECT("'"&$Q$2&"'!N"&ROW())),"") -> -14 | S52: =IFERROR(IF(ISBLANK(INDIRECT("'"&$Q$2&"'!G"&ROW())),"",INDIRECT("'"&$Q$2&"'!G"&ROW())),"") -> -0.33832301 | T52: =IF(OR($G52="",$S52=""),"",$G52-$S52) -> -0.032309039 | U52: =IFERROR(IF(ISBLANK(INDIRECT("'"&$Q$2&"'!K"&ROW())),"",INDIRECT("'"&$Q$2&"'!K"&ROW())),"") -> 0 | V52: =IF(OR($K52="",$U52=""),"",$K52-$U52) -> 0.019083969 | W52: =IFERROR(IF(ISBLANK(INDIRECT("'"&$Q$2&"'!O"&ROW())),"",INDIRECT("'"&$Q$2&"'!O"&ROW())),"") -> -23 | X52: =IF(OR($O52="",$W52=""),"",$O52-$W52) -> 9
A53: Telegram | B53: Север-Пресс | C53: 130 | D53: 43966 | E53: =IF($D53="","",IFERROR(IF(ISBLANK(INDIRECT("'"&$Q$2&"'!D"&ROW())),"",INDIRECT("'"&$Q$2&"'!D"&ROW())),"")) -> 43678 | F53: =IF(OR(D53="",E53=""),"",D53-E53) -> 288 | G53: =IFERROR(F53/E53,"") -> 0.0065937085 | H53: 41 | I53: =IF($H53="","",IFERROR(IF(ISBLANK(INDIRECT("'"&$Q$2&"'!H"&ROW())),"",INDIRECT("'"&$Q$2&"'!H"&ROW())),"")) -> 41 | J53: =IF(OR(H53="",I53=""),"",H53-I53) -> 0 | K53: =IFERROR(J53/I53,"") -> 0 | L53: =IFERROR(D53/C53,"") -> 338.2 | M53: =IFERROR(H53/D53*1000,"") -> 0.93253878 | N53: 4781 | O53: =IFERROR(IF(OR(N53="",ISBLANK(INDIRECT("'"&$Q$2&"'!N"&ROW()))),"",N53-INDIRECT("'"&$Q$2&"'!N"&ROW())),"") -> -9 | S53: =IFERROR(IF(ISBLANK(INDIRECT("'"&$Q$2&"'!G"&ROW())),"",INDIRECT("'"&$Q$2&"'!G"&ROW())),"") -> 1.7730303 | T53: =IF(OR($G53="",$S53=""),"",$G53-$S53) -> -1.7664366 | U53: =IFERROR(IF(ISBLANK(INDIRECT("'"&$Q$2&"'!K"&ROW())),"",INDIRECT("'"&$Q$2&"'!K"&ROW())),"") -> -0.29310345 | V53: =IF(OR($K53="",$U53=""),"",$K53-$U53) -> 0.29310345 | W53: =IFERROR(IF(ISBLANK(INDIRECT("'"&$Q$2&"'!O"&ROW())),"",INDIRECT("'"&$Q$2&"'!O"&ROW())),"") -> -21 | X53: =IF(OR($O53="",$W53=""),"",$O53-$W53) -> 12
A54: Telegram | B54: Красный Север | C54: 83 | D54: 1844 | E54: =IF($D54="","",IFERROR(IF(ISBLANK(INDIRECT("'"&$Q$2&"'!D"&ROW())),"",INDIRECT("'"&$Q$2&"'!D"&ROW())),"")) -> 1927 | F54: =IF(OR(D54="",E54=""),"",D54-E54) -> -83 | G54: =IFERROR(F54/E54,"") -> -0.043072133 | H54: 5 | I54: =IF($H54="","",IFERROR(IF(ISBLANK(INDIRECT("'"&$Q$2&"'!H"&ROW())),"",INDIRECT("'"&$Q$2&"'!H"&ROW())),"")) -> 2 | J54: =IF(OR(H54="",I54=""),"",H54-I54) -> 3 | K54: =IFERROR(J54/I54,"") -> 1.5 | L54: =IFERROR(D54/C54,"") -> 22.216867 | M54: =IFERROR(H54/D54*1000,"") -> 2.7114967 | N54: 867 | O54: =IFERROR(IF(OR(N54="",ISBLANK(INDIRECT("'"&$Q$2&"'!N"&ROW()))),"",N54-INDIRECT("'"&$Q$2&"'!N"&ROW())),"") -> -1 | S54: =IFERROR(IF(ISBLANK(INDIRECT("'"&$Q$2&"'!G"&ROW())),"",INDIRECT("'"&$Q$2&"'!G"&ROW())),"") -> -0.055854973 | T54: =IF(OR($G54="",$S54=""),"",$G54-$S54) -> 0.01278284 | U54: =IFERROR(IF(ISBLANK(INDIRECT("'"&$Q$2&"'!K"&ROW())),"",INDIRECT("'"&$Q$2&"'!K"&ROW())),"") -> 0 | V54: =IF(OR($K54="",$U54=""),"",$K54-$U54) -> 1.5 | W54: =IFERROR(IF(ISBLANK(INDIRECT("'"&$Q$2&"'!O"&ROW())),"",INDIRECT("'"&$Q$2&"'!O"&ROW())),"") -> -2 | X54: =IF(OR($O54="",$W54=""),"",$O54-$W54) -> 1
A55: Telegram | B55: СМП | C55: 9 | D55: 8837 | E55: =IF($D55="","",IFERROR(IF(ISBLANK(INDIRECT("'"&$Q$2&"'!D"&ROW())),"",INDIRECT("'"&$Q$2&"'!D"&ROW())),"")) -> 6726 | F55: =IF(OR(D55="",E55=""),"",D55-E55) -> 2111 | G55: =IFERROR(F55/E55,"") -> 0.31385668 | H55: 48 | I55: =IF($H55="","",IFERROR(IF(ISBLANK(INDIRECT("'"&$Q$2&"'!H"&ROW())),"",INDIRECT("'"&$Q$2&"'!H"&ROW())),"")) -> 28 | J55: =IF(OR(H55="",I55=""),"",H55-I55) -> 20 | K55: =IFERROR(J55/I55,"") -> 0.71428571 | L55: =IFERROR(D55/C55,"") -> 981.88889 | M55: =IFERROR(H55/D55*1000,"") -> 5.4317076 | N55: 13774 | O55: =IFERROR(IF(OR(N55="",ISBLANK(INDIRECT("'"&$Q$2&"'!N"&ROW()))),"",N55-INDIRECT("'"&$Q$2&"'!N"&ROW())),"") -> -30 | S55: =IFERROR(IF(ISBLANK(INDIRECT("'"&$Q$2&"'!G"&ROW())),"",INDIRECT("'"&$Q$2&"'!G"&ROW())),"") -> 0.044409938 | T55: =IF(OR($G55="",$S55=""),"",$G55-$S55) -> 0.26944674 | U55: =IFERROR(IF(ISBLANK(INDIRECT("'"&$Q$2&"'!K"&ROW())),"",INDIRECT("'"&$Q$2&"'!K"&ROW())),"") -> -0.52542373 | V55: =IF(OR($K55="",$U55=""),"",$K55-$U55) -> 1.2397094 | W55: =IFERROR(IF(ISBLANK(INDIRECT("'"&$Q$2&"'!O"&ROW())),"",INDIRECT("'"&$Q$2&"'!O"&ROW())),"") -> 5 | X55: =IF(OR($O55="",$W55=""),"",$O55-$W55) -> -35
A56: Telegram | B56: СШХ | C56: 7 | D56: 310 | E56: =IF($D56="","",IFERROR(IF(ISBLANK(INDIRECT("'"&$Q$2&"'!D"&ROW())),"",INDIRECT("'"&$Q$2&"'!D"&ROW())),"")) -> 2676 | F56: =IF(OR(D56="",E56=""),"",D56-E56) -> -2366 | G56: =IFERROR(F56/E56,"") -> -0.88415546 | H56: 11 | I56: =IF($H56="","",IFERROR(IF(ISBLANK(INDIRECT("'"&$Q$2&"'!H"&ROW())),"",INDIRECT("'"&$Q$2&"'!H"&ROW())),"")) -> 24 | J56: =IF(OR(H56="",I56=""),"",H56-I56) -> -13 | K56: =IFERROR(J56/I56,"") -> -0.54166667 | L56: =IFERROR(D56/C56,"") -> 44.285714 | M56: =IFERROR(H56/D56*1000,"") -> 35.483871 | N56: 8643 | O56: =IFERROR(IF(OR(N56="",ISBLANK(INDIRECT("'"&$Q$2&"'!N"&ROW()))),"",N56-INDIRECT("'"&$Q$2&"'!N"&ROW())),"") -> -10 | S56: =IFERROR(IF(ISBLANK(INDIRECT("'"&$Q$2&"'!G"&ROW())),"",INDIRECT("'"&$Q$2&"'!G"&ROW())),"") -> 0.17471466 | T56: =IF(OR($G56="",$S56=""),"",$G56-$S56) -> -1.0588701 | U56: =IFERROR(IF(ISBLANK(INDIRECT("'"&$Q$2&"'!K"&ROW())),"",INDIRECT("'"&$Q$2&"'!K"&ROW())),"") -> 1 | V56: =IF(OR($K56="",$U56=""),"",$K56-$U56) -> -1.5416667 | W56: =IFERROR(IF(ISBLANK(INDIRECT("'"&$Q$2&"'!O"&ROW())),"",INDIRECT("'"&$Q$2&"'!O"&ROW())),"") -> -5 | X56: =IF(OR($O56="",$W56=""),"",$O56-$W56) -> -5
A57: Telegram | B57: Новый Уренгой | C57: 111 | D57: 65072 | E57: =IF($D57="","",IFERROR(IF(ISBLANK(INDIRECT("'"&$Q$2&"'!D"&ROW())),"",INDIRECT("'"&$Q$2&"'!D"&ROW())),"")) -> 53833 | F57: =IF(OR(D57="",E57=""),"",D57-E57) -> 11239 | G57: =IFERROR(F57/E57,"") -> 0.20877529 | H57: 255 | I57: =IF($H57="","",IFERROR(IF(ISBLANK(INDIRECT("'"&$Q$2&"'!H"&ROW())),"",INDIRECT("'"&$Q$2&"'!H"&ROW())),"")) -> 201 | J57: =IF(OR(H57="",I57=""),"",H57-I57) -> 54 | K57: =IFERROR(J57/I57,"") -> 0.26865672 | L57: =IFERROR(D57/C57,"") -> 586.23423 | M57: =IFERROR(H57/D57*1000,"") -> 3.9187362 | N57: 10852 | O57: =IFERROR(IF(OR(N57="",ISBLANK(INDIRECT("'"&$Q$2&"'!N"&ROW()))),"",N57-INDIRECT("'"&$Q$2&"'!N"&ROW())),"") -> -12 | S57: =IFERROR(IF(ISBLANK(INDIRECT("'"&$Q$2&"'!G"&ROW())),"",INDIRECT("'"&$Q$2&"'!G"&ROW())),"") -> -0.15251649 | T57: =IF(OR($G57="",$S57=""),"",$G57-$S57) -> 0.36129178 | U57: =IFERROR(IF(ISBLANK(INDIRECT("'"&$Q$2&"'!K"&ROW())),"",INDIRECT("'"&$Q$2&"'!K"&ROW())),"") -> -0.19277108 | V57: =IF(OR($K57="",$U57=""),"",$K57-$U57) -> 0.4614278 | W57: =IFERROR(IF(ISBLANK(INDIRECT("'"&$Q$2&"'!O"&ROW())),"",INDIRECT("'"&$Q$2&"'!O"&ROW())),"") -> -17 | X57: =IF(OR($O57="",$W57=""),"",$O57-$W57) -> 5
A58: Telegram | B58: Надым | C58: 89 | D58: 18992 | E58: =IF($D58="","",IFERROR(IF(ISBLANK(INDIRECT("'"&$Q$2&"'!D"&ROW())),"",INDIRECT("'"&$Q$2&"'!D"&ROW())),"")) -> 18052 | F58: =IF(OR(D58="",E58=""),"",D58-E58) -> 940 | G58: =IFERROR(F58/E58,"") -> 0.052071793 | H58: 294 | I58: =IF($H58="","",IFERROR(IF(ISBLANK(INDIRECT("'"&$Q$2&"'!H"&ROW())),"",INDIRECT("'"&$Q$2&"'!H"&ROW())),"")) -> 315 | J58: =IF(OR(H58="",I58=""),"",H58-I58) -> -21 | K58: =IFERROR(J58/I58,"") -> -0.066666667 | L58: =IFERROR(D58/C58,"") -> 213.39326 | M58: =IFERROR(H58/D58*1000,"") -> 15.480202 | N58: 4077 | O58: =IFERROR(IF(OR(N58="",ISBLANK(INDIRECT("'"&$Q$2&"'!N"&ROW()))),"",N58-INDIRECT("'"&$Q$2&"'!N"&ROW())),"") -> -18 | S58: =IFERROR(IF(ISBLANK(INDIRECT("'"&$Q$2&"'!G"&ROW())),"",INDIRECT("'"&$Q$2&"'!G"&ROW())),"") -> -0.16784216 | T58: =IF(OR($G58="",$S58=""),"",$G58-$S58) -> 0.21991395 | U58: =IFERROR(IF(ISBLANK(INDIRECT("'"&$Q$2&"'!K"&ROW())),"",INDIRECT("'"&$Q$2&"'!K"&ROW())),"") -> -0.12256267 | V58: =IF(OR($K58="",$U58=""),"",$K58-$U58) -> 0.055896007 | W58: =IFERROR(IF(ISBLANK(INDIRECT("'"&$Q$2&"'!O"&ROW())),"",INDIRECT("'"&$Q$2&"'!O"&ROW())),"") -> -6 | X58: =IF(OR($O58="",$W58=""),"",$O58-$W58) -> -12
A59: Telegram | B59: Ноябрьск | C59: 92 | D59: 30303 | E59: =IF($D59="","",IFERROR(IF(ISBLANK(INDIRECT("'"&$Q$2&"'!D"&ROW())),"",INDIRECT("'"&$Q$2&"'!D"&ROW())),"")) -> 29628 | F59: =IF(OR(D59="",E59=""),"",D59-E59) -> 675 | G59: =IFERROR(F59/E59,"") -> 0.022782503 | H59: 212 | I59: =IF($H59="","",IFERROR(IF(ISBLANK(INDIRECT("'"&$Q$2&"'!H"&ROW())),"",INDIRECT("'"&$Q$2&"'!H"&ROW())),"")) -> 148 | J59: =IF(OR(H59="",I59=""),"",H59-I59) -> 64 | K59: =IFERROR(J59/I59,"") -> 0.43243243 | L59: =IFERROR(D59/C59,"") -> 329.38043 | M59: =IFERROR(H59/D59*1000,"") -> 6.996007 | N59: 5495 | O59: =IFERROR(IF(OR(N59="",ISBLANK(INDIRECT("'"&$Q$2&"'!N"&ROW()))),"",N59-INDIRECT("'"&$Q$2&"'!N"&ROW())),"") -> -9 | S59: =IFERROR(IF(ISBLANK(INDIRECT("'"&$Q$2&"'!G"&ROW())),"",INDIRECT("'"&$Q$2&"'!G"&ROW())),"") -> -0.12317254 | T59: =IF(OR($G59="",$S59=""),"",$G59-$S59) -> 0.14595504 | U59: =IFERROR(IF(ISBLANK(INDIRECT("'"&$Q$2&"'!K"&ROW())),"",INDIRECT("'"&$Q$2&"'!K"&ROW())),"") -> -0.42635659 | V59: =IF(OR($K59="",$U59=""),"",$K59-$U59) -> 0.85878902 | W59: =IFERROR(IF(ISBLANK(INDIRECT("'"&$Q$2&"'!O"&ROW())),"",INDIRECT("'"&$Q$2&"'!O"&ROW())),"") -> -15 | X59: =IF(OR($O59="",$W59=""),"",$O59-$W59) -> 6
A60: Telegram | B60: Салехард | C60: 148 | D60: 63579 | E60: =IF($D60="","",IFERROR(IF(ISBLANK(INDIRECT("'"&$Q$2&"'!D"&ROW())),"",INDIRECT("'"&$Q$2&"'!D"&ROW())),"")) -> 89139 | F60: =IF(OR(D60="",E60=""),"",D60-E60) -> -25560 | G60: =IFERROR(F60/E60,"") -> -0.28674318 | H60: 285 | I60: =IF($H60="","",IFERROR(IF(ISBLANK(INDIRECT("'"&$Q$2&"'!H"&ROW())),"",INDIRECT("'"&$Q$2&"'!H"&ROW())),"")) -> 175 | J60: =IF(OR(H60="",I60=""),"",H60-I60) -> 110 | K60: =IFERROR(J60/I60,"") -> 0.62857143 | L60: =IFERROR(D60/C60,"") -> 429.58784 | M60: =IFERROR(H60/D60*1000,"") -> 4.4826122 | N60: 10350 | O60: =IFERROR(IF(OR(N60="",ISBLANK(INDIRECT("'"&$Q$2&"'!N"&ROW()))),"",N60-INDIRECT("'"&$Q$2&"'!N"&ROW())),"") -> -32 | S60: =IFERROR(IF(ISBLANK(INDIRECT("'"&$Q$2&"'!G"&ROW())),"",INDIRECT("'"&$Q$2&"'!G"&ROW())),"") -> 0.44441204 | T60: =IF(OR($G60="",$S60=""),"",$G60-$S60) -> -0.73115521 | U60: =IFERROR(IF(ISBLANK(INDIRECT("'"&$Q$2&"'!K"&ROW())),"",INDIRECT("'"&$Q$2&"'!K"&ROW())),"") -> -0.32692308 | V60: =IF(OR($K60="",$U60=""),"",$K60-$U60) -> 0.95549451 | W60: =IFERROR(IF(ISBLANK(INDIRECT("'"&$Q$2&"'!O"&ROW())),"",INDIRECT("'"&$Q$2&"'!O"&ROW())),"") -> -21 | X60: =IF(OR($O60="",$W60=""),"",$O60-$W60) -> -11
A61: Telegram | B61: Приуралье | C61: 109 | D61: 13159 | E61: =IF($D61="","",IFERROR(IF(ISBLANK(INDIRECT("'"&$Q$2&"'!D"&ROW())),"",INDIRECT("'"&$Q$2&"'!D"&ROW())),"")) -> 12304 | F61: =IF(OR(D61="",E61=""),"",D61-E61) -> 855 | G61: =IFERROR(F61/E61,"") -> 0.069489597 | H61: 237 | I61: =IF($H61="","",IFERROR(IF(ISBLANK(INDIRECT("'"&$Q$2&"'!H"&ROW())),"",INDIRECT("'"&$Q$2&"'!H"&ROW())),"")) -> 180 | J61: =IF(OR(H61="",I61=""),"",H61-I61) -> 57 | K61: =IFERROR(J61/I61,"") -> 0.31666667 | L61: =IFERROR(D61/C61,"") -> 120.72477 | M61: =IFERROR(H61/D61*1000,"") -> 18.010487 | N61: 2310 | O61: =IFERROR(IF(OR(N61="",ISBLANK(INDIRECT("'"&$Q$2&"'!N"&ROW()))),"",N61-INDIRECT("'"&$Q$2&"'!N"&ROW())),"") -> 1 | S61: =IFERROR(IF(ISBLANK(INDIRECT("'"&$Q$2&"'!G"&ROW())),"",INDIRECT("'"&$Q$2&"'!G"&ROW())),"") -> -0.11647278 | T61: =IF(OR($G61="",$S61=""),"",$G61-$S61) -> 0.18596238 | U61: =IFERROR(IF(ISBLANK(INDIRECT("'"&$Q$2&"'!K"&ROW())),"",INDIRECT("'"&$Q$2&"'!K"&ROW())),"") -> 0.097560976 | V61: =IF(OR($K61="",$U61=""),"",$K61-$U61) -> 0.21910569 | W61: =IFERROR(IF(ISBLANK(INDIRECT("'"&$Q$2&"'!O"&ROW())),"",INDIRECT("'"&$Q$2&"'!O"&ROW())),"") -> -3 | X61: =IF(OR($O61="",$W61=""),"",$O61-$W61) -> 4
A62: Telegram | B62: Лабытнанги | C62: 74 | D62: 34484 | E62: =IF($D62="","",IFERROR(IF(ISBLANK(INDIRECT("'"&$Q$2&"'!D"&ROW())),"",INDIRECT("'"&$Q$2&"'!D"&ROW())),"")) -> 4617 | F62: =IF(OR(D62="",E62=""),"",D62-E62) -> 29867 | G62: =IFERROR(F62/E62,"") -> 6.4689192 | H62: 72 | I62: =IF($H62="","",IFERROR(IF(ISBLANK(INDIRECT("'"&$Q$2&"'!H"&ROW())),"",INDIRECT("'"&$Q$2&"'!H"&ROW())),"")) -> 25 | J62: =IF(OR(H62="",I62=""),"",H62-I62) -> 47 | K62: =IFERROR(J62/I62,"") -> 1.88 | L62: =IFERROR(D62/C62,"") -> 466 | M62: =IFERROR(H62/D62*1000,"") -> 2.0879248 | N62: 1366 | O62: =IFERROR(IF(OR(N62="",ISBLANK(INDIRECT("'"&$Q$2&"'!N"&ROW()))),"",N62-INDIRECT("'"&$Q$2&"'!N"&ROW())),"") -> -3 | S62: =IFERROR(IF(ISBLANK(INDIRECT("'"&$Q$2&"'!G"&ROW())),"",INDIRECT("'"&$Q$2&"'!G"&ROW())),"") -> -0.12006861 | T62: =IF(OR($G62="",$S62=""),"",$G62-$S62) -> 6.5889878 | U62: =IFERROR(IF(ISBLANK(INDIRECT("'"&$Q$2&"'!K"&ROW())),"",INDIRECT("'"&$Q$2&"'!K"&ROW())),"") -> 0.38888889 | V62: =IF(OR($K62="",$U62=""),"",$K62-$U62) -> 1.4911111 | W62: =IFERROR(IF(ISBLANK(INDIRECT("'"&$Q$2&"'!O"&ROW())),"",INDIRECT("'"&$Q$2&"'!O"&ROW())),"") -> -3 | X62: =IF(OR($O62="",$W62=""),"",$O62-$W62) -> 0
A63: Telegram | B63: Пуровский | C63: 59 | D63: 18230 | E63: =IF($D63="","",IFERROR(IF(ISBLANK(INDIRECT("'"&$Q$2&"'!D"&ROW())),"",INDIRECT("'"&$Q$2&"'!D"&ROW())),"")) -> 17338 | F63: =IF(OR(D63="",E63=""),"",D63-E63) -> 892 | G63: =IFERROR(F63/E63,"") -> 0.051447687 | H63: 33 | I63: =IF($H63="","",IFERROR(IF(ISBLANK(INDIRECT("'"&$Q$2&"'!H"&ROW())),"",INDIRECT("'"&$Q$2&"'!H"&ROW())),"")) -> 41 | J63: =IF(OR(H63="",I63=""),"",H63-I63) -> -8 | K63: =IFERROR(J63/I63,"") -> -0.19512195 | L63: =IFERROR(D63/C63,"") -> 308.98305 | M63: =IFERROR(H63/D63*1000,"") -> 1.810203 | N63: 5593 | O63: =IFERROR(IF(OR(N63="",ISBLANK(INDIRECT("'"&$Q$2&"'!N"&ROW()))),"",N63-INDIRECT("'"&$Q$2&"'!N"&ROW())),"") -> -24 | S63: =IFERROR(IF(ISBLANK(INDIRECT("'"&$Q$2&"'!G"&ROW())),"",INDIRECT("'"&$Q$2&"'!G"&ROW())),"") -> -0.11940678 | T63: =IF(OR($G63="",$S63=""),"",$G63-$S63) -> 0.17085446 | U63: =IFERROR(IF(ISBLANK(INDIRECT("'"&$Q$2&"'!K"&ROW())),"",INDIRECT("'"&$Q$2&"'!K"&ROW())),"") -> -0.29310345 | V63: =IF(OR($K63="",$U63=""),"",$K63-$U63) -> 0.097981497 | W63: =IFERROR(IF(ISBLANK(INDIRECT("'"&$Q$2&"'!O"&ROW())),"",INDIRECT("'"&$Q$2&"'!O"&ROW())),"") -> -17 | X63: =IF(OR($O63="",$W63=""),"",$O63-$W63) -> -7
... A73: Telegram | B73: Морошка | C73: 8 | D73: 2650 | E73: =IF($D73="","",IFERROR(IF(ISBLANK(INDIRECT("'"&$Q$2&"'!D"&ROW())),"",INDIRECT("'"&$Q$2&"'!D"&ROW())),"")) -> 1066 | F73: =IF(OR(D73="",E73=""),"",D73-E73) -> 1584 | G73: =IFERROR(F73/E73,"") -> 1.4859287 | H73: 16 | I73: =IF($H73="","",IFERROR(IF(ISBLANK(INDIRECT("'"&$Q$2&"'!H"&ROW())),"",INDIRECT("'"&$Q$2&"'!H"&ROW())),"")) -> 22 | J73: =IF(OR(H73="",I73=""),"",H73-I73) -> -6 | K73: =IFERROR(J73/I73,"") -> -0.27272727 | L73: =IFERROR(D73/C73,"") -> 331.25 | M73: =IFERROR(H73/D73*1000,"") -> 6.0377358 | N73: 58 | O73: =IFERROR(IF(OR(N73="",ISBLANK(INDIRECT("'"&$Q$2&"'!N"&ROW()))),"",N73-INDIRECT("'"&$Q$2&"'!N"&ROW())),"") -> 2 | S73: =IFERROR(IF(ISBLANK(INDIRECT("'"&$Q$2&"'!G"&ROW())),"",INDIRECT("'"&$Q$2&"'!G"&ROW())),"") -> -0.42253521 | T73: =IF(OR($G73="",$S73=""),"",$G73-$S73) -> 1.9084639 | U73: =IFERROR(IF(ISBLANK(INDIRECT("'"&$Q$2&"'!K"&ROW())),"",INDIRECT("'"&$Q$2&"'!K"&ROW())),"") -> -0.46341463 | V73: =IF(OR($K73="",$U73=""),"",$K73-$U73) -> 0.19068736 | W73: =IFERROR(IF(ISBLANK(INDIRECT("'"&$Q$2&"'!O"&ROW())),"",INDIRECT("'"&$Q$2&"'!O"&ROW())),"") -> -1 | X73: =IF(OR($O73="",$W73=""),"",$O73-$W73) -> 3
B74: Итого Telegram | C74: =SUM(C52:C73) -> 1677 | D74: =SUM(D52:D73) -> 427060 | E74: =SUM(E52:E73) -> 424843 | F74: =SUM(F52:F73) -> 2217 | G74: =IF(C74=0,"",IFERROR(F74/E74,"")) -> 0.0052183983 | H74: =SUM(H52:H73) -> 2736 | I74: =SUM(I52:I73) -> 2377 | J74: =SUM(J52:J73) -> 359 | K74: =IF(C74=0,"",IFERROR(J74/I74,"")) -> 0.15103071 | L74: =IFERROR(D74/C74,"") -> 254.65713 | M74: =IFERROR(H74/D74*1000,"") -> 6.4065939 | N74: =SUM(N52:N73) -> 97774 | O74: =SUM(O52:O73) -> -164 | S74: =IFERROR(IF(ISBLANK(INDIRECT("'"&$Q$2&"'!G"&ROW())),"",INDIRECT("'"&$Q$2&"'!G"&ROW())),"") -> 0.012017685 | T74: =IF(OR($G74="",$S74=""),"",$G74-$S74) -> -0.0067992864 | U74: =IFERROR(IF(ISBLANK(INDIRECT("'"&$Q$2&"'!K"&ROW())),"",INDIRECT("'"&$Q$2&"'!K"&ROW())),"") -> -0.110737 | V74: =IF(OR($K74="",$U74=""),"",$K74-$U74) -> 0.26176771 | W74: =IFERROR(IF(ISBLANK(INDIRECT("'"&$Q$2&"'!O"&ROW())),"",INDIRECT("'"&$Q$2&"'!O"&ROW())),"") -> -171 | X74: =IF(OR(C74=0,$O74="",$W74=""),"",$O74-$W74) -> 7
A75: МАКС | B75: Ямал-Медиа | C75: 144 | D75: 154908 | E75: =IF($D75="","",IFERROR(IF(ISBLANK(INDIRECT("'"&$Q$2&"'!D"&ROW())),"",INDIRECT("'"&$Q$2&"'!D"&ROW())),"")) -> 144944 | F75: =IF(OR(D75="",E75=""),"",D75-E75) -> 9964 | G75: =IFERROR(F75/E75,"") -> 0.068743791 | H75: 1619 | I75: =IF($H75="","",IFERROR(IF(ISBLANK(INDIRECT("'"&$Q$2&"'!H"&ROW())),"",INDIRECT("'"&$Q$2&"'!H"&ROW())),"")) -> 1405 | J75: =IF(OR(H75="",I75=""),"",H75-I75) -> 214 | K75: =IFERROR(J75/I75,"") -> 0.15231317 | L75: =IFERROR(D75/C75,"") -> 1075.75 | M75: =IFERROR(H75/D75*1000,"") -> 10.451365 | N75: 4563 | O75: =IFERROR(IF(OR(N75="",ISBLANK(INDIRECT("'"&$Q$2&"'!N"&ROW()))),"",N75-INDIRECT("'"&$Q$2&"'!N"&ROW())),"") -> 68 | S75: =IFERROR(IF(ISBLANK(INDIRECT("'"&$Q$2&"'!G"&ROW())),"",INDIRECT("'"&$Q$2&"'!G"&ROW())),"") -> -0.082162374 | T75: =IF(OR($G75="",$S75=""),"",$G75-$S75) -> 0.15090617 | U75: =IFERROR(IF(ISBLANK(INDIRECT("'"&$Q$2&"'!K"&ROW())),"",INDIRECT("'"&$Q$2&"'!K"&ROW())),"") -> -0.076872536 | V75: =IF(OR($K75="",$U75=""),"",$K75-$U75) -> 0.2291857 | W75: =IFERROR(IF(ISBLANK(INDIRECT("'"&$Q$2&"'!O"&ROW())),"",INDIRECT("'"&$Q$2&"'!O"&ROW())),"") -> 50 | X75: =IF(OR($O75="",$W75=""),"",$O75-$W75) -> 18
A76: МАКС | B76: Север-Пресс | C76: 140 | D76: 67463 | E76: =IF($D76="","",IFERROR(IF(ISBLANK(INDIRECT("'"&$Q$2&"'!D"&ROW())),"",INDIRECT("'"&$Q$2&"'!D"&ROW())),"")) -> 64457 | F76: =IF(OR(D76="",E76=""),"",D76-E76) -> 3006 | G76: =IFERROR(F76/E76,"") -> 0.046635742 | H76: 307 | I76: =IF($H76="","",IFERROR(IF(ISBLANK(INDIRECT("'"&$Q$2&"'!H"&ROW())),"",INDIRECT("'"&$Q$2&"'!H"&ROW())),"")) -> 293 | J76: =IF(OR(H76="",I76=""),"",H76-I76) -> 14 | K76: =IFERROR(J76/I76,"") -> 0.04778157 | L76: =IFERROR(D76/C76,"") -> 481.87857 | M76: =IFERROR(H76/D76*1000,"") -> 4.5506426 | N76: 2253 | O76: =IFERROR(IF(OR(N76="",ISBLANK(INDIRECT("'"&$Q$2&"'!N"&ROW()))),"",N76-INDIRECT("'"&$Q$2&"'!N"&ROW())),"") -> 1 | S76: =IFERROR(IF(ISBLANK(INDIRECT("'"&$Q$2&"'!G"&ROW())),"",INDIRECT("'"&$Q$2&"'!G"&ROW())),"") -> -0.085651465 | T76: =IF(OR($G76="",$S76=""),"",$G76-$S76) -> 0.13228721 | U76: =IFERROR(IF(ISBLANK(INDIRECT("'"&$Q$2&"'!K"&ROW())),"",INDIRECT("'"&$Q$2&"'!K"&ROW())),"") -> -0.13313609 | V76: =IF(OR($K76="",$U76=""),"",$K76-$U76) -> 0.18091766 | W76: =IFERROR(IF(ISBLANK(INDIRECT("'"&$Q$2&"'!O"&ROW())),"",INDIRECT("'"&$Q$2&"'!O"&ROW())),"") -> 5 | X76: =IF(OR($O76="",$W76=""),"",$O76-$W76) -> -4
A77: МАКС | B77: Красный Север | C77: 83 | D77: 5512 | E77: =IF($D77="","",IFERROR(IF(ISBLANK(INDIRECT("'"&$Q$2&"'!D"&ROW())),"",INDIRECT("'"&$Q$2&"'!D"&ROW())),"")) -> 5223 | F77: =IF(OR(D77="",E77=""),"",D77-E77) -> 289 | G77: =IFERROR(F77/E77,"") -> 0.055332185 | H77: 11 | I77: =IF($H77="","",IFERROR(IF(ISBLANK(INDIRECT("'"&$Q$2&"'!H"&ROW())),"",INDIRECT("'"&$Q$2&"'!H"&ROW())),"")) -> 10 | J77: =IF(OR(H77="",I77=""),"",H77-I77) -> 1 | K77: =IFERROR(J77/I77,"") -> 0.1 | L77: =IFERROR(D77/C77,"") -> 66.409639 | M77: =IFERROR(H77/D77*1000,"") -> 1.9956459 | N77: 283 | O77: =IFERROR(IF(OR(N77="",ISBLANK(INDIRECT("'"&$Q$2&"'!N"&ROW()))),"",N77-INDIRECT("'"&$Q$2&"'!N"&ROW())),"") -> 2 | S77: =IFERROR(IF(ISBLANK(INDIRECT("'"&$Q$2&"'!G"&ROW())),"",INDIRECT("'"&$Q$2&"'!G"&ROW())),"") -> -0.19707917 | T77: =IF(OR($G77="",$S77=""),"",$G77-$S77) -> 0.25241135 | U77: =IFERROR(IF(ISBLANK(INDIRECT("'"&$Q$2&"'!K"&ROW())),"",INDIRECT("'"&$Q$2&"'!K"&ROW())),"") -> -0.5 | V77: =IF(OR($K77="",$U77=""),"",$K77-$U77) -> 0.6 | W77: =IFERROR(IF(ISBLANK(INDIRECT("'"&$Q$2&"'!O"&ROW())),"",INDIRECT("'"&$Q$2&"'!O"&ROW())),"") -> 8 | X77: =IF(OR($O77="",$W77=""),"",$O77-$W77) -> -6
A78: МАКС | B78: СМП | C78: 7 | D78: 1203 | E78: =IF($D78="","",IFERROR(IF(ISBLANK(INDIRECT("'"&$Q$2&"'!D"&ROW())),"",INDIRECT("'"&$Q$2&"'!D"&ROW())),"")) -> 1172 | F78: =IF(OR(D78="",E78=""),"",D78-E78) -> 31 | G78: =IFERROR(F78/E78,"") -> 0.026450512 | H78: 24 | I78: =IF($H78="","",IFERROR(IF(ISBLANK(INDIRECT("'"&$Q$2&"'!H"&ROW())),"",INDIRECT("'"&$Q$2&"'!H"&ROW())),"")) -> 23 | J78: =IF(OR(H78="",I78=""),"",H78-I78) -> 1 | K78: =IFERROR(J78/I78,"") -> 0.043478261 | L78: =IFERROR(D78/C78,"") -> 171.85714 | M78: =IFERROR(H78/D78*1000,"") -> 19.950125 | N78: 215 | O78: =IFERROR(IF(OR(N78="",ISBLANK(INDIRECT("'"&$Q$2&"'!N"&ROW()))),"",N78-INDIRECT("'"&$Q$2&"'!N"&ROW())),"") -> 2 | S78: =IFERROR(IF(ISBLANK(INDIRECT("'"&$Q$2&"'!G"&ROW())),"",INDIRECT("'"&$Q$2&"'!G"&ROW())),"") -> 0.4188862 | T78: =IF(OR($G78="",$S78=""),"",$G78-$S78) -> -0.39243569 | U78: =IFERROR(IF(ISBLANK(INDIRECT("'"&$Q$2&"'!K"&ROW())),"",INDIRECT("'"&$Q$2&"'!K"&ROW())),"") -> -0.37837838 | V78: =IF(OR($K78="",$U78=""),"",$K78-$U78) -> 0.42185664 | W78: =IFERROR(IF(ISBLANK(INDIRECT("'"&$Q$2&"'!O"&ROW())),"",INDIRECT("'"&$Q$2&"'!O"&ROW())),"") -> 1 | X78: =IF(OR($O78="",$W78=""),"",$O78-$W78) -> 1
A79: МАКС | B79: СШХ | C79: 6 | D79: 89 | E79: =IF($D79="","",IFERROR(IF(ISBLANK(INDIRECT("'"&$Q$2&"'!D"&ROW())),"",INDIRECT("'"&$Q$2&"'!D"&ROW())),"")) -> 148 | F79: =IF(OR(D79="",E79=""),"",D79-E79) -> -59 | G79: =IFERROR(F79/E79,"") -> -0.39864865 | H79: 0 | I79: =IF($H79="","",IFERROR(IF(ISBLANK(INDIRECT("'"&$Q$2&"'!H"&ROW())),"",INDIRECT("'"&$Q$2&"'!H"&ROW())),"")) -> 3 | J79: =IF(OR(H79="",I79=""),"",H79-I79) -> -3 | K79: =IFERROR(J79/I79,"") -> -1 | L79: =IFERROR(D79/C79,"") -> 14.833333 | M79: =IFERROR(H79/D79*1000,"") -> 0 | N79: 37 | O79: =IFERROR(IF(OR(N79="",ISBLANK(INDIRECT("'"&$Q$2&"'!N"&ROW()))),"",N79-INDIRECT("'"&$Q$2&"'!N"&ROW())),"") -> 0 | S79: =IFERROR(IF(ISBLANK(INDIRECT("'"&$Q$2&"'!G"&ROW())),"",INDIRECT("'"&$Q$2&"'!G"&ROW())),"") -> 0.74117647 | T79: =IF(OR($G79="",$S79=""),"",$G79-$S79) -> -1.1398251 | U79: =IFERROR(IF(ISBLANK(INDIRECT("'"&$Q$2&"'!K"&ROW())),"",INDIRECT("'"&$Q$2&"'!K"&ROW())),"") -> 2 | V79: =IF(OR($K79="",$U79=""),"",$K79-$U79) -> -3 | W79: =IFERROR(IF(ISBLANK(INDIRECT("'"&$Q$2&"'!O"&ROW())),"",INDIRECT("'"&$Q$2&"'!O"&ROW())),"") -> 0 | X79: =IF(OR($O79="",$W79=""),"",$O79-$W79) -> 0
A80: МАКС | B80: Новый Уренгой | C80: 109 | D80: 173061 | E80: =IF($D80="","",IFERROR(IF(ISBLANK(INDIRECT("'"&$Q$2&"'!D"&ROW())),"",INDIRECT("'"&$Q$2&"'!D"&ROW())),"")) -> 147796 | F80: =IF(OR(D80="",E80=""),"",D80-E80) -> 25265 | G80: =IFERROR(F80/E80,"") -> 0.17094509 | H80: 1575 | I80: =IF($H80="","",IFERROR(IF(ISBLANK(INDIRECT("'"&$Q$2&"'!H"&ROW())),"",INDIRECT("'"&$Q$2&"'!H"&ROW())),"")) -> 1392 | J80: =IF(OR(H80="",I80=""),"",H80-I80) -> 183 | K80: =IFERROR(J80/I80,"") -> 0.13146552 | L80: =IFERROR(D80/C80,"") -> 1587.7156 | M80: =IFERROR(H80/D80*1000,"") -> 9.1008373 | N80: 4398 | O80: =IFERROR(IF(OR(N80="",ISBLANK(INDIRECT("'"&$Q$2&"'!N"&ROW()))),"",N80-INDIRECT("'"&$Q$2&"'!N"&ROW())),"") -> 25 | S80: =IFERROR(IF(ISBLANK(INDIRECT("'"&$Q$2&"'!G"&ROW())),"",INDIRECT("'"&$Q$2&"'!G"&ROW())),"") -> -0.10470075 | T80: =IF(OR($G80="",$S80=""),"",$G80-$S80) -> 0.27564584 | U80: =IFERROR(IF(ISBLANK(INDIRECT("'"&$Q$2&"'!K"&ROW())),"",INDIRECT("'"&$Q$2&"'!K"&ROW())),"") -> -0.10539846 | V80: =IF(OR($K80="",$U80=""),"",$K80-$U80) -> 0.23686397 | W80: =IFERROR(IF(ISBLANK(INDIRECT("'"&$Q$2&"'!O"&ROW())),"",INDIRECT("'"&$Q$2&"'!O"&ROW())),"") -> 22 | X80: =IF(OR($O80="",$W80=""),"",$O80-$W80) -> 3
A81: МАКС | B81: Надым | C81: 84 | D81: 73321 | E81: =IF($D81="","",IFERROR(IF(ISBLANK(INDIRECT("'"&$Q$2&"'!D"&ROW())),"",INDIRECT("'"&$Q$2&"'!D"&ROW())),"")) -> 65875 | F81: =IF(OR(D81="",E81=""),"",D81-E81) -> 7446 | G81: =IFERROR(F81/E81,"") -> 0.11303226 | H81: 1449 | I81: =IF($H81="","",IFERROR(IF(ISBLANK(INDIRECT("'"&$Q$2&"'!H"&ROW())),"",INDIRECT("'"&$Q$2&"'!H"&ROW())),"")) -> 1425 | J81: =IF(OR(H81="",I81=""),"",H81-I81) -> 24 | K81: =IFERROR(J81/I81,"") -> 0.016842105 | L81: =IFERROR(D81/C81,"") -> 872.86905 | M81: =IFERROR(H81/D81*1000,"") -> 19.762415 | N81: 2556 | O81: =IFERROR(IF(OR(N81="",ISBLANK(INDIRECT("'"&$Q$2&"'!N"&ROW()))),"",N81-INDIRECT("'"&$Q$2&"'!N"&ROW())),"") -> 20 | S81: =IFERROR(IF(ISBLANK(INDIRECT("'"&$Q$2&"'!G"&ROW())),"",INDIRECT("'"&$Q$2&"'!G"&ROW())),"") -> -0.17811381 | T81: =IF(OR($G81="",$S81=""),"",$G81-$S81) -> 0.29114607 | U81: =IFERROR(IF(ISBLANK(INDIRECT("'"&$Q$2&"'!K"&ROW())),"",INDIRECT("'"&$Q$2&"'!K"&ROW())),"") -> -0.16127134 | V81: =IF(OR($K81="",$U81=""),"",$K81-$U81) -> 0.17811344 | W81: =IFERROR(IF(ISBLANK(INDIRECT("'"&$Q$2&"'!O"&ROW())),"",INDIRECT("'"&$Q$2&"'!O"&ROW())),"") -> 23 | X81: =IF(OR($O81="",$W81=""),"",$O81-$W81) -> -3
A82: МАКС | B82: Ноябрьск | C82: 94 | D82: 155131 | E82: =IF($D82="","",IFERROR(IF(ISBLANK(INDIRECT("'"&$Q$2&"'!D"&ROW())),"",INDIRECT("'"&$Q$2&"'!D"&ROW())),"")) -> 158096 | F82: =IF(OR(D82="",E82=""),"",D82-E82) -> -2965 | G82: =IFERROR(F82/E82,"") -> -0.018754428 | H82: 3068 | I82: =IF($H82="","",IFERROR(IF(ISBLANK(INDIRECT("'"&$Q$2&"'!H"&ROW())),"",INDIRECT("'"&$Q$2&"'!H"&ROW())),"")) -> 3293 | J82: =IF(OR(H82="",I82=""),"",H82-I82) -> -225 | K82: =IFERROR(J82/I82,"") -> -0.068326754 | L82: =IFERROR(D82/C82,"") -> 1650.3298 | M82: =IFERROR(H82/D82*1000,"") -> 19.776834 | N82: 3846 | O82: =IFERROR(IF(OR(N82="",ISBLANK(INDIRECT("'"&$Q$2&"'!N"&ROW()))),"",N82-INDIRECT("'"&$Q$2&"'!N"&ROW())),"") -> 35 | S82: =IFERROR(IF(ISBLANK(INDIRECT("'"&$Q$2&"'!G"&ROW())),"",INDIRECT("'"&$Q$2&"'!G"&ROW())),"") -> 0.025711561 | T82: =IF(OR($G82="",$S82=""),"",$G82-$S82) -> -0.044465988 | U82: =IFERROR(IF(ISBLANK(INDIRECT("'"&$Q$2&"'!K"&ROW())),"",INDIRECT("'"&$Q$2&"'!K"&ROW())),"") -> -0.00091019417 | V82: =IF(OR($K82="",$U82=""),"",$K82-$U82) -> -0.06741656 | W82: =IFERROR(IF(ISBLANK(INDIRECT("'"&$Q$2&"'!O"&ROW())),"",INDIRECT("'"&$Q$2&"'!O"&ROW())),"") -> 47 | X82: =IF(OR($O82="",$W82=""),"",$O82-$W82) -> -12
A83: МАКС | B83: Салехард | C83: 145 | D83: 89206 | E83: =IF($D83="","",IFERROR(IF(ISBLANK(INDIRECT("'"&$Q$2&"'!D"&ROW())),"",INDIRECT("'"&$Q$2&"'!D"&ROW())),"")) -> 79662 | F83: =IF(OR(D83="",E83=""),"",D83-E83) -> 9544 | G83: =IFERROR(F83/E83,"") -> 0.11980618 | H83: 691 | I83: =IF($H83="","",IFERROR(IF(ISBLANK(INDIRECT("'"&$Q$2&"'!H"&ROW())),"",INDIRECT("'"&$Q$2&"'!H"&ROW())),"")) -> 598 | J83: =IF(OR(H83="",I83=""),"",H83-I83) -> 93 | K83: =IFERROR(J83/I83,"") -> 0.15551839 | L83: =IFERROR(D83/C83,"") -> 615.21379 | M83: =IFERROR(H83/D83*1000,"") -> 7.7461157 | N83: 1848 | O83: =IFERROR(IF(OR(N83="",ISBLANK(INDIRECT("'"&$Q$2&"'!N"&ROW()))),"",N83-INDIRECT("'"&$Q$2&"'!N"&ROW())),"") -> 33 | S83: =IFERROR(IF(ISBLANK(INDIRECT("'"&$Q$2&"'!G"&ROW())),"",INDIRECT("'"&$Q$2&"'!G"&ROW())),"") -> -0.066293162 | T83: =IF(OR($G83="",$S83=""),"",$G83-$S83) -> 0.18609934 | U83: =IFERROR(IF(ISBLANK(INDIRECT("'"&$Q$2&"'!K"&ROW())),"",INDIRECT("'"&$Q$2&"'!K"&ROW())),"") -> 0.095238095 | V83: =IF(OR($K83="",$U83=""),"",$K83-$U83) -> 0.060280299 | W83: =IFERROR(IF(ISBLANK(INDIRECT("'"&$Q$2&"'!O"&ROW())),"",INDIRECT("'"&$Q$2&"'!O"&ROW())),"") -> 18 | X83: =IF(OR($O83="",$W83=""),"",$O83-$W83) -> 15
A84: МАКС | B84: Приуралье | C84: 108 | D84: 27080 | E84: =IF($D84="","",IFERROR(IF(ISBLANK(INDIRECT("'"&$Q$2&"'!D"&ROW())),"",INDIRECT("'"&$Q$2&"'!D"&ROW())),"")) -> 25284 | F84: =IF(OR(D84="",E84=""),"",D84-E84) -> 1796 | G84: =IFERROR(F84/E84,"") -> 0.071033064 | H84: 319 | I84: =IF($H84="","",IFERROR(IF(ISBLANK(INDIRECT("'"&$Q$2&"'!H"&ROW())),"",INDIRECT("'"&$Q$2&"'!H"&ROW())),"")) -> 310 | J84: =IF(OR(H84="",I84=""),"",H84-I84) -> 9 | K84: =IFERROR(J84/I84,"") -> 0.029032258 | L84: =IFERROR(D84/C84,"") -> 250.74074 | M84: =IFERROR(H84/D84*1000,"") -> 11.779911 | N84: 774 | O84: =IFERROR(IF(OR(N84="",ISBLANK(INDIRECT("'"&$Q$2&"'!N"&ROW()))),"",N84-INDIRECT("'"&$Q$2&"'!N"&ROW())),"") -> 9 | S84: =IFERROR(IF(ISBLANK(INDIRECT("'"&$Q$2&"'!G"&ROW())),"",INDIRECT("'"&$Q$2&"'!G"&ROW())),"") -> -0.090928702 | T84: =IF(OR($G84="",$S84=""),"",$G84-$S84) -> 0.16196177 | U84: =IFERROR(IF(ISBLANK(INDIRECT("'"&$Q$2&"'!K"&ROW())),"",INDIRECT("'"&$Q$2&"'!K"&ROW())),"") -> -0.225 | V84: =IF(OR($K84="",$U84=""),"",$K84-$U84) -> 0.25403226 | W84: =IFERROR(IF(ISBLANK(INDIRECT("'"&$Q$2&"'!O"&ROW())),"",INDIRECT("'"&$Q$2&"'!O"&ROW())),"") -> 5 | X84: =IF(OR($O84="",$W84=""),"",$O84-$W84) -> 4
A85: МАКС | B85: Лабытнанги | C85: 73 | D85: 10938 | E85: =IF($D85="","",IFERROR(IF(ISBLANK(INDIRECT("'"&$Q$2&"'!D"&ROW())),"",INDIRECT("'"&$Q$2&"'!D"&ROW())),"")) -> 8543 | F85: =IF(OR(D85="",E85=""),"",D85-E85) -> 2395 | G85: =IFERROR(F85/E85,"") -> 0.28034648 | H85: 664 | I85: =IF($H85="","",IFERROR(IF(ISBLANK(INDIRECT("'"&$Q$2&"'!H"&ROW())),"",INDIRECT("'"&$Q$2&"'!H"&ROW())),"")) -> 573 | J85: =IF(OR(H85="",I85=""),"",H85-I85) -> 91 | K85: =IFERROR(J85/I85,"") -> 0.15881326 | L85: =IFERROR(D85/C85,"") -> 149.83562 | M85: =IFERROR(H85/D85*1000,"") -> 60.705796 | N85: 341 | O85: =IFERROR(IF(OR(N85="",ISBLANK(INDIRECT("'"&$Q$2&"'!N"&ROW()))),"",N85-INDIRECT("'"&$Q$2&"'!N"&ROW())),"") -> 22 | S85: =IFERROR(IF(ISBLANK(INDIRECT("'"&$Q$2&"'!G"&ROW())),"",INDIRECT("'"&$Q$2&"'!G"&ROW())),"") -> -0.027103974 | T85: =IF(OR($G85="",$S85=""),"",$G85-$S85) -> 0.30745046 | U85: =IFERROR(IF(ISBLANK(INDIRECT("'"&$Q$2&"'!K"&ROW())),"",INDIRECT("'"&$Q$2&"'!K"&ROW())),"") -> -0.06372549 | V85: =IF(OR($K85="",$U85=""),"",$K85-$U85) -> 0.22253875 | W85: =IFERROR(IF(ISBLANK(INDIRECT("'"&$Q$2&"'!O"&ROW())),"",INDIRECT("'"&$Q$2&"'!O"&ROW())),"") -> 12 | X85: =IF(OR($O85="",$W85=""),"",$O85-$W85) -> 10
A86: МАКС | B86: Пуровский | C86: 59 | D86: 43658 | E86: =IF($D86="","",IFERROR(IF(ISBLANK(INDIRECT("'"&$Q$2&"'!D"&ROW())),"",INDIRECT("'"&$Q$2&"'!D"&ROW())),"")) -> 39387 | F86: =IF(OR(D86="",E86=""),"",D86-E86) -> 4271 | G86: =IFERROR(F86/E86,"") -> 0.10843679 | H86: 326 | I86: =IF($H86="","",IFERROR(IF(ISBLANK(INDIRECT("'"&$Q$2&"'!H"&ROW())),"",INDIRECT("'"&$Q$2&"'!H"&ROW())),"")) -> 330 | J86: =IF(OR(H86="",I86=""),"",H86-I86) -> -4 | K86: =IFERROR(J86/I86,"") -> -0.012121212 | L86: =IFERROR(D86/C86,"") -> 739.9661 | M86: =IFERROR(H86/D86*1000,"") -> 7.4671309 | N86: 1932 | O86: =IFERROR(IF(OR(N86="",ISBLANK(INDIRECT("'"&$Q$2&"'!N"&ROW()))),"",N86-INDIRECT("'"&$Q$2&"'!N"&ROW())),"") -> 6 | S86: =IFERROR(IF(ISBLANK(INDIRECT("'"&$Q$2&"'!G"&ROW())),"",INDIRECT("'"&$Q$2&"'!G"&ROW())),"") -> -0.15476727 | T86: =IF(OR($G86="",$S86=""),"",$G86-$S86) -> 0.26320406 | U86: =IFERROR(IF(ISBLANK(INDIRECT("'"&$Q$2&"'!K"&ROW())),"",INDIRECT("'"&$Q$2&"'!K"&ROW())),"") -> -0.21985816 | V86: =IF(OR($K86="",$U86=""),"",$K86-$U86) -> 0.20773694 | W86: =IFERROR(IF(ISBLANK(INDIRECT("'"&$Q$2&"'!O"&ROW())),"",INDIRECT("'"&$Q$2&"'!O"&ROW())),"") -> 9 | X86: =IF(OR($O86="",$W86=""),"",$O86-$W86) -> -3
... A95: МАКС | B95: Морошка | C95: 8 | D95: 7784 | E95: =IF($D95="","",IFERROR(IF(ISBLANK(INDIRECT("'"&$Q$2&"'!D"&ROW())),"",INDIRECT("'"&$Q$2&"'!D"&ROW())),"")) -> 4046 | F95: =IF(OR(D95="",E95=""),"",D95-E95) -> 3738 | G95: =IFERROR(F95/E95,"") -> 0.92387543 | H95: 66 | I95: =IF($H95="","",IFERROR(IF(ISBLANK(INDIRECT("'"&$Q$2&"'!H"&ROW())),"",INDIRECT("'"&$Q$2&"'!H"&ROW())),"")) -> 107 | J95: =IF(OR(H95="",I95=""),"",H95-I95) -> -41 | K95: =IFERROR(J95/I95,"") -> -0.38317757 | L95: =IFERROR(D95/C95,"") -> 973 | M95: =IFERROR(H95/D95*1000,"") -> 8.4789311 | N95: 378 | O95: =IFERROR(IF(OR(N95="",ISBLANK(INDIRECT("'"&$Q$2&"'!N"&ROW()))),"",N95-INDIRECT("'"&$Q$2&"'!N"&ROW())),"") -> 32 | S95: =IFERROR(IF(ISBLANK(INDIRECT("'"&$Q$2&"'!G"&ROW())),"",INDIRECT("'"&$Q$2&"'!G"&ROW())),"") -> -0.017722748 | T95: =IF(OR($G95="",$S95=""),"",$G95-$S95) -> 0.94159818 | U95: =IFERROR(IF(ISBLANK(INDIRECT("'"&$Q$2&"'!K"&ROW())),"",INDIRECT("'"&$Q$2&"'!K"&ROW())),"") -> 0.12631579 | V95: =IF(OR($K95="",$U95=""),"",$K95-$U95) -> -0.50949336 | W95: =IFERROR(IF(ISBLANK(INDIRECT("'"&$Q$2&"'!O"&ROW())),"",INDIRECT("'"&$Q$2&"'!O"&ROW())),"") -> 12 | X95: =IF(OR($O95="",$W95=""),"",$O95-$W95) -> 20
B96: Итого МАКС | C96: =SUM(C75:C95) -> 1456 | D96: =SUM(D75:D95) -> 1030049 | E96: =SUM(E75:E95) -> 940640 | F96: =SUM(F75:F95) -> 89409 | G96: =IF(C96=0,"",IFERROR(F96/E96,"")) -> 0.095051242 | H96: =SUM(H75:H95) -> 13921 | I96: =SUM(I75:I95) -> 13037 | J96: =SUM(J75:J95) -> 884 | K96: =IF(C96=0,"",IFERROR(J96/I96,"")) -> 0.067807011 | L96: =IFERROR(D96/C96,"") -> 707.45124 | M96: =IFERROR(H96/D96*1000,"") -> 13.514891 | N96: =SUM(N75:N95) -> 31996 | O96: =SUM(O75:O95) -> 428 | S96: =IFERROR(IF(ISBLANK(INDIRECT("'"&$Q$2&"'!G"&ROW())),"",INDIRECT("'"&$Q$2&"'!G"&ROW())),"") -> -0.062651966 | T96: =IF(OR($G96="",$S96=""),"",$G96-$S96) -> 0.15770321 | U96: =IFERROR(IF(ISBLANK(INDIRECT("'"&$Q$2&"'!K"&ROW())),"",INDIRECT("'"&$Q$2&"'!K"&ROW())),"") -> -0.059650894 | V96: =IF(OR($K96="",$U96=""),"",$K96-$U96) -> 0.12745791 | W96: =IFERROR(IF(ISBLANK(INDIRECT("'"&$Q$2&"'!O"&ROW())),"",INDIRECT("'"&$Q$2&"'!O"&ROW())),"") -> 270 | X96: =IF(OR(C96=0,$O96="",$W96=""),"",$O96-$W96) -> 158
B97: ИТОГО по холдингу | C97: =C30+C51+C74+C96 -> 6327 | D97: =D30+D51+D74+D96 -> 6053101 | E97: =E30+E51+E74+E96 -> 6681698 | F97: =F30+F51+F74+F96 -> -628597 | G97: =IF(OR(C30=0,C51=0,C74=0,C96=0),"",IFERROR(F97/E97,"")) -> -0.094077434 | H97: =H30+H51+H74+H96 -> 49082 | I97: =I30+I51+I74+I96 -> 51376 | J97: =J30+J51+J74+J96 -> -2294 | K97: =IF(OR(C30=0,C51=0,C74=0,C96=0),"",IFERROR(J97/I97,"")) -> -0.044651199 | L97: =IFERROR(D97/C97,"") -> 956.7095 | M97: =IFERROR(H97/D97*1000,"") -> 8.1085711 | N97: =N30+N51+N74+N96 -> 704247 | O97: =O30+O51+O74+O96 -> 1347 | S97: =IFERROR(IF(ISBLANK(INDIRECT("'"&$Q$2&"'!G"&ROW())),"",INDIRECT("'"&$Q$2&"'!G"&ROW())),"") -> 0.12830824 | T97: =IF(OR($G97="",$S97=""),"",$G97-$S97) -> -0.22238568 | U97: =IFERROR(IF(ISBLANK(INDIRECT("'"&$Q$2&"'!K"&ROW())),"",INDIRECT("'"&$Q$2&"'!K"&ROW())),"") -> 0.059714346 | V97: =IF(OR($K97="",$U97=""),"",$K97-$U97) -> -0.10436554 | W97: =IFERROR(IF(ISBLANK(INDIRECT("'"&$Q$2&"'!O"&ROW())),"",INDIRECT("'"&$Q$2&"'!O"&ROW())),"") -> 1171 | X97: =IF(OR(C30=0,C51=0,C74=0,C96=0),"",$O97-$W97) -> 176

Sheet 28.09-04.10
A1: Недельный съём · 28.09–04.10.2026 | Q1: Лист прошлой недели (питает колонки E, I, O):
A2: Площадка | B2: Ресурс | C2: Публикаций | D2: Просмотры | E2: Просмотры пред. неделя | F2: Δ просмотров | G2: Δ % | H2: Лайки | I2: Лайки пред. неделя | J2: Δ лайков | K2: Δ % | L2: Ср. просмотров на пост | M2: Лайков на 1000 просмотров | N2: Подписчики | O2: Прирост подписчиков | Q2: 21-27.09 | S2: Δ % просмотров пред. неделя | T2: Ускорение просмотров, п.п. | U2: Δ % лайков пред. неделя | V2: Ускорение лайков, п.п. | W2: Прирост подписч. пред. неделя | X2: Ускорение подписчиков, чел.
A3: ВКонтакте | B3: Ямал-Медиа | C3: 110 | D3: 2647589 | E3: =IF($D3="","",IFERROR(IF(ISBLANK(INDIRECT("'"&$Q$2&"'!D"&ROW())),"",INDIRECT("'"&$Q$2&"'!D"&ROW())),"")) -> 1913477 | F3: =IF(OR(D3="",E3=""),"",D3-E3) -> 734112 | G3: =IFERROR(F3/E3,"") -> 0.38365342 | H3: 5901 | I3: =IF($H3="","",IFERROR(IF(ISBLANK(INDIRECT("'"&$Q$2&"'!H"&ROW())),"",INDIRECT("'"&$Q$2&"'!H"&ROW())),"")) -> 4474 | J3: =IF(OR(H3="",I3=""),"",H3-I3) -> 1427 | K3: =IFERROR(J3/I3,"") -> 0.31895396 | L3: =IFERROR(D3/C3,"") -> 24068.991 | M3: =IFERROR(H3/D3*1000,"") -> 2.2288203 | N3: 89650 | O3: =IFERROR(IF(OR(N3="",ISBLANK(INDIRECT("'"&$Q$2&"'!N"&ROW()))),"",N3-INDIRECT("'"&$Q$2&"'!N"&ROW())),"") -> 292 | Q3: Колонки E и I берут прошлую неделю только по строкам, снятым в текущей — сравнение идёт по сопоставимому периметру. | S3: =IFERROR(IF(ISBLANK(INDIRECT("'"&$Q$2&"'!G"&ROW())),"",INDIRECT("'"&$Q$2&"'!G"&ROW())),"") -> 2.7020111 | T3: =IF(OR($G3="",$S3=""),"",$G3-$S3) -> -2.3183577 | U3: =IFERROR(IF(ISBLANK(INDIRECT("'"&$Q$2&"'!K"&ROW())),"",INDIRECT("'"&$Q$2&"'!K"&ROW())),"") -> 1.3026248 | V3: =IF(OR($K3="",$U3=""),"",$K3-$U3) -> -0.98367085 | W3: =IFERROR(IF(ISBLANK(INDIRECT("'"&$Q$2&"'!O"&ROW())),"",INDIRECT("'"&$Q$2&"'!O"&ROW())),"") -> 282 | X3: =IF(OR($O3="",$W3=""),"",$O3-$W3) -> 10
A4: ВКонтакте | B4: Север-Пресс | C4: 120 | D4: 218156 | E4: =IF($D4="","",IFERROR(IF(ISBLANK(INDIRECT("'"&$Q$2&"'!D"&ROW())),"",INDIRECT("'"&$Q$2&"'!D"&ROW())),"")) -> 126444 | F4: =IF(OR(D4="",E4=""),"",D4-E4) -> 91712 | G4: =IFERROR(F4/E4,"") -> 0.72531714 | H4: 672 | I4: =IF($H4="","",IFERROR(IF(ISBLANK(INDIRECT("'"&$Q$2&"'!H"&ROW())),"",INDIRECT("'"&$Q$2&"'!H"&ROW())),"")) -> 528 | J4: =IF(OR(H4="",I4=""),"",H4-I4) -> 144 | K4: =IFERROR(J4/I4,"") -> 0.27272727 | L4: =IFERROR(D4/C4,"") -> 1817.9667 | M4: =IFERROR(H4/D4*1000,"") -> 3.0803645 | N4: 26291 | O4: =IFERROR(IF(OR(N4="",ISBLANK(INDIRECT("'"&$Q$2&"'!N"&ROW()))),"",N4-INDIRECT("'"&$Q$2&"'!N"&ROW())),"") -> 31 | Q4: ОК: «просмотры» = VIEWS листа Topics, лайки = сумма LIKES листа Actions (по группе, как в прошлых съёмах). | S4: =IFERROR(IF(ISBLANK(INDIRECT("'"&$Q$2&"'!G"&ROW())),"",INDIRECT("'"&$Q$2&"'!G"&ROW())),"") -> -0.41516616 | T4: =IF(OR($G4="",$S4=""),"",$G4-$S4) -> 1.1404833 | U4: =IFERROR(IF(ISBLANK(INDIRECT("'"&$Q$2&"'!K"&ROW())),"",INDIRECT("'"&$Q$2&"'!K"&ROW())),"") -> -0.24028777 | V4: =IF(OR($K4="",$U4=""),"",$K4-$U4) -> 0.51301504 | W4: =IFERROR(IF(ISBLANK(INDIRECT("'"&$Q$2&"'!O"&ROW())),"",INDIRECT("'"&$Q$2&"'!O"&ROW())),"") -> 11 | X4: =IF(OR($O4="",$W4=""),"",$O4-$W4) -> 20
A5: ВКонтакте | B5: Лента СП | C5: 171 | D5: 2991 | E5: =IF($D5="","",IFERROR(IF(ISBLANK(INDIRECT("'"&$Q$2&"'!D"&ROW())),"",INDIRECT("'"&$Q$2&"'!D"&ROW())),"")) -> 3977 | F5: =IF(OR(D5="",E5=""),"",D5-E5) -> -986 | G5: =IFERROR(F5/E5,"") -> -0.24792557 | H5: 12 | I5: =IF($H5="","",IFERROR(IF(ISBLANK(INDIRECT("'"&$Q$2&"'!H"&ROW())),"",INDIRECT("'"&$Q$2&"'!H"&ROW())),"")) -> 12 | J5: =IF(OR(H5="",I5=""),"",H5-I5) -> 0 | K5: =IFERROR(J5/I5,"") -> 0 | L5: =IFERROR(D5/C5,"") -> 17.491228 | M5: =IFERROR(H5/D5*1000,"") -> 4.0120361 | N5: 3503 | O5: =IFERROR(IF(OR(N5="",ISBLANK(INDIRECT("'"&$Q$2&"'!N"&ROW()))),"",N5-INDIRECT("'"&$Q$2&"'!N"&ROW())),"") -> 3 | S5: =IFERROR(IF(ISBLANK(INDIRECT("'"&$Q$2&"'!G"&ROW())),"",INDIRECT("'"&$Q$2&"'!G"&ROW())),"") -> -0.058252427 | T5: =IF(OR($G5="",$S5=""),"",$G5-$S5) -> -0.18967314 | U5: =IFERROR(IF(ISBLANK(INDIRECT("'"&$Q$2&"'!K"&ROW())),"",INDIRECT("'"&$Q$2&"'!K"&ROW())),"") -> 0.2 | V5: =IF(OR($K5="",$U5=""),"",$K5-$U5) -> -0.2 | W5: =IFERROR(IF(ISBLANK(INDIRECT("'"&$Q$2&"'!O"&ROW())),"",INDIRECT("'"&$Q$2&"'!O"&ROW())),"") -> -1 | X5: =IF(OR($O5="",$W5=""),"",$O5-$W5) -> 4
A6: ВКонтакте | B6: Красный Север | C6: 83 | D6: 79350 | E6: =IF($D6="","",IFERROR(IF(ISBLANK(INDIRECT("'"&$Q$2&"'!D"&ROW())),"",INDIRECT("'"&$Q$2&"'!D"&ROW())),"")) -> 63285 | F6: =IF(OR(D6="",E6=""),"",D6-E6) -> 16065 | G6: =IFERROR(F6/E6,"") -> 0.25385162 | H6: 466 | I6: =IF($H6="","",IFERROR(IF(ISBLANK(INDIRECT("'"&$Q$2&"'!H"&ROW())),"",INDIRECT("'"&$Q$2&"'!H"&ROW())),"")) -> 343 | J6: =IF(OR(H6="",I6=""),"",H6-I6) -> 123 | K6: =IFERROR(J6/I6,"") -> 0.35860058 | L6: =IFERROR(D6/C6,"") -> 956.0241 | M6: =IFERROR(H6/D6*1000,"") -> 5.8727158 | N6: 22949 | O6: =IFERROR(IF(OR(N6="",ISBLANK(INDIRECT("'"&$Q$2&"'!N"&ROW()))),"",N6-INDIRECT("'"&$Q$2&"'!N"&ROW())),"") -> 17 | S6: =IFERROR(IF(ISBLANK(INDIRECT("'"&$Q$2&"'!G"&ROW())),"",INDIRECT("'"&$Q$2&"'!G"&ROW())),"") -> 0.2089518 | T6: =IF(OR($G6="",$S6=""),"",$G6-$S6) -> 0.044899821 | U6: =IFERROR(IF(ISBLANK(INDIRECT("'"&$Q$2&"'!K"&ROW())),"",INDIRECT("'"&$Q$2&"'!K"&ROW())),"") -> 0.17869416 | V6: =IF(OR($K6="",$U6=""),"",$K6-$U6) -> 0.17990643 | W6: =IFERROR(IF(ISBLANK(INDIRECT("'"&$Q$2&"'!O"&ROW())),"",INDIRECT("'"&$Q$2&"'!O"&ROW())),"") -> 1 | X6: =IF(OR($O6="",$W6=""),"",$O6-$W6) -> 16
A7: ВКонтакте | B7: Новый Уренгой | C7: 95 | D7: 84352 | E7: =IF($D7="","",IFERROR(IF(ISBLANK(INDIRECT("'"&$Q$2&"'!D"&ROW())),"",INDIRECT("'"&$Q$2&"'!D"&ROW())),"")) -> 78870 | F7: =IF(OR(D7="",E7=""),"",D7-E7) -> 5482 | G7: =IFERROR(F7/E7,"") -> 0.069506783 | H7: 1068 | I7: =IF($H7="","",IFERROR(IF(ISBLANK(INDIRECT("'"&$Q$2&"'!H"&ROW())),"",INDIRECT("'"&$Q$2&"'!H"&ROW())),"")) -> 796 | J7: =IF(OR(H7="",I7=""),"",H7-I7) -> 272 | K7: =IFERROR(J7/I7,"") -> 0.34170854 | L7: =IFERROR(D7/C7,"") -> 887.91579 | M7: =IFERROR(H7/D7*1000,"") -> 12.661229 | N7: 24901 | O7: =IFERROR(IF(OR(N7="",ISBLANK(INDIRECT("'"&$Q$2&"'!N"&ROW()))),"",N7-INDIRECT("'"&$Q$2&"'!N"&ROW())),"") -> 33 | S7: =IFERROR(IF(ISBLANK(INDIRECT("'"&$Q$2&"'!G"&ROW())),"",INDIRECT("'"&$Q$2&"'!G"&ROW())),"") -> -0.2706744 | T7: =IF(OR($G7="",$S7=""),"",$G7-$S7) -> 0.34018118 | U7: =IFERROR(IF(ISBLANK(INDIRECT("'"&$Q$2&"'!K"&ROW())),"",INDIRECT("'"&$Q$2&"'!K"&ROW())),"") -> -0.22341463 | V7: =IF(OR($K7="",$U7=""),"",$K7-$U7) -> 0.56512318 | W7: =IFERROR(IF(ISBLANK(INDIRECT("'"&$Q$2&"'!O"&ROW())),"",INDIRECT("'"&$Q$2&"'!O"&ROW())),"") -> 36 | X7: =IF(OR($O7="",$W7=""),"",$O7-$W7) -> -3
A8: ВКонтакте | B8: Надым | C8: 76 | D8: 196212 | E8: =IF($D8="","",IFERROR(IF(ISBLANK(INDIRECT("'"&$Q$2&"'!D"&ROW())),"",INDIRECT("'"&$Q$2&"'!D"&ROW())),"")) -> 296983 | F8: =IF(OR(D8="",E8=""),"",D8-E8) -> -100771 | G8: =IFERROR(F8/E8,"") -> -0.33931572 | H8: 2605 | I8: =IF($H8="","",IFERROR(IF(ISBLANK(INDIRECT("'"&$Q$2&"'!H"&ROW())),"",INDIRECT("'"&$Q$2&"'!H"&ROW())),"")) -> 3566 | J8: =IF(OR(H8="",I8=""),"",H8-I8) -> -961 | K8: =IFERROR(J8/I8,"") -> -0.26948962 | L8: =IFERROR(D8/C8,"") -> 2581.7368 | M8: =IFERROR(H8/D8*1000,"") -> 13.276456 | N8: 21769 | O8: =IFERROR(IF(OR(N8="",ISBLANK(INDIRECT("'"&$Q$2&"'!N"&ROW()))),"",N8-INDIRECT("'"&$Q$2&"'!N"&ROW())),"") -> 25 | S8: =IFERROR(IF(ISBLANK(INDIRECT("'"&$Q$2&"'!G"&ROW())),"",INDIRECT("'"&$Q$2&"'!G"&ROW())),"") -> -0.14654172 | T8: =IF(OR($G8="",$S8=""),"",$G8-$S8) -> -0.192774 | U8: =IFERROR(IF(ISBLANK(INDIRECT("'"&$Q$2&"'!K"&ROW())),"",INDIRECT("'"&$Q$2&"'!K"&ROW())),"") -> -0.046524064 | V8: =IF(OR($K8="",$U8=""),"",$K8-$U8) -> -0.22296556 | W8: =IFERROR(IF(ISBLANK(INDIRECT("'"&$Q$2&"'!O"&ROW())),"",INDIRECT("'"&$Q$2&"'!O"&ROW())),"") -> 29 | X8: =IF(OR($O8="",$W8=""),"",$O8-$W8) -> -4
A9: ВКонтакте | B9: Ноябрьск | C9: 91 | D9: 320603 | E9: =IF($D9="","",IFERROR(IF(ISBLANK(INDIRECT("'"&$Q$2&"'!D"&ROW())),"",INDIRECT("'"&$Q$2&"'!D"&ROW())),"")) -> 322545 | F9: =IF(OR(D9="",E9=""),"",D9-E9) -> -1942 | G9: =IFERROR(F9/E9,"") -> -0.0060208653 | H9: 4182 | I9: =IF($H9="","",IFERROR(IF(ISBLANK(INDIRECT("'"&$Q$2&"'!H"&ROW())),"",INDIRECT("'"&$Q$2&"'!H"&ROW())),"")) -> 4156 | J9: =IF(OR(H9="",I9=""),"",H9-I9) -> 26 | K9: =IFERROR(J9/I9,"") -> 0.0062560154 | L9: =IFERROR(D9/C9,"") -> 3523.1099 | M9: =IFERROR(H9/D9*1000,"") -> 13.04417 | N9: 31346 | O9: =IFERROR(IF(OR(N9="",ISBLANK(INDIRECT("'"&$Q$2&"'!N"&ROW()))),"",N9-INDIRECT("'"&$Q$2&"'!N"&ROW())),"") -> 16 | S9: =IFERROR(IF(ISBLANK(INDIRECT("'"&$Q$2&"'!G"&ROW())),"",INDIRECT("'"&$Q$2&"'!G"&ROW())),"") -> -0.24076153 | T9: =IF(OR($G9="",$S9=""),"",$G9-$S9) -> 0.23474067 | U9: =IFERROR(IF(ISBLANK(INDIRECT("'"&$Q$2&"'!K"&ROW())),"",INDIRECT("'"&$Q$2&"'!K"&ROW())),"") -> -0.0074038691 | V9: =IF(OR($K9="",$U9=""),"",$K9-$U9) -> 0.013659885 | W9: =IFERROR(IF(ISBLANK(INDIRECT("'"&$Q$2&"'!O"&ROW())),"",INDIRECT("'"&$Q$2&"'!O"&ROW())),"") -> 29 | X9: =IF(OR($O9="",$W9=""),"",$O9-$W9) -> -13
A10: ВКонтакте | B10: Салехард | C10: 145 | D10: 197099 | E10: =IF($D10="","",IFERROR(IF(ISBLANK(INDIRECT("'"&$Q$2&"'!D"&ROW())),"",INDIRECT("'"&$Q$2&"'!D"&ROW())),"")) -> 167913 | F10: =IF(OR(D10="",E10=""),"",D10-E10) -> 29186 | G10: =IFERROR(F10/E10,"") -> 0.1738162 | H10: 2190 | I10: =IF($H10="","",IFERROR(IF(ISBLANK(INDIRECT("'"&$Q$2&"'!H"&ROW())),"",INDIRECT("'"&$Q$2&"'!H"&ROW())),"")) -> 1192 | J10: =IF(OR(H10="",I10=""),"",H10-I10) -> 998 | K10: =IFERROR(J10/I10,"") -> 0.83724832 | L10: =IFERROR(D10/C10,"") -> 1359.3034 | M10: =IFERROR(H10/D10*1000,"") -> 11.111167 | N10: 21613 | O10: =IFERROR(IF(OR(N10="",ISBLANK(INDIRECT("'"&$Q$2&"'!N"&ROW()))),"",N10-INDIRECT("'"&$Q$2&"'!N"&ROW())),"") -> 27 | S10: =IFERROR(IF(ISBLANK(INDIRECT("'"&$Q$2&"'!G"&ROW())),"",INDIRECT("'"&$Q$2&"'!G"&ROW())),"") -> -0.17214909 | T10: =IF(OR($G10="",$S10=""),"",$G10-$S10) -> 0.34596529 | U10: =IFERROR(IF(ISBLANK(INDIRECT("'"&$Q$2&"'!K"&ROW())),"",INDIRECT("'"&$Q$2&"'!K"&ROW())),"") -> -0.086590038 | V10: =IF(OR($K10="",$U10=""),"",$K10-$U10) -> 0.92383836 | W10: =IFERROR(IF(ISBLANK(INDIRECT("'"&$Q$2&"'!O"&ROW())),"",INDIRECT("'"&$Q$2&"'!O"&ROW())),"") -> 12 | X10: =IF(OR($O10="",$W10=""),"",$O10-$W10) -> 15
A11: ВКонтакте | B11: Приуралье | C11: 104 | D11: 366428 | E11: =IF($D11="","",IFERROR(IF(ISBLANK(INDIRECT("'"&$Q$2&"'!D"&ROW())),"",INDIRECT("'"&$Q$2&"'!D"&ROW())),"")) -> 407601 | F11: =IF(OR(D11="",E11=""),"",D11-E11) -> -41173 | G11: =IFERROR(F11/E11,"") -> -0.101013 | H11: 2775 | I11: =IF($H11="","",IFERROR(IF(ISBLANK(INDIRECT("'"&$Q$2&"'!H"&ROW())),"",INDIRECT("'"&$Q$2&"'!H"&ROW())),"")) -> 3694 | J11: =IF(OR(H11="",I11=""),"",H11-I11) -> -919 | K11: =IFERROR(J11/I11,"") -> -0.24878181 | L11: =IFERROR(D11/C11,"") -> 3523.3462 | M11: =IFERROR(H11/D11*1000,"") -> 7.5731112 | N11: 20815 | O11: =IFERROR(IF(OR(N11="",ISBLANK(INDIRECT("'"&$Q$2&"'!N"&ROW()))),"",N11-INDIRECT("'"&$Q$2&"'!N"&ROW())),"") -> 18 | S11: =IFERROR(IF(ISBLANK(INDIRECT("'"&$Q$2&"'!G"&ROW())),"",INDIRECT("'"&$Q$2&"'!G"&ROW())),"") -> -0.28788143 | T11: =IF(OR($G11="",$S11=""),"",$G11-$S11) -> 0.18686843 | U11: =IFERROR(IF(ISBLANK(INDIRECT("'"&$Q$2&"'!K"&ROW())),"",INDIRECT("'"&$Q$2&"'!K"&ROW())),"") -> -0.17304679 | V11: =IF(OR($K11="",$U11=""),"",$K11-$U11) -> -0.075735021 | W11: =IFERROR(IF(ISBLANK(INDIRECT("'"&$Q$2&"'!O"&ROW())),"",INDIRECT("'"&$Q$2&"'!O"&ROW())),"") -> 23 | X11: =IF(OR($O11="",$W11=""),"",$O11-$W11) -> -5
A12: ВКонтакте | B12: Лабытнанги | C12: 65 | D12: 119193 | E12: =IF($D12="","",IFERROR(IF(ISBLANK(INDIRECT("'"&$Q$2&"'!D"&ROW())),"",INDIRECT("'"&$Q$2&"'!D"&ROW())),"")) -> 111561 | F12: =IF(OR(D12="",E12=""),"",D12-E12) -> 7632 | G12: =IFERROR(F12/E12,"") -> 0.068411004 | H12: 1839 | I12: =IF($H12="","",IFERROR(IF(ISBLANK(INDIRECT("'"&$Q$2&"'!H"&ROW())),"",INDIRECT("'"&$Q$2&"'!H"&ROW())),"")) -> 1930 | J12: =IF(OR(H12="",I12=""),"",H12-I12) -> -91 | K12: =IFERROR(J12/I12,"") -> -0.047150259 | L12: =IFERROR(D12/C12,"") -> 1833.7385 | M12: =IFERROR(H12/D12*1000,"") -> 15.428758 | N12: 15558 | O12: =IFERROR(IF(OR(N12="",ISBLANK(INDIRECT("'"&$Q$2&"'!N"&ROW()))),"",N12-INDIRECT("'"&$Q$2&"'!N"&ROW())),"") -> 60 | S12: =IFERROR(IF(ISBLANK(INDIRECT("'"&$Q$2&"'!G"&ROW())),"",INDIRECT("'"&$Q$2&"'!G"&ROW())),"") -> -0.2660364 | T12: =IF(OR($G12="",$S12=""),"",$G12-$S12) -> 0.3344474 | U12: =IFERROR(IF(ISBLANK(INDIRECT("'"&$Q$2&"'!K"&ROW())),"",INDIRECT("'"&$Q$2&"'!K"&ROW())),"") -> -0.18185672 | V12: =IF(OR($K12="",$U12=""),"",$K12-$U12) -> 0.13470646 | W12: =IFERROR(IF(ISBLANK(INDIRECT("'"&$Q$2&"'!O"&ROW())),"",INDIRECT("'"&$Q$2&"'!O"&ROW())),"") -> 44 | X12: =IF(OR($O12="",$W12=""),"",$O12-$W12) -> 16
A13: ВКонтакте | B13: Пуровский | C13: 47 | D13: 19819 | E13: =IF($D13="","",IFERROR(IF(ISBLANK(INDIRECT("'"&$Q$2&"'!D"&ROW())),"",INDIRECT("'"&$Q$2&"'!D"&ROW())),"")) -> 33284 | F13: =IF(OR(D13="",E13=""),"",D13-E13) -> -13465 | G13: =IFERROR(F13/E13,"") -> -0.40454873 | H13: 287 | I13: =IF($H13="","",IFERROR(IF(ISBLANK(INDIRECT("'"&$Q$2&"'!H"&ROW())),"",INDIRECT("'"&$Q$2&"'!H"&ROW())),"")) -> 353 | J13: =IF(OR(H13="",I13=""),"",H13-I13) -> -66 | K13: =IFERROR(J13/I13,"") -> -0.18696884 | L13: =IFERROR(D13/C13,"") -> 421.68085 | M13: =IFERROR(H13/D13*1000,"") -> 14.481054 | N13: 16429 | O13: =IFERROR(IF(OR(N13="",ISBLANK(INDIRECT("'"&$Q$2&"'!N"&ROW()))),"",N13-INDIRECT("'"&$Q$2&"'!N"&ROW())),"") -> -14 | S13: =IFERROR(IF(ISBLANK(INDIRECT("'"&$Q$2&"'!G"&ROW())),"",INDIRECT("'"&$Q$2&"'!G"&ROW())),"") -> -0.31555245 | T13: =IF(OR($G13="",$S13=""),"",$G13-$S13) -> -0.088996284 | U13: =IFERROR(IF(ISBLANK(INDIRECT("'"&$Q$2&"'!K"&ROW())),"",INDIRECT("'"&$Q$2&"'!K"&ROW())),"") -> -0.5 | V13: =IF(OR($K13="",$U13=""),"",$K13-$U13) -> 0.31303116 | W13: =IFERROR(IF(ISBLANK(INDIRECT("'"&$Q$2&"'!O"&ROW())),"",INDIRECT("'"&$Q$2&"'!O"&ROW())),"") -> -4 | X13: =IF(OR($O13="",$W13=""),"",$O13-$W13) -> -10
A14: ВКонтакте | B14: Тазовский | C14: 65 | D14: 58490 | E14: =IF($D14="","",IFERROR(IF(ISBLANK(INDIRECT("'"&$Q$2&"'!D"&ROW())),"",INDIRECT("'"&$Q$2&"'!D"&ROW())),"")) -> 48840 | F14: =IF(OR(D14="",E14=""),"",D14-E14) -> 9650 | G14: =IFERROR(F14/E14,"") -> 0.19758395 | H14: 798 | I14: =IF($H14="","",IFERROR(IF(ISBLANK(INDIRECT("'"&$Q$2&"'!H"&ROW())),"",INDIRECT("'"&$Q$2&"'!H"&ROW())),"")) -> 534 | J14: =IF(OR(H14="",I14=""),"",H14-I14) -> 264 | K14: =IFERROR(J14/I14,"") -> 0.49438202 | L14: =IFERROR(D14/C14,"") -> 899.84615 | M14: =IFERROR(H14/D14*1000,"") -> 13.643358 | N14: 6468 | O14: =IFERROR(IF(OR(N14="",ISBLANK(INDIRECT("'"&$Q$2&"'!N"&ROW()))),"",N14-INDIRECT("'"&$Q$2&"'!N"&ROW())),"") -> 29 | S14: =IFERROR(IF(ISBLANK(INDIRECT("'"&$Q$2&"'!G"&ROW())),"",INDIRECT("'"&$Q$2&"'!G"&ROW())),"") -> -0.40630888 | T14: =IF(OR($G14="",$S14=""),"",$G14-$S14) -> 0.60389283 | U14: =IFERROR(IF(ISBLANK(INDIRECT("'"&$Q$2&"'!K"&ROW())),"",INDIRECT("'"&$Q$2&"'!K"&ROW())),"") -> -0.32147395 | V14: =IF(OR($K14="",$U14=""),"",$K14-$U14) -> 0.81585597 | W14: =IFERROR(IF(ISBLANK(INDIRECT("'"&$Q$2&"'!O"&ROW())),"",INDIRECT("'"&$Q$2&"'!O"&ROW())),"") -> 37 | X14: =IF(OR($O14="",$W14=""),"",$O14-$W14) -> -8
A15: ВКонтакте | B15: Красноселькуп | C15: 27 | D15: 33209 | E15: =IF($D15="","",IFERROR(IF(ISBLANK(INDIRECT("'"&$Q$2&"'!D"&ROW())),"",INDIRECT("'"&$Q$2&"'!D"&ROW())),"")) -> 30735 | F15: =IF(OR(D15="",E15=""),"",D15-E15) -> 2474 | G15: =IFERROR(F15/E15,"") -> 0.08049455 | H15: 303 | I15: =IF($H15="","",IFERROR(IF(ISBLANK(INDIRECT("'"&$Q$2&"'!H"&ROW())),"",INDIRECT("'"&$Q$2&"'!H"&ROW())),"")) -> 302 | J15: =IF(OR(H15="",I15=""),"",H15-I15) -> 1 | K15: =IFERROR(J15/I15,"") -> 0.0033112583 | L15: =IFERROR(D15/C15,"") -> 1229.963 | M15: =IFERROR(H15/D15*1000,"") -> 9.1240326 | N15: 3699 | O15: =IFERROR(IF(OR(N15="",ISBLANK(INDIRECT("'"&$Q$2&"'!N"&ROW()))),"",N15-INDIRECT("'"&$Q$2&"'!N"&ROW())),"") -> 12 | S15: =IFERROR(IF(ISBLANK(INDIRECT("'"&$Q$2&"'!G"&ROW())),"",INDIRECT("'"&$Q$2&"'!G"&ROW())),"") -> -0.28873924 | T15: =IF(OR($G15="",$S15=""),"",$G15-$S15) -> 0.36923379 | U15: =IFERROR(IF(ISBLANK(INDIRECT("'"&$Q$2&"'!K"&ROW())),"",INDIRECT("'"&$Q$2&"'!K"&ROW())),"") -> -0.13218391 | V15: =IF(OR($K15="",$U15=""),"",$K15-$U15) -> 0.13549517 | W15: =IFERROR(IF(ISBLANK(INDIRECT("'"&$Q$2&"'!O"&ROW())),"",INDIRECT("'"&$Q$2&"'!O"&ROW())),"") -> 8 | X15: =IF(OR($O15="",$W15=""),"",$O15-$W15) -> 4
A16: ВКонтакте | B16: Ямальский | C16: 46 | D16: 86941 | E16: =IF($D16="","",IFERROR(IF(ISBLANK(INDIRECT("'"&$Q$2&"'!D"&ROW())),"",INDIRECT("'"&$Q$2&"'!D"&ROW())),"")) -> 99250 | F16: =IF(OR(D16="",E16=""),"",D16-E16) -> -12309 | G16: =IFERROR(F16/E16,"") -> -0.12402015 | H16: 723 | I16: =IF($H16="","",IFERROR(IF(ISBLANK(INDIRECT("'"&$Q$2&"'!H"&ROW())),"",INDIRECT("'"&$Q$2&"'!H"&ROW())),"")) -> 1001 | J16: =IF(OR(H16="",I16=""),"",H16-I16) -> -278 | K16: =IFERROR(J16/I16,"") -> -0.27772228 | L16: =IFERROR(D16/C16,"") -> 1890.0217 | M16: =IFERROR(H16/D16*1000,"") -> 8.3159844 | N16: 12902 | O16: =IFERROR(IF(OR(N16="",ISBLANK(INDIRECT("'"&$Q$2&"'!N"&ROW()))),"",N16-INDIRECT("'"&$Q$2&"'!N"&ROW())),"") -> 89 | S16: =IFERROR(IF(ISBLANK(INDIRECT("'"&$Q$2&"'!G"&ROW())),"",INDIRECT("'"&$Q$2&"'!G"&ROW())),"") -> -0.3737143 | T16: =IF(OR($G16="",$S16=""),"",$G16-$S16) -> 0.24969415 | U16: =IFERROR(IF(ISBLANK(INDIRECT("'"&$Q$2&"'!K"&ROW())),"",INDIRECT("'"&$Q$2&"'!K"&ROW())),"") -> -0.3317757 | V16: =IF(OR($K16="",$U16=""),"",$K16-$U16) -> 0.054053423 | W16: =IFERROR(IF(ISBLANK(INDIRECT("'"&$Q$2&"'!O"&ROW())),"",INDIRECT("'"&$Q$2&"'!O"&ROW())),"") -> 80 | X16: =IF(OR($O16="",$W16=""),"",$O16-$W16) -> 9
... A29: ВКонтакте | B29: Морошка | C29: 9 | D29: 26347 | E29: =IF($D29="","",IFERROR(IF(ISBLANK(INDIRECT("'"&$Q$2&"'!D"&ROW())),"",INDIRECT("'"&$Q$2&"'!D"&ROW())),"")) -> 10725 | F29: =IF(OR(D29="",E29=""),"",D29-E29) -> 15622 | G29: =IFERROR(F29/E29,"") -> 1.4565967 | H29: 363 | I29: =IF($H29="","",IFERROR(IF(ISBLANK(INDIRECT("'"&$Q$2&"'!H"&ROW())),"",INDIRECT("'"&$Q$2&"'!H"&ROW())),"")) -> 253 | J29: =IF(OR(H29="",I29=""),"",H29-I29) -> 110 | K29: =IFERROR(J29/I29,"") -> 0.43478261 | L29: =IFERROR(D29/C29,"") -> 2927.4444 | M29: =IFERROR(H29/D29*1000,"") -> 13.77766 | N29: 9759 | O29: =IFERROR(IF(OR(N29="",ISBLANK(INDIRECT("'"&$Q$2&"'!N"&ROW()))),"",N29-INDIRECT("'"&$Q$2&"'!N"&ROW())),"") -> 134 | S29: =IFERROR(IF(ISBLANK(INDIRECT("'"&$Q$2&"'!G"&ROW())),"",INDIRECT("'"&$Q$2&"'!G"&ROW())),"") -> 1.9255319 | T29: =IF(OR($G29="",$S29=""),"",$G29-$S29) -> -0.46893518 | U29: =IFERROR(IF(ISBLANK(INDIRECT("'"&$Q$2&"'!K"&ROW())),"",INDIRECT("'"&$Q$2&"'!K"&ROW())),"") -> 1.9764706 | V29: =IF(OR($K29="",$U29=""),"",$K29-$U29) -> -1.541688 | W29: =IFERROR(IF(ISBLANK(INDIRECT("'"&$Q$2&"'!O"&ROW())),"",INDIRECT("'"&$Q$2&"'!O"&ROW())),"") -> 23 | X29: =IF(OR($O29="",$W29=""),"",$O29-$W29) -> 111
B30: Итого ВКонтакте | C30: =SUM(C3:C29) -> 1796 | D30: =SUM(D3:D29) -> 5072194 | E30: =SUM(E3:E29) -> 4273439 | F30: =SUM(F3:F29) -> 798755 | G30: =IF(C30=0,"",IFERROR(F30/E30,"")) -> 0.18691152 | H30: =SUM(H3:H29) -> 33669 | I30: =SUM(I3:I29) -> 29907 | J30: =SUM(J3:J29) -> 3762 | K30: =IF(C30=0,"",IFERROR(J30/I30,"")) -> 0.12578995 | L30: =IFERROR(D30/C30,"") -> 2824.1615 | M30: =IFERROR(H30/D30*1000,"") -> 6.6379559 | N30: =SUM(N3:N29) -> 466322 | O30: =SUM(O3:O29) -> 1041 | S30: =IFERROR(IF(ISBLANK(INDIRECT("'"&$Q$2&"'!G"&ROW())),"",INDIRECT("'"&$Q$2&"'!G"&ROW())),"") -> 0.15698854 | T30: =IF(OR($G30="",$S30=""),"",$G30-$S30) -> 0.029922981 | U30: =IFERROR(IF(ISBLANK(INDIRECT("'"&$Q$2&"'!K"&ROW())),"",INDIRECT("'"&$Q$2&"'!K"&ROW())),"") -> -0.10623991 | V30: =IF(OR($K30="",$U30=""),"",$K30-$U30) -> 0.23202986 | W30: =IFERROR(IF(ISBLANK(INDIRECT("'"&$Q$2&"'!O"&ROW())),"",INDIRECT("'"&$Q$2&"'!O"&ROW())),"") -> 728 | X30: =IF(OR(C30=0,$O30="",$W30=""),"",$O30-$W30) -> 313
A31: Одноклассники | B31: Ямал-Медиа | C31: 114 | D31: 29953 | E31: =IF($D31="","",IFERROR(IF(ISBLANK(INDIRECT("'"&$Q$2&"'!D"&ROW())),"",INDIRECT("'"&$Q$2&"'!D"&ROW())),"")) -> 25088 | F31: =IF(OR(D31="",E31=""),"",D31-E31) -> 4865 | G31: =IFERROR(F31/E31,"") -> 0.19391741 | H31: 158 | I31: =IF($H31="","",IFERROR(IF(ISBLANK(INDIRECT("'"&$Q$2&"'!H"&ROW())),"",INDIRECT("'"&$Q$2&"'!H"&ROW())),"")) -> 112 | J31: =IF(OR(H31="",I31=""),"",H31-I31) -> 46 | K31: =IFERROR(J31/I31,"") -> 0.41071429 | L31: =IFERROR(D31/C31,"") -> 262.74561 | M31: =IFERROR(H31/D31*1000,"") -> 5.2749307 | N31: 32493 | O31: =IFERROR(IF(OR(N31="",ISBLANK(INDIRECT("'"&$Q$2&"'!N"&ROW()))),"",N31-INDIRECT("'"&$Q$2&"'!N"&ROW())),"") -> 2 | S31: =IFERROR(IF(ISBLANK(INDIRECT("'"&$Q$2&"'!G"&ROW())),"",INDIRECT("'"&$Q$2&"'!G"&ROW())),"") -> -0.31640327 | T31: =IF(OR($G31="",$S31=""),"",$G31-$S31) -> 0.51032068 | U31: =IFERROR(IF(ISBLANK(INDIRECT("'"&$Q$2&"'!K"&ROW())),"",INDIRECT("'"&$Q$2&"'!K"&ROW())),"") -> -0.034482759 | V31: =IF(OR($K31="",$U31=""),"",$K31-$U31) -> 0.44519704 | W31: =IFERROR(IF(ISBLANK(INDIRECT("'"&$Q$2&"'!O"&ROW())),"",INDIRECT("'"&$Q$2&"'!O"&ROW())),"") -> 3 | X31: =IF(OR($O31="",$W31=""),"",$O31-$W31) -> -1
A32: Одноклассники | B32: Север-Пресс | C32: 102 | D32: 35196 | E32: =IF($D32="","",IFERROR(IF(ISBLANK(INDIRECT("'"&$Q$2&"'!D"&ROW())),"",INDIRECT("'"&$Q$2&"'!D"&ROW())),"")) -> 31127 | F32: =IF(OR(D32="",E32=""),"",D32-E32) -> 4069 | G32: =IFERROR(F32/E32,"") -> 0.13072252 | H32: 30 | I32: =IF($H32="","",IFERROR(IF(ISBLANK(INDIRECT("'"&$Q$2&"'!H"&ROW())),"",INDIRECT("'"&$Q$2&"'!H"&ROW())),"")) -> 35 | J32: =IF(OR(H32="",I32=""),"",H32-I32) -> -5 | K32: =IFERROR(J32/I32,"") -> -0.14285714 | L32: =IFERROR(D32/C32,"") -> 345.05882 | M32: =IFERROR(H32/D32*1000,"") -> 0.85236959 | N32: 21739 | O32: =IFERROR(IF(OR(N32="",ISBLANK(INDIRECT("'"&$Q$2&"'!N"&ROW()))),"",N32-INDIRECT("'"&$Q$2&"'!N"&ROW())),"") -> 1 | S32: =IFERROR(IF(ISBLANK(INDIRECT("'"&$Q$2&"'!G"&ROW())),"",INDIRECT("'"&$Q$2&"'!G"&ROW())),"") -> -0.26260305 | T32: =IF(OR($G32="",$S32=""),"",$G32-$S32) -> 0.39332558 | U32: =IFERROR(IF(ISBLANK(INDIRECT("'"&$Q$2&"'!K"&ROW())),"",INDIRECT("'"&$Q$2&"'!K"&ROW())),"") -> -0.61956522 | V32: =IF(OR($K32="",$U32=""),"",$K32-$U32) -> 0.47670807 | W32: =IFERROR(IF(ISBLANK(INDIRECT("'"&$Q$2&"'!O"&ROW())),"",INDIRECT("'"&$Q$2&"'!O"&ROW())),"") -> 1 | X32: =IF(OR($O32="",$W32=""),"",$O32-$W32) -> 0
A33: Одноклассники | B33: Красный Север | C33: 73 | D33: 24690 | E33: =IF($D33="","",IFERROR(IF(ISBLANK(INDIRECT("'"&$Q$2&"'!D"&ROW())),"",INDIRECT("'"&$Q$2&"'!D"&ROW())),"")) -> 24654 | F33: =IF(OR(D33="",E33=""),"",D33-E33) -> 36 | G33: =IFERROR(F33/E33,"") -> 0.0014602093 | H33: 20 | I33: =IF($H33="","",IFERROR(IF(ISBLANK(INDIRECT("'"&$Q$2&"'!H"&ROW())),"",INDIRECT("'"&$Q$2&"'!H"&ROW())),"")) -> 18 | J33: =IF(OR(H33="",I33=""),"",H33-I33) -> 2 | K33: =IFERROR(J33/I33,"") -> 0.11111111 | L33: =IFERROR(D33/C33,"") -> 338.21918 | M33: =IFERROR(H33/D33*1000,"") -> 0.81004455 | N33: 8964 | O33: =IFERROR(IF(OR(N33="",ISBLANK(INDIRECT("'"&$Q$2&"'!N"&ROW()))),"",N33-INDIRECT("'"&$Q$2&"'!N"&ROW())),"") -> 6 | S33: =IFERROR(IF(ISBLANK(INDIRECT("'"&$Q$2&"'!G"&ROW())),"",INDIRECT("'"&$Q$2&"'!G"&ROW())),"") -> 0.47003756 | T33: =IF(OR($G33="",$S33=""),"",$G33-$S33) -> -0.46857736 | U33: =IFERROR(IF(ISBLANK(INDIRECT("'"&$Q$2&"'!K"&ROW())),"",INDIRECT("'"&$Q$2&"'!K"&ROW())),"") -> 2.6 | V33: =IF(OR($K33="",$U33=""),"",$K33-$U33) -> -2.4888889 | W33: =IFERROR(IF(ISBLANK(INDIRECT("'"&$Q$2&"'!O"&ROW())),"",INDIRECT("'"&$Q$2&"'!O"&ROW())),"") -> 1 | X33: =IF(OR($O33="",$W33=""),"",$O33-$W33) -> 5
A34: Одноклассники | B34: Новый Уренгой | C34: 78 | D34: 583 | E34: =IF($D34="","",IFERROR(IF(ISBLANK(INDIRECT("'"&$Q$2&"'!D"&ROW())),"",INDIRECT("'"&$Q$2&"'!D"&ROW())),"")) -> 604 | F34: =IF(OR(D34="",E34=""),"",D34-E34) -> -21 | G34: =IFERROR(F34/E34,"") -> -0.034768212 | H34: 0 | I34: =IF($H34="","",IFERROR(IF(ISBLANK(INDIRECT("'"&$Q$2&"'!H"&ROW())),"",INDIRECT("'"&$Q$2&"'!H"&ROW())),"")) -> 0 | J34: =IF(OR(H34="",I34=""),"",H34-I34) -> 0 | K34: =IFERROR(J34/I34,"") | L34: =IFERROR(D34/C34,"") -> 7.474359 | M34: =IFERROR(H34/D34*1000,"") -> 0 | N34: 6 | O34: =IFERROR(IF(OR(N34="",ISBLANK(INDIRECT("'"&$Q$2&"'!N"&ROW()))),"",N34-INDIRECT("'"&$Q$2&"'!N"&ROW())),"") -> 0 | S34: =IFERROR(IF(ISBLANK(INDIRECT("'"&$Q$2&"'!G"&ROW())),"",INDIRECT("'"&$Q$2&"'!G"&ROW())),"") -> -0.16227462 | T34: =IF(OR($G34="",$S34=""),"",$G34-$S34) -> 0.12750641 | U34: =IFERROR(IF(ISBLANK(INDIRECT("'"&$Q$2&"'!K"&ROW())),"",INDIRECT("'"&$Q$2&"'!K"&ROW())),"") | V34: =IF(OR($K34="",$U34=""),"",$K34-$U34) | W34: =IFERROR(IF(ISBLANK(INDIRECT("'"&$Q$2&"'!O"&ROW())),"",INDIRECT("'"&$Q$2&"'!O"&ROW())),"") -> 0 | X34: =IF(OR($O34="",$W34=""),"",$O34-$W34) -> 0
A35: Одноклассники | B35: Надым | C35: 73 | D35: 7094 | E35: =IF($D35="","",IFERROR(IF(ISBLANK(INDIRECT("'"&$Q$2&"'!D"&ROW())),"",INDIRECT("'"&$Q$2&"'!D"&ROW())),"")) -> 8859 | F35: =IF(OR(D35="",E35=""),"",D35-E35) -> -1765 | G35: =IFERROR(F35/E35,"") -> -0.19923242 | H35: 72 | I35: =IF($H35="","",IFERROR(IF(ISBLANK(INDIRECT("'"&$Q$2&"'!H"&ROW())),"",INDIRECT("'"&$Q$2&"'!H"&ROW())),"")) -> 70 | J35: =IF(OR(H35="",I35=""),"",H35-I35) -> 2 | K35: =IFERROR(J35/I35,"") -> 0.028571429 | L35: =IFERROR(D35/C35,"") -> 97.178082 | M35: =IFERROR(H35/D35*1000,"") -> 10.149422 | N35: 1943 | O35: =IFERROR(IF(OR(N35="",ISBLANK(INDIRECT("'"&$Q$2&"'!N"&ROW()))),"",N35-INDIRECT("'"&$Q$2&"'!N"&ROW())),"") -> 2 | S35: =IFERROR(IF(ISBLANK(INDIRECT("'"&$Q$2&"'!G"&ROW())),"",INDIRECT("'"&$Q$2&"'!G"&ROW())),"") -> -0.064717061 | T35: =IF(OR($G35="",$S35=""),"",$G35-$S35) -> -0.13451536 | U35: =IFERROR(IF(ISBLANK(INDIRECT("'"&$Q$2&"'!K"&ROW())),"",INDIRECT("'"&$Q$2&"'!K"&ROW())),"") -> 0.45833333 | V35: =IF(OR($K35="",$U35=""),"",$K35-$U35) -> -0.4297619 | W35: =IFERROR(IF(ISBLANK(INDIRECT("'"&$Q$2&"'!O"&ROW())),"",INDIRECT("'"&$Q$2&"'!O"&ROW())),"") -> 0 | X35: =IF(OR($O35="",$W35=""),"",$O35-$W35) -> 2
A36: Одноклассники | B36: Ноябрьск | C36: 83 | D36: 35834 | E36: =IF($D36="","",IFERROR(IF(ISBLANK(INDIRECT("'"&$Q$2&"'!D"&ROW())),"",INDIRECT("'"&$Q$2&"'!D"&ROW())),"")) | F36: =IF(OR(D36="",E36=""),"",D36-E36) | G36: =IFERROR(F36/E36,"") | H36: 491 | I36: =IF($H36="","",IFERROR(IF(ISBLANK(INDIRECT("'"&$Q$2&"'!H"&ROW())),"",INDIRECT("'"&$Q$2&"'!H"&ROW())),"")) | J36: =IF(OR(H36="",I36=""),"",H36-I36) | K36: =IFERROR(J36/I36,"") | L36: =IFERROR(D36/C36,"") -> 431.73494 | M36: =IFERROR(H36/D36*1000,"") -> 13.702071 | N36: 5896 | O36: =IFERROR(IF(OR(N36="",ISBLANK(INDIRECT("'"&$Q$2&"'!N"&ROW()))),"",N36-INDIRECT("'"&$Q$2&"'!N"&ROW())),"") | S36: =IFERROR(IF(ISBLANK(INDIRECT("'"&$Q$2&"'!G"&ROW())),"",INDIRECT("'"&$Q$2&"'!G"&ROW())),"") | T36: =IF(OR($G36="",$S36=""),"",$G36-$S36) | U36: =IFERROR(IF(ISBLANK(INDIRECT("'"&$Q$2&"'!K"&ROW())),"",INDIRECT("'"&$Q$2&"'!K"&ROW())),"") | V36: =IF(OR($K36="",$U36=""),"",$K36-$U36) | W36: =IFERROR(IF(ISBLANK(INDIRECT("'"&$Q$2&"'!O"&ROW())),"",INDIRECT("'"&$Q$2&"'!O"&ROW())),"") | X36: =IF(OR($O36="",$W36=""),"",$O36-$W36)
A37: Одноклассники | B37: Салехард | C37: 130 | D37: 7921 | E37: =IF($D37="","",IFERROR(IF(ISBLANK(INDIRECT("'"&$Q$2&"'!D"&ROW())),"",INDIRECT("'"&$Q$2&"'!D"&ROW())),"")) -> 5607 | F37: =IF(OR(D37="",E37=""),"",D37-E37) -> 2314 | G37: =IFERROR(F37/E37,"") -> 0.41269841 | H37: 96 | I37: =IF($H37="","",IFERROR(IF(ISBLANK(INDIRECT("'"&$Q$2&"'!H"&ROW())),"",INDIRECT("'"&$Q$2&"'!H"&ROW())),"")) -> 18 | J37: =IF(OR(H37="",I37=""),"",H37-I37) -> 78 | K37: =IFERROR(J37/I37,"") -> 4.3333333 | L37: =IFERROR(D37/C37,"") -> 60.930769 | M37: =IFERROR(H37/D37*1000,"") -> 12.119682 | N37: 3239 | O37: =IFERROR(IF(OR(N37="",ISBLANK(INDIRECT("'"&$Q$2&"'!N"&ROW()))),"",N37-INDIRECT("'"&$Q$2&"'!N"&ROW())),"") -> 1 | S37: =IFERROR(IF(ISBLANK(INDIRECT("'"&$Q$2&"'!G"&ROW())),"",INDIRECT("'"&$Q$2&"'!G"&ROW())),"") -> -0.13791513 | T37: =IF(OR($G37="",$S37=""),"",$G37-$S37) -> 0.55061354 | U37: =IFERROR(IF(ISBLANK(INDIRECT("'"&$Q$2&"'!K"&ROW())),"",INDIRECT("'"&$Q$2&"'!K"&ROW())),"") -> -0.625 | V37: =IF(OR($K37="",$U37=""),"",$K37-$U37) -> 4.9583333 | W37: =IFERROR(IF(ISBLANK(INDIRECT("'"&$Q$2&"'!O"&ROW())),"",INDIRECT("'"&$Q$2&"'!O"&ROW())),"") -> 1 | X37: =IF(OR($O37="",$W37=""),"",$O37-$W37) -> 0
A38: Одноклассники | B38: Приуралье | C38: 104 | D38: 10012 | E38: =IF($D38="","",IFERROR(IF(ISBLANK(INDIRECT("'"&$Q$2&"'!D"&ROW())),"",INDIRECT("'"&$Q$2&"'!D"&ROW())),"")) -> 9151 | F38: =IF(OR(D38="",E38=""),"",D38-E38) -> 861 | G38: =IFERROR(F38/E38,"") -> 0.094088078 | H38: 273 | I38: =IF($H38="","",IFERROR(IF(ISBLANK(INDIRECT("'"&$Q$2&"'!H"&ROW())),"",INDIRECT("'"&$Q$2&"'!H"&ROW())),"")) -> 151 | J38: =IF(OR(H38="",I38=""),"",H38-I38) -> 122 | K38: =IFERROR(J38/I38,"") -> 0.80794702 | L38: =IFERROR(D38/C38,"") -> 96.269231 | M38: =IFERROR(H38/D38*1000,"") -> 27.267279 | N38: 1716 | O38: =IFERROR(IF(OR(N38="",ISBLANK(INDIRECT("'"&$Q$2&"'!N"&ROW()))),"",N38-INDIRECT("'"&$Q$2&"'!N"&ROW())),"") -> 5 | S38: =IFERROR(IF(ISBLANK(INDIRECT("'"&$Q$2&"'!G"&ROW())),"",INDIRECT("'"&$Q$2&"'!G"&ROW())),"") -> -0.15945623 | T38: =IF(OR($G38="",$S38=""),"",$G38-$S38) -> 0.25354431 | U38: =IFERROR(IF(ISBLANK(INDIRECT("'"&$Q$2&"'!K"&ROW())),"",INDIRECT("'"&$Q$2&"'!K"&ROW())),"") -> -0.17486339 | V38: =IF(OR($K38="",$U38=""),"",$K38-$U38) -> 0.98281041 | W38: =IFERROR(IF(ISBLANK(INDIRECT("'"&$Q$2&"'!O"&ROW())),"",INDIRECT("'"&$Q$2&"'!O"&ROW())),"") -> 0 | X38: =IF(OR($O38="",$W38=""),"",$O38-$W38) -> 5
A39: Одноклассники | B39: Лабытнанги | C39: 55 | D39: 4149 | E39: =IF($D39="","",IFERROR(IF(ISBLANK(INDIRECT("'"&$Q$2&"'!D"&ROW())),"",INDIRECT("'"&$Q$2&"'!D"&ROW())),"")) -> 4189 | F39: =IF(OR(D39="",E39=""),"",D39-E39) -> -40 | G39: =IFERROR(F39/E39,"") -> -0.0095488183 | H39: 2 | I39: =IF($H39="","",IFERROR(IF(ISBLANK(INDIRECT("'"&$Q$2&"'!H"&ROW())),"",INDIRECT("'"&$Q$2&"'!H"&ROW())),"")) -> 3 | J39: =IF(OR(H39="",I39=""),"",H39-I39) -> -1 | K39: =IFERROR(J39/I39,"") -> -0.33333333 | L39: =IFERROR(D39/C39,"") -> 75.436364 | M39: =IFERROR(H39/D39*1000,"") -> 0.48204387 | N39: 226 | O39: =IFERROR(IF(OR(N39="",ISBLANK(INDIRECT("'"&$Q$2&"'!N"&ROW()))),"",N39-INDIRECT("'"&$Q$2&"'!N"&ROW())),"") -> 1 | S39: =IFERROR(IF(ISBLANK(INDIRECT("'"&$Q$2&"'!G"&ROW())),"",INDIRECT("'"&$Q$2&"'!G"&ROW())),"") -> -0.0054605888 | T39: =IF(OR($G39="",$S39=""),"",$G39-$S39) -> -0.0040882295 | U39: =IFERROR(IF(ISBLANK(INDIRECT("'"&$Q$2&"'!K"&ROW())),"",INDIRECT("'"&$Q$2&"'!K"&ROW())),"") -> -0.625 | V39: =IF(OR($K39="",$U39=""),"",$K39-$U39) -> 0.29166667 | W39: =IFERROR(IF(ISBLANK(INDIRECT("'"&$Q$2&"'!O"&ROW())),"",INDIRECT("'"&$Q$2&"'!O"&ROW())),"") -> 0 | X39: =IF(OR($O39="",$W39=""),"",$O39-$W39) -> 1
A40: Одноклассники | B40: Пуровский | C40: 37 | D40: 4445 | E40: =IF($D40="","",IFERROR(IF(ISBLANK(INDIRECT("'"&$Q$2&"'!D"&ROW())),"",INDIRECT("'"&$Q$2&"'!D"&ROW())),"")) | F40: =IF(OR(D40="",E40=""),"",D40-E40) | G40: =IFERROR(F40/E40,"") | H40: 51 | I40: =IF($H40="","",IFERROR(IF(ISBLANK(INDIRECT("'"&$Q$2&"'!H"&ROW())),"",INDIRECT("'"&$Q$2&"'!H"&ROW())),"")) | J40: =IF(OR(H40="",I40=""),"",H40-I40) | K40: =IFERROR(J40/I40,"") | L40: =IFERROR(D40/C40,"") -> 120.13514 | M40: =IFERROR(H40/D40*1000,"") -> 11.473566 | N40: 4962 | O40: =IFERROR(IF(OR(N40="",ISBLANK(INDIRECT("'"&$Q$2&"'!N"&ROW()))),"",N40-INDIRECT("'"&$Q$2&"'!N"&ROW())),"") | S40: =IFERROR(IF(ISBLANK(INDIRECT("'"&$Q$2&"'!G"&ROW())),"",INDIRECT("'"&$Q$2&"'!G"&ROW())),"") | T40: =IF(OR($G40="",$S40=""),"",$G40-$S40) | U40: =IFERROR(IF(ISBLANK(INDIRECT("'"&$Q$2&"'!K"&ROW())),"",INDIRECT("'"&$Q$2&"'!K"&ROW())),"") | V40: =IF(OR($K40="",$U40=""),"",$K40-$U40) | W40: =IFERROR(IF(ISBLANK(INDIRECT("'"&$Q$2&"'!O"&ROW())),"",INDIRECT("'"&$Q$2&"'!O"&ROW())),"") | X40: =IF(OR($O40="",$W40=""),"",$O40-$W40)
A41: Одноклассники | B41: Тазовский | C41: 55 | D41: 12178 | E41: =IF($D41="","",IFERROR(IF(ISBLANK(INDIRECT("'"&$Q$2&"'!D"&ROW())),"",INDIRECT("'"&$Q$2&"'!D"&ROW())),"")) -> 12390 | F41: =IF(OR(D41="",E41=""),"",D41-E41) -> -212 | G41: =IFERROR(F41/E41,"") -> -0.017110573 | H41: 109 | I41: =IF($H41="","",IFERROR(IF(ISBLANK(INDIRECT("'"&$Q$2&"'!H"&ROW())),"",INDIRECT("'"&$Q$2&"'!H"&ROW())),"")) -> 121 | J41: =IF(OR(H41="",I41=""),"",H41-I41) -> -12 | K41: =IFERROR(J41/I41,"") -> -0.099173554 | L41: =IFERROR(D41/C41,"") -> 221.41818 | M41: =IFERROR(H41/D41*1000,"") -> 8.9505666 | N41: 3532 | O41: =IFERROR(IF(OR(N41="",ISBLANK(INDIRECT("'"&$Q$2&"'!N"&ROW()))),"",N41-INDIRECT("'"&$Q$2&"'!N"&ROW())),"") -> 1 | S41: =IFERROR(IF(ISBLANK(INDIRECT("'"&$Q$2&"'!G"&ROW())),"",INDIRECT("'"&$Q$2&"'!G"&ROW())),"") -> -0.031274433 | T41: =IF(OR($G41="",$S41=""),"",$G41-$S41) -> 0.01416386 | U41: =IFERROR(IF(ISBLANK(INDIRECT("'"&$Q$2&"'!K"&ROW())),"",INDIRECT("'"&$Q$2&"'!K"&ROW())),"") -> 0.18627451 | V41: =IF(OR($K41="",$U41=""),"",$K41-$U41) -> -0.28544806 | W41: =IFERROR(IF(ISBLANK(INDIRECT("'"&$Q$2&"'!O"&ROW())),"",INDIRECT("'"&$Q$2&"'!O"&ROW())),"") -> 2 | X41: =IF(OR($O41="",$W41=""),"",$O41-$W41) -> -1
A42: Одноклассники | B42: Красноселькуп | C42: 24 | D42: 5911 | E42: =IF($D42="","",IFERROR(IF(ISBLANK(INDIRECT("'"&$Q$2&"'!D"&ROW())),"",INDIRECT("'"&$Q$2&"'!D"&ROW())),"")) -> 6594 | F42: =IF(OR(D42="",E42=""),"",D42-E42) -> -683 | G42: =IFERROR(F42/E42,"") -> -0.10357901 | H42: 82 | I42: =IF($H42="","",IFERROR(IF(ISBLANK(INDIRECT("'"&$Q$2&"'!H"&ROW())),"",INDIRECT("'"&$Q$2&"'!H"&ROW())),"")) -> 83 | J42: =IF(OR(H42="",I42=""),"",H42-I42) -> -1 | K42: =IFERROR(J42/I42,"") -> -0.012048193 | L42: =IFERROR(D42/C42,"") -> 246.29167 | M42: =IFERROR(H42/D42*1000,"") -> 13.872441 | N42: 655 | O42: =IFERROR(IF(OR(N42="",ISBLANK(INDIRECT("'"&$Q$2&"'!N"&ROW()))),"",N42-INDIRECT("'"&$Q$2&"'!N"&ROW())),"") -> 2 | S42: =IFERROR(IF(ISBLANK(INDIRECT("'"&$Q$2&"'!G"&ROW())),"",INDIRECT("'"&$Q$2&"'!G"&ROW())),"") -> -0.12278835 | T42: =IF(OR($G42="",$S42=""),"",$G42-$S42) -> 0.019209335 | U42: =IFERROR(IF(ISBLANK(INDIRECT("'"&$Q$2&"'!K"&ROW())),"",INDIRECT("'"&$Q$2&"'!K"&ROW())),"") -> -0.37593985 | V42: =IF(OR($K42="",$U42=""),"",$K42-$U42) -> 0.36389166 | W42: =IFERROR(IF(ISBLANK(INDIRECT("'"&$Q$2&"'!O"&ROW())),"",INDIRECT("'"&$Q$2&"'!O"&ROW())),"") -> 2 | X42: =IF(OR($O42="",$W42=""),"",$O42-$W42) -> 0
... A50: Одноклассники | B50: Морошка | C50: 5 | D50: 388 | E50: =IF($D50="","",IFERROR(IF(ISBLANK(INDIRECT("'"&$Q$2&"'!D"&ROW())),"",INDIRECT("'"&$Q$2&"'!D"&ROW())),"")) | F50: =IF(OR(D50="",E50=""),"",D50-E50) | G50: =IFERROR(F50/E50,"") | H50: 2 | I50: =IF($H50="","",IFERROR(IF(ISBLANK(INDIRECT("'"&$Q$2&"'!H"&ROW())),"",INDIRECT("'"&$Q$2&"'!H"&ROW())),"")) | J50: =IF(OR(H50="",I50=""),"",H50-I50) | K50: =IFERROR(J50/I50,"") | L50: =IFERROR(D50/C50,"") -> 77.6 | M50: =IFERROR(H50/D50*1000,"") -> 5.1546392 | N50: 43 | O50: =IFERROR(IF(OR(N50="",ISBLANK(INDIRECT("'"&$Q$2&"'!N"&ROW()))),"",N50-INDIRECT("'"&$Q$2&"'!N"&ROW())),"") | S50: =IFERROR(IF(ISBLANK(INDIRECT("'"&$Q$2&"'!G"&ROW())),"",INDIRECT("'"&$Q$2&"'!G"&ROW())),"") | T50: =IF(OR($G50="",$S50=""),"",$G50-$S50) | U50: =IFERROR(IF(ISBLANK(INDIRECT("'"&$Q$2&"'!K"&ROW())),"",INDIRECT("'"&$Q$2&"'!K"&ROW())),"") | V50: =IF(OR($K50="",$U50=""),"",$K50-$U50) | W50: =IFERROR(IF(ISBLANK(INDIRECT("'"&$Q$2&"'!O"&ROW())),"",INDIRECT("'"&$Q$2&"'!O"&ROW())),"") | X50: =IF(OR($O50="",$W50=""),"",$O50-$W50)
B51: Итого Одноклассники | C51: =SUM(C31:C50) -> 1392 | D51: =SUM(D31:D50) -> 244021 | E51: =SUM(E31:E50) -> 177893 | F51: =SUM(F31:F50) -> 12837 | G51: =IF(C51=0,"",IFERROR(F51/E51,"")) -> 0.072161355 | H51: =SUM(H31:H50) -> 2293 | I51: =SUM(I31:I50) -> 1166 | J51: =SUM(J31:J50) -> 204 | K51: =IF(C51=0,"",IFERROR(J51/I51,"")) -> 0.17495712 | L51: =IFERROR(D51/C51,"") -> 175.30244 | M51: =IFERROR(H51/D51*1000,"") -> 9.3967322 | N51: =SUM(N31:N50) -> 107072 | O51: =SUM(O31:O50) -> 31 | S51: =IFERROR(IF(ISBLANK(INDIRECT("'"&$Q$2&"'!G"&ROW())),"",INDIRECT("'"&$Q$2&"'!G"&ROW())),"") -> -0.15483436 | T51: =IF(OR($G51="",$S51=""),"",$G51-$S51) -> 0.22699571 | U51: =IFERROR(IF(ISBLANK(INDIRECT("'"&$Q$2&"'!K"&ROW())),"",INDIRECT("'"&$Q$2&"'!K"&ROW())),"") -> -0.17945109 | V51: =IF(OR($K51="",$U51=""),"",$K51-$U51) -> 0.35440821 | W51: =IFERROR(IF(ISBLANK(INDIRECT("'"&$Q$2&"'!O"&ROW())),"",INDIRECT("'"&$Q$2&"'!O"&ROW())),"") -> 14 | X51: =IF(OR(C51=0,$O51="",$W51=""),"",$O51-$W51) -> 17
A52: Telegram | B52: Ямал-Медиа | C52: 140 | D52: 57464 | E52: =IF($D52="","",IFERROR(IF(ISBLANK(INDIRECT("'"&$Q$2&"'!D"&ROW())),"",INDIRECT("'"&$Q$2&"'!D"&ROW())),"")) -> 86846 | F52: =IF(OR(D52="",E52=""),"",D52-E52) -> -29382 | G52: =IFERROR(F52/E52,"") -> -0.33832301 | H52: 262 | I52: =IF($H52="","",IFERROR(IF(ISBLANK(INDIRECT("'"&$Q$2&"'!H"&ROW())),"",INDIRECT("'"&$Q$2&"'!H"&ROW())),"")) -> 262 | J52: =IF(OR(H52="",I52=""),"",H52-I52) -> 0 | K52: =IFERROR(J52/I52,"") -> 0 | L52: =IFERROR(D52/C52,"") -> 410.45714 | M52: =IFERROR(H52/D52*1000,"") -> 4.5593763 | N52: 11741 | O52: =IFERROR(IF(OR(N52="",ISBLANK(INDIRECT("'"&$Q$2&"'!N"&ROW()))),"",N52-INDIRECT("'"&$Q$2&"'!N"&ROW())),"") -> -23 | S52: =IFERROR(IF(ISBLANK(INDIRECT("'"&$Q$2&"'!G"&ROW())),"",INDIRECT("'"&$Q$2&"'!G"&ROW())),"") -> 1.0867413 | T52: =IF(OR($G52="",$S52=""),"",$G52-$S52) -> -1.4250643 | U52: =IFERROR(IF(ISBLANK(INDIRECT("'"&$Q$2&"'!K"&ROW())),"",INDIRECT("'"&$Q$2&"'!K"&ROW())),"") -> 0.019455253 | V52: =IF(OR($K52="",$U52=""),"",$K52-$U52) -> -0.019455253 | W52: =IFERROR(IF(ISBLANK(INDIRECT("'"&$Q$2&"'!O"&ROW())),"",INDIRECT("'"&$Q$2&"'!O"&ROW())),"") -> -25 | X52: =IF(OR($O52="",$W52=""),"",$O52-$W52) -> 2
A53: Telegram | B53: Север-Пресс | C53: 135 | D53: 43678 | E53: =IF($D53="","",IFERROR(IF(ISBLANK(INDIRECT("'"&$Q$2&"'!D"&ROW())),"",INDIRECT("'"&$Q$2&"'!D"&ROW())),"")) -> 15751 | F53: =IF(OR(D53="",E53=""),"",D53-E53) -> 27927 | G53: =IFERROR(F53/E53,"") -> 1.7730303 | H53: 41 | I53: =IF($H53="","",IFERROR(IF(ISBLANK(INDIRECT("'"&$Q$2&"'!H"&ROW())),"",INDIRECT("'"&$Q$2&"'!H"&ROW())),"")) -> 58 | J53: =IF(OR(H53="",I53=""),"",H53-I53) -> -17 | K53: =IFERROR(J53/I53,"") -> -0.29310345 | L53: =IFERROR(D53/C53,"") -> 323.54074 | M53: =IFERROR(H53/D53*1000,"") -> 0.93868767 | N53: 4790 | O53: =IFERROR(IF(OR(N53="",ISBLANK(INDIRECT("'"&$Q$2&"'!N"&ROW()))),"",N53-INDIRECT("'"&$Q$2&"'!N"&ROW())),"") -> -21 | S53: =IFERROR(IF(ISBLANK(INDIRECT("'"&$Q$2&"'!G"&ROW())),"",INDIRECT("'"&$Q$2&"'!G"&ROW())),"") -> -0.54881123 | T53: =IF(OR($G53="",$S53=""),"",$G53-$S53) -> 2.3218415 | U53: =IFERROR(IF(ISBLANK(INDIRECT("'"&$Q$2&"'!K"&ROW())),"",INDIRECT("'"&$Q$2&"'!K"&ROW())),"") -> 0.41463415 | V53: =IF(OR($K53="",$U53=""),"",$K53-$U53) -> -0.70773759 | W53: =IFERROR(IF(ISBLANK(INDIRECT("'"&$Q$2&"'!O"&ROW())),"",INDIRECT("'"&$Q$2&"'!O"&ROW())),"") -> -6 | X53: =IF(OR($O53="",$W53=""),"",$O53-$W53) -> -15
A54: Telegram | B54: Красный Север | C54: 85 | D54: 1927 | E54: =IF($D54="","",IFERROR(IF(ISBLANK(INDIRECT("'"&$Q$2&"'!D"&ROW())),"",INDIRECT("'"&$Q$2&"'!D"&ROW())),"")) -> 2041 | F54: =IF(OR(D54="",E54=""),"",D54-E54) -> -114 | G54: =IFERROR(F54/E54,"") -> -0.055854973 | H54: 2 | I54: =IF($H54="","",IFERROR(IF(ISBLANK(INDIRECT("'"&$Q$2&"'!H"&ROW())),"",INDIRECT("'"&$Q$2&"'!H"&ROW())),"")) -> 2 | J54: =IF(OR(H54="",I54=""),"",H54-I54) -> 0 | K54: =IFERROR(J54/I54,"") -> 0 | L54: =IFERROR(D54/C54,"") -> 22.670588 | M54: =IFERROR(H54/D54*1000,"") -> 1.0378827 | N54: 868 | O54: =IFERROR(IF(OR(N54="",ISBLANK(INDIRECT("'"&$Q$2&"'!N"&ROW()))),"",N54-INDIRECT("'"&$Q$2&"'!N"&ROW())),"") -> -2 | S54: =IFERROR(IF(ISBLANK(INDIRECT("'"&$Q$2&"'!G"&ROW())),"",INDIRECT("'"&$Q$2&"'!G"&ROW())),"") -> -0.21920428 | T54: =IF(OR($G54="",$S54=""),"",$G54-$S54) -> 0.16334931 | U54: =IFERROR(IF(ISBLANK(INDIRECT("'"&$Q$2&"'!K"&ROW())),"",INDIRECT("'"&$Q$2&"'!K"&ROW())),"") -> 1 | V54: =IF(OR($K54="",$U54=""),"",$K54-$U54) -> -1 | W54: =IFERROR(IF(ISBLANK(INDIRECT("'"&$Q$2&"'!O"&ROW())),"",INDIRECT("'"&$Q$2&"'!O"&ROW())),"") -> -3 | X54: =IF(OR($O54="",$W54=""),"",$O54-$W54) -> 1
A55: Telegram | B55: СМП | C55: 9 | D55: 6726 | E55: =IF($D55="","",IFERROR(IF(ISBLANK(INDIRECT("'"&$Q$2&"'!D"&ROW())),"",INDIRECT("'"&$Q$2&"'!D"&ROW())),"")) -> 6440 | F55: =IF(OR(D55="",E55=""),"",D55-E55) -> 286 | G55: =IFERROR(F55/E55,"") -> 0.044409938 | H55: 28 | I55: =IF($H55="","",IFERROR(IF(ISBLANK(INDIRECT("'"&$Q$2&"'!H"&ROW())),"",INDIRECT("'"&$Q$2&"'!H"&ROW())),"")) -> 59 | J55: =IF(OR(H55="",I55=""),"",H55-I55) -> -31 | K55: =IFERROR(J55/I55,"") -> -0.52542373 | L55: =IFERROR(D55/C55,"") -> 747.33333 | M55: =IFERROR(H55/D55*1000,"") -> 4.1629497 | N55: 13804 | O55: =IFERROR(IF(OR(N55="",ISBLANK(INDIRECT("'"&$Q$2&"'!N"&ROW()))),"",N55-INDIRECT("'"&$Q$2&"'!N"&ROW())),"") -> 5 | S55: =IFERROR(IF(ISBLANK(INDIRECT("'"&$Q$2&"'!G"&ROW())),"",INDIRECT("'"&$Q$2&"'!G"&ROW())),"") -> -0.8130407 | T55: =IF(OR($G55="",$S55=""),"",$G55-$S55) -> 0.85745064 | U55: =IFERROR(IF(ISBLANK(INDIRECT("'"&$Q$2&"'!K"&ROW())),"",INDIRECT("'"&$Q$2&"'!K"&ROW())),"") -> 1.1071429 | V55: =IF(OR($K55="",$U55=""),"",$K55-$U55) -> -1.6325666 | W55: =IFERROR(IF(ISBLANK(INDIRECT("'"&$Q$2&"'!O"&ROW())),"",INDIRECT("'"&$Q$2&"'!O"&ROW())),"") -> -20 | X55: =IF(OR($O55="",$W55=""),"",$O55-$W55) -> 25
A56: Telegram | B56: СШХ | C56: 10 | D56: 2676 | E56: =IF($D56="","",IFERROR(IF(ISBLANK(INDIRECT("'"&$Q$2&"'!D"&ROW())),"",INDIRECT("'"&$Q$2&"'!D"&ROW())),"")) -> 2278 | F56: =IF(OR(D56="",E56=""),"",D56-E56) -> 398 | G56: =IFERROR(F56/E56,"") -> 0.17471466 | H56: 24 | I56: =IF($H56="","",IFERROR(IF(ISBLANK(INDIRECT("'"&$Q$2&"'!H"&ROW())),"",INDIRECT("'"&$Q$2&"'!H"&ROW())),"")) -> 12 | J56: =IF(OR(H56="",I56=""),"",H56-I56) -> 12 | K56: =IFERROR(J56/I56,"") -> 1 | L56: =IFERROR(D56/C56,"") -> 267.6 | M56: =IFERROR(H56/D56*1000,"") -> 8.9686099 | N56: 8653 | O56: =IFERROR(IF(OR(N56="",ISBLANK(INDIRECT("'"&$Q$2&"'!N"&ROW()))),"",N56-INDIRECT("'"&$Q$2&"'!N"&ROW())),"") -> -5 | S56: =IFERROR(IF(ISBLANK(INDIRECT("'"&$Q$2&"'!G"&ROW())),"",INDIRECT("'"&$Q$2&"'!G"&ROW())),"") -> 0.35273159 | T56: =IF(OR($G56="",$S56=""),"",$G56-$S56) -> -0.17801693 | U56: =IFERROR(IF(ISBLANK(INDIRECT("'"&$Q$2&"'!K"&ROW())),"",INDIRECT("'"&$Q$2&"'!K"&ROW())),"") -> 0.2 | V56: =IF(OR($K56="",$U56=""),"",$K56-$U56) -> 0.8 | W56: =IFERROR(IF(ISBLANK(INDIRECT("'"&$Q$2&"'!O"&ROW())),"",INDIRECT("'"&$Q$2&"'!O"&ROW())),"") -> -2 | X56: =IF(OR($O56="",$W56=""),"",$O56-$W56) -> -3
A57: Telegram | B57: Новый Уренгой | C57: 103 | D57: 53833 | E57: =IF($D57="","",IFERROR(IF(ISBLANK(INDIRECT("'"&$Q$2&"'!D"&ROW())),"",INDIRECT("'"&$Q$2&"'!D"&ROW())),"")) -> 63521 | F57: =IF(OR(D57="",E57=""),"",D57-E57) -> -9688 | G57: =IFERROR(F57/E57,"") -> -0.15251649 | H57: 201 | I57: =IF($H57="","",IFERROR(IF(ISBLANK(INDIRECT("'"&$Q$2&"'!H"&ROW())),"",INDIRECT("'"&$Q$2&"'!H"&ROW())),"")) -> 249 | J57: =IF(OR(H57="",I57=""),"",H57-I57) -> -48 | K57: =IFERROR(J57/I57,"") -> -0.19277108 | L57: =IFERROR(D57/C57,"") -> 522.65049 | M57: =IFERROR(H57/D57*1000,"") -> 3.7337692 | N57: 10864 | O57: =IFERROR(IF(OR(N57="",ISBLANK(INDIRECT("'"&$Q$2&"'!N"&ROW()))),"",N57-INDIRECT("'"&$Q$2&"'!N"&ROW())),"") -> -17 | S57: =IFERROR(IF(ISBLANK(INDIRECT("'"&$Q$2&"'!G"&ROW())),"",INDIRECT("'"&$Q$2&"'!G"&ROW())),"") -> -0.21048772 | T57: =IF(OR($G57="",$S57=""),"",$G57-$S57) -> 0.057971229 | U57: =IFERROR(IF(ISBLANK(INDIRECT("'"&$Q$2&"'!K"&ROW())),"",INDIRECT("'"&$Q$2&"'!K"&ROW())),"") -> -0.28242075 | V57: =IF(OR($K57="",$U57=""),"",$K57-$U57) -> 0.089649665 | W57: =IFERROR(IF(ISBLANK(INDIRECT("'"&$Q$2&"'!O"&ROW())),"",INDIRECT("'"&$Q$2&"'!O"&ROW())),"") -> -31 | X57: =IF(OR($O57="",$W57=""),"",$O57-$W57) -> 14
A58: Telegram | B58: Надым | C58: 82 | D58: 18052 | E58: =IF($D58="","",IFERROR(IF(ISBLANK(INDIRECT("'"&$Q$2&"'!D"&ROW())),"",INDIRECT("'"&$Q$2&"'!D"&ROW())),"")) -> 21693 | F58: =IF(OR(D58="",E58=""),"",D58-E58) -> -3641 | G58: =IFERROR(F58/E58,"") -> -0.16784216 | H58: 315 | I58: =IF($H58="","",IFERROR(IF(ISBLANK(INDIRECT("'"&$Q$2&"'!H"&ROW())),"",INDIRECT("'"&$Q$2&"'!H"&ROW())),"")) -> 359 | J58: =IF(OR(H58="",I58=""),"",H58-I58) -> -44 | K58: =IFERROR(J58/I58,"") -> -0.12256267 | L58: =IFERROR(D58/C58,"") -> 220.14634 | M58: =IFERROR(H58/D58*1000,"") -> 17.44959 | N58: 4095 | O58: =IFERROR(IF(OR(N58="",ISBLANK(INDIRECT("'"&$Q$2&"'!N"&ROW()))),"",N58-INDIRECT("'"&$Q$2&"'!N"&ROW())),"") -> -6 | S58: =IFERROR(IF(ISBLANK(INDIRECT("'"&$Q$2&"'!G"&ROW())),"",INDIRECT("'"&$Q$2&"'!G"&ROW())),"") -> -0.11410136 | T58: =IF(OR($G58="",$S58=""),"",$G58-$S58) -> -0.053740801 | U58: =IFERROR(IF(ISBLANK(INDIRECT("'"&$Q$2&"'!K"&ROW())),"",INDIRECT("'"&$Q$2&"'!K"&ROW())),"") -> 0.28214286 | V58: =IF(OR($K58="",$U58=""),"",$K58-$U58) -> -0.40470553 | W58: =IFERROR(IF(ISBLANK(INDIRECT("'"&$Q$2&"'!O"&ROW())),"",INDIRECT("'"&$Q$2&"'!O"&ROW())),"") -> -8 | X58: =IF(OR($O58="",$W58=""),"",$O58-$W58) -> 2
A59: Telegram | B59: Ноябрьск | C59: 91 | D59: 29628 | E59: =IF($D59="","",IFERROR(IF(ISBLANK(INDIRECT("'"&$Q$2&"'!D"&ROW())),"",INDIRECT("'"&$Q$2&"'!D"&ROW())),"")) -> 33790 | F59: =IF(OR(D59="",E59=""),"",D59-E59) -> -4162 | G59: =IFERROR(F59/E59,"") -> -0.12317254 | H59: 148 | I59: =IF($H59="","",IFERROR(IF(ISBLANK(INDIRECT("'"&$Q$2&"'!H"&ROW())),"",INDIRECT("'"&$Q$2&"'!H"&ROW())),"")) -> 258 | J59: =IF(OR(H59="",I59=""),"",H59-I59) -> -110 | K59: =IFERROR(J59/I59,"") -> -0.42635659 | L59: =IFERROR(D59/C59,"") -> 325.58242 | M59: =IFERROR(H59/D59*1000,"") -> 4.9952747 | N59: 5504 | O59: =IFERROR(IF(OR(N59="",ISBLANK(INDIRECT("'"&$Q$2&"'!N"&ROW()))),"",N59-INDIRECT("'"&$Q$2&"'!N"&ROW())),"") -> -15 | S59: =IFERROR(IF(ISBLANK(INDIRECT("'"&$Q$2&"'!G"&ROW())),"",INDIRECT("'"&$Q$2&"'!G"&ROW())),"") -> -0.10926585 | T59: =IF(OR($G59="",$S59=""),"",$G59-$S59) -> -0.013906687 | U59: =IFERROR(IF(ISBLANK(INDIRECT("'"&$Q$2&"'!K"&ROW())),"",INDIRECT("'"&$Q$2&"'!K"&ROW())),"") -> 0.09787234 | V59: =IF(OR($K59="",$U59=""),"",$K59-$U59) -> -0.52422893 | W59: =IFERROR(IF(ISBLANK(INDIRECT("'"&$Q$2&"'!O"&ROW())),"",INDIRECT("'"&$Q$2&"'!O"&ROW())),"") -> -8 | X59: =IF(OR($O59="",$W59=""),"",$O59-$W59) -> -7
A60: Telegram | B60: Салехард | C60: 143 | D60: 89139 | E60: =IF($D60="","",IFERROR(IF(ISBLANK(INDIRECT("'"&$Q$2&"'!D"&ROW())),"",INDIRECT("'"&$Q$2&"'!D"&ROW())),"")) -> 61713 | F60: =IF(OR(D60="",E60=""),"",D60-E60) -> 27426 | G60: =IFERROR(F60/E60,"") -> 0.44441204 | H60: 175 | I60: =IF($H60="","",IFERROR(IF(ISBLANK(INDIRECT("'"&$Q$2&"'!H"&ROW())),"",INDIRECT("'"&$Q$2&"'!H"&ROW())),"")) -> 260 | J60: =IF(OR(H60="",I60=""),"",H60-I60) -> -85 | K60: =IFERROR(J60/I60,"") -> -0.32692308 | L60: =IFERROR(D60/C60,"") -> 623.34965 | M60: =IFERROR(H60/D60*1000,"") -> 1.963226 | N60: 10382 | O60: =IFERROR(IF(OR(N60="",ISBLANK(INDIRECT("'"&$Q$2&"'!N"&ROW()))),"",N60-INDIRECT("'"&$Q$2&"'!N"&ROW())),"") -> -21 | S60: =IFERROR(IF(ISBLANK(INDIRECT("'"&$Q$2&"'!G"&ROW())),"",INDIRECT("'"&$Q$2&"'!G"&ROW())),"") -> -0.063365104 | T60: =IF(OR($G60="",$S60=""),"",$G60-$S60) -> 0.50777714 | U60: =IFERROR(IF(ISBLANK(INDIRECT("'"&$Q$2&"'!K"&ROW())),"",INDIRECT("'"&$Q$2&"'!K"&ROW())),"") -> 0.55688623 | V60: =IF(OR($K60="",$U60=""),"",$K60-$U60) -> -0.8838093 | W60: =IFERROR(IF(ISBLANK(INDIRECT("'"&$Q$2&"'!O"&ROW())),"",INDIRECT("'"&$Q$2&"'!O"&ROW())),"") -> -19 | X60: =IF(OR($O60="",$W60=""),"",$O60-$W60) -> -2
A61: Telegram | B61: Приуралье | C61: 107 | D61: 12304 | E61: =IF($D61="","",IFERROR(IF(ISBLANK(INDIRECT("'"&$Q$2&"'!D"&ROW())),"",INDIRECT("'"&$Q$2&"'!D"&ROW())),"")) -> 13926 | F61: =IF(OR(D61="",E61=""),"",D61-E61) -> -1622 | G61: =IFERROR(F61/E61,"") -> -0.11647278 | H61: 180 | I61: =IF($H61="","",IFERROR(IF(ISBLANK(INDIRECT("'"&$Q$2&"'!H"&ROW())),"",INDIRECT("'"&$Q$2&"'!H"&ROW())),"")) -> 164 | J61: =IF(OR(H61="",I61=""),"",H61-I61) -> 16 | K61: =IFERROR(J61/I61,"") -> 0.097560976 | L61: =IFERROR(D61/C61,"") -> 114.99065 | M61: =IFERROR(H61/D61*1000,"") -> 14.629389 | N61: 2309 | O61: =IFERROR(IF(OR(N61="",ISBLANK(INDIRECT("'"&$Q$2&"'!N"&ROW()))),"",N61-INDIRECT("'"&$Q$2&"'!N"&ROW())),"") -> -3 | S61: =IFERROR(IF(ISBLANK(INDIRECT("'"&$Q$2&"'!G"&ROW())),"",INDIRECT("'"&$Q$2&"'!G"&ROW())),"") -> -0.67457294 | T61: =IF(OR($G61="",$S61=""),"",$G61-$S61) -> 0.55810016 | U61: =IFERROR(IF(ISBLANK(INDIRECT("'"&$Q$2&"'!K"&ROW())),"",INDIRECT("'"&$Q$2&"'!K"&ROW())),"") -> 0.2519084 | V61: =IF(OR($K61="",$U61=""),"",$K61-$U61) -> -0.15434742 | W61: =IFERROR(IF(ISBLANK(INDIRECT("'"&$Q$2&"'!O"&ROW())),"",INDIRECT("'"&$Q$2&"'!O"&ROW())),"") -> -5 | X61: =IF(OR($O61="",$W61=""),"",$O61-$W61) -> 2
A62: Telegram | B62: Лабытнанги | C62: 59 | D62: 4617 | E62: =IF($D62="","",IFERROR(IF(ISBLANK(INDIRECT("'"&$Q$2&"'!D"&ROW())),"",INDIRECT("'"&$Q$2&"'!D"&ROW())),"")) -> 5247 | F62: =IF(OR(D62="",E62=""),"",D62-E62) -> -630 | G62: =IFERROR(F62/E62,"") -> -0.12006861 | H62: 25 | I62: =IF($H62="","",IFERROR(IF(ISBLANK(INDIRECT("'"&$Q$2&"'!H"&ROW())),"",INDIRECT("'"&$Q$2&"'!H"&ROW())),"")) -> 18 | J62: =IF(OR(H62="",I62=""),"",H62-I62) -> 7 | K62: =IFERROR(J62/I62,"") -> 0.38888889 | L62: =IFERROR(D62/C62,"") -> 78.254237 | M62: =IFERROR(H62/D62*1000,"") -> 5.4147715 | N62: 1369 | O62: =IFERROR(IF(OR(N62="",ISBLANK(INDIRECT("'"&$Q$2&"'!N"&ROW()))),"",N62-INDIRECT("'"&$Q$2&"'!N"&ROW())),"") -> -3 | S62: =IFERROR(IF(ISBLANK(INDIRECT("'"&$Q$2&"'!G"&ROW())),"",INDIRECT("'"&$Q$2&"'!G"&ROW())),"") -> -0.1406813 | T62: =IF(OR($G62="",$S62=""),"",$G62-$S62) -> 0.020612686 | U62: =IFERROR(IF(ISBLANK(INDIRECT("'"&$Q$2&"'!K"&ROW())),"",INDIRECT("'"&$Q$2&"'!K"&ROW())),"") -> -0.58139535 | V62: =IF(OR($K62="",$U62=""),"",$K62-$U62) -> 0.97028424 | W62: =IFERROR(IF(ISBLANK(INDIRECT("'"&$Q$2&"'!O"&ROW())),"",INDIRECT("'"&$Q$2&"'!O"&ROW())),"") -> -4 | X62: =IF(OR($O62="",$W62=""),"",$O62-$W62) -> 1
A63: Telegram | B63: Пуровский | C63: 53 | D63: 17338 | E63: =IF($D63="","",IFERROR(IF(ISBLANK(INDIRECT("'"&$Q$2&"'!D"&ROW())),"",INDIRECT("'"&$Q$2&"'!D"&ROW())),"")) -> 19689 | F63: =IF(OR(D63="",E63=""),"",D63-E63) -> -2351 | G63: =IFERROR(F63/E63,"") -> -0.11940678 | H63: 41 | I63: =IF($H63="","",IFERROR(IF(ISBLANK(INDIRECT("'"&$Q$2&"'!H"&ROW())),"",INDIRECT("'"&$Q$2&"'!H"&ROW())),"")) -> 58 | J63: =IF(OR(H63="",I63=""),"",H63-I63) -> -17 | K63: =IFERROR(J63/I63,"") -> -0.29310345 | L63: =IFERROR(D63/C63,"") -> 327.13208 | M63: =IFERROR(H63/D63*1000,"") -> 2.364748 | N63: 5617 | O63: =IFERROR(IF(OR(N63="",ISBLANK(INDIRECT("'"&$Q$2&"'!N"&ROW()))),"",N63-INDIRECT("'"&$Q$2&"'!N"&ROW())),"") -> -17 | S63: =IFERROR(IF(ISBLANK(INDIRECT("'"&$Q$2&"'!G"&ROW())),"",INDIRECT("'"&$Q$2&"'!G"&ROW())),"") -> -0.25 | T63: =IF(OR($G63="",$S63=""),"",$G63-$S63) -> 0.13059322 | U63: =IFERROR(IF(ISBLANK(INDIRECT("'"&$Q$2&"'!K"&ROW())),"",INDIRECT("'"&$Q$2&"'!K"&ROW())),"") -> -0.275 | V63: =IF(OR($K63="",$U63=""),"",$K63-$U63) -> -0.018103448 | W63: =IFERROR(IF(ISBLANK(INDIRECT("'"&$Q$2&"'!O"&ROW())),"",INDIRECT("'"&$Q$2&"'!O"&ROW())),"") -> -23 | X63: =IF(OR($O63="",$W63=""),"",$O63-$W63) -> 6
... A73: Telegram | B73: Морошка | C73: 9 | D73: 1066 | E73: =IF($D73="","",IFERROR(IF(ISBLANK(INDIRECT("'"&$Q$2&"'!D"&ROW())),"",INDIRECT("'"&$Q$2&"'!D"&ROW())),"")) -> 1846 | F73: =IF(OR(D73="",E73=""),"",D73-E73) -> -780 | G73: =IFERROR(F73/E73,"") -> -0.42253521 | H73: 22 | I73: =IF($H73="","",IFERROR(IF(ISBLANK(INDIRECT("'"&$Q$2&"'!H"&ROW())),"",INDIRECT("'"&$Q$2&"'!H"&ROW())),"")) -> 41 | J73: =IF(OR(H73="",I73=""),"",H73-I73) -> -19 | K73: =IFERROR(J73/I73,"") -> -0.46341463 | L73: =IFERROR(D73/C73,"") -> 118.44444 | M73: =IFERROR(H73/D73*1000,"") -> 20.637899 | N73: 56 | O73: =IFERROR(IF(OR(N73="",ISBLANK(INDIRECT("'"&$Q$2&"'!N"&ROW()))),"",N73-INDIRECT("'"&$Q$2&"'!N"&ROW())),"") -> -1 | S73: =IFERROR(IF(ISBLANK(INDIRECT("'"&$Q$2&"'!G"&ROW())),"",INDIRECT("'"&$Q$2&"'!G"&ROW())),"") -> 1.2348668 | T73: =IF(OR($G73="",$S73=""),"",$G73-$S73) -> -1.657402 | U73: =IFERROR(IF(ISBLANK(INDIRECT("'"&$Q$2&"'!K"&ROW())),"",INDIRECT("'"&$Q$2&"'!K"&ROW())),"") -> 1.9285714 | V73: =IF(OR($K73="",$U73=""),"",$K73-$U73) -> -2.3919861 | W73: =IFERROR(IF(ISBLANK(INDIRECT("'"&$Q$2&"'!O"&ROW())),"",INDIRECT("'"&$Q$2&"'!O"&ROW())),"") -> 3 | X73: =IF(OR($O73="",$W73=""),"",$O73-$W73) -> -4
B74: Итого Telegram | C74: =SUM(C52:C73) -> 1648 | D74: =SUM(D52:D73) -> 424843 | E74: =SUM(E52:E73) -> 419798 | F74: =SUM(F52:F73) -> 5045 | G74: =IF(C74=0,"",IFERROR(F74/E74,"")) -> 0.012017685 | H74: =SUM(H52:H73) -> 2377 | I74: =SUM(I52:I73) -> 2673 | J74: =SUM(J52:J73) -> -296 | K74: =IF(C74=0,"",IFERROR(J74/I74,"")) -> -0.110737 | L74: =IFERROR(D74/C74,"") -> 257.79308 | M74: =IFERROR(H74/D74*1000,"") -> 5.595008 | N74: =SUM(N52:N73) -> 97938 | O74: =SUM(O52:O73) -> -171 | S74: =IFERROR(IF(ISBLANK(INDIRECT("'"&$Q$2&"'!G"&ROW())),"",INDIRECT("'"&$Q$2&"'!G"&ROW())),"") -> -0.13580557 | T74: =IF(OR($G74="",$S74=""),"",$G74-$S74) -> 0.14782325 | U74: =IFERROR(IF(ISBLANK(INDIRECT("'"&$Q$2&"'!K"&ROW())),"",INDIRECT("'"&$Q$2&"'!K"&ROW())),"") -> 0.021008403 | V74: =IF(OR($K74="",$U74=""),"",$K74-$U74) -> -0.1317454 | W74: =IFERROR(IF(ISBLANK(INDIRECT("'"&$Q$2&"'!O"&ROW())),"",INDIRECT("'"&$Q$2&"'!O"&ROW())),"") -> -210 | X74: =IF(OR(C74=0,$O74="",$W74=""),"",$O74-$W74) -> 39
A75: МАКС | B75: Ямал-Медиа | C75: 136 | D75: 144944 | E75: =IF($D75="","",IFERROR(IF(ISBLANK(INDIRECT("'"&$Q$2&"'!D"&ROW())),"",INDIRECT("'"&$Q$2&"'!D"&ROW())),"")) -> 157919 | F75: =IF(OR(D75="",E75=""),"",D75-E75) -> -12975 | G75: =IFERROR(F75/E75,"") -> -0.082162374 | H75: 1405 | I75: =IF($H75="","",IFERROR(IF(ISBLANK(INDIRECT("'"&$Q$2&"'!H"&ROW())),"",INDIRECT("'"&$Q$2&"'!H"&ROW())),"")) -> 1522 | J75: =IF(OR(H75="",I75=""),"",H75-I75) -> -117 | K75: =IFERROR(J75/I75,"") -> -0.076872536 | L75: =IFERROR(D75/C75,"") -> 1065.7647 | M75: =IFERROR(H75/D75*1000,"") -> 9.6933988 | N75: 4495 | O75: =IFERROR(IF(OR(N75="",ISBLANK(INDIRECT("'"&$Q$2&"'!N"&ROW()))),"",N75-INDIRECT("'"&$Q$2&"'!N"&ROW())),"") -> 50 | S75: =IFERROR(IF(ISBLANK(INDIRECT("'"&$Q$2&"'!G"&ROW())),"",INDIRECT("'"&$Q$2&"'!G"&ROW())),"") -> -0.048864074 | T75: =IF(OR($G75="",$S75=""),"",$G75-$S75) -> -0.0332983 | U75: =IFERROR(IF(ISBLANK(INDIRECT("'"&$Q$2&"'!K"&ROW())),"",INDIRECT("'"&$Q$2&"'!K"&ROW())),"") -> -0.13276353 | V75: =IF(OR($K75="",$U75=""),"",$K75-$U75) -> 0.055890997 | W75: =IFERROR(IF(ISBLANK(INDIRECT("'"&$Q$2&"'!O"&ROW())),"",INDIRECT("'"&$Q$2&"'!O"&ROW())),"") -> 44 | X75: =IF(OR($O75="",$W75=""),"",$O75-$W75) -> 6
A76: МАКС | B76: Север-Пресс | C76: 137 | D76: 64457 | E76: =IF($D76="","",IFERROR(IF(ISBLANK(INDIRECT("'"&$Q$2&"'!D"&ROW())),"",INDIRECT("'"&$Q$2&"'!D"&ROW())),"")) -> 70495 | F76: =IF(OR(D76="",E76=""),"",D76-E76) -> -6038 | G76: =IFERROR(F76/E76,"") -> -0.085651465 | H76: 293 | I76: =IF($H76="","",IFERROR(IF(ISBLANK(INDIRECT("'"&$Q$2&"'!H"&ROW())),"",INDIRECT("'"&$Q$2&"'!H"&ROW())),"")) -> 338 | J76: =IF(OR(H76="",I76=""),"",H76-I76) -> -45 | K76: =IFERROR(J76/I76,"") -> -0.13313609 | L76: =IFERROR(D76/C76,"") -> 470.48905 | M76: =IFERROR(H76/D76*1000,"") -> 4.5456661 | N76: 2252 | O76: =IFERROR(IF(OR(N76="",ISBLANK(INDIRECT("'"&$Q$2&"'!N"&ROW()))),"",N76-INDIRECT("'"&$Q$2&"'!N"&ROW())),"") -> 5 | S76: =IFERROR(IF(ISBLANK(INDIRECT("'"&$Q$2&"'!G"&ROW())),"",INDIRECT("'"&$Q$2&"'!G"&ROW())),"") -> -0.049112442 | T76: =IF(OR($G76="",$S76=""),"",$G76-$S76) -> -0.036539023 | U76: =IFERROR(IF(ISBLANK(INDIRECT("'"&$Q$2&"'!K"&ROW())),"",INDIRECT("'"&$Q$2&"'!K"&ROW())),"") -> 0.28030303 | V76: =IF(OR($K76="",$U76=""),"",$K76-$U76) -> -0.41343912 | W76: =IFERROR(IF(ISBLANK(INDIRECT("'"&$Q$2&"'!O"&ROW())),"",INDIRECT("'"&$Q$2&"'!O"&ROW())),"") -> 8 | X76: =IF(OR($O76="",$W76=""),"",$O76-$W76) -> -3
A77: МАКС | B77: Красный Север | C77: 85 | D77: 5223 | E77: =IF($D77="","",IFERROR(IF(ISBLANK(INDIRECT("'"&$Q$2&"'!D"&ROW())),"",INDIRECT("'"&$Q$2&"'!D"&ROW())),"")) -> 6505 | F77: =IF(OR(D77="",E77=""),"",D77-E77) -> -1282 | G77: =IFERROR(F77/E77,"") -> -0.19707917 | H77: 10 | I77: =IF($H77="","",IFERROR(IF(ISBLANK(INDIRECT("'"&$Q$2&"'!H"&ROW())),"",INDIRECT("'"&$Q$2&"'!H"&ROW())),"")) -> 20 | J77: =IF(OR(H77="",I77=""),"",H77-I77) -> -10 | K77: =IFERROR(J77/I77,"") -> -0.5 | L77: =IFERROR(D77/C77,"") -> 61.447059 | M77: =IFERROR(H77/D77*1000,"") -> 1.9146085 | N77: 281 | O77: =IFERROR(IF(OR(N77="",ISBLANK(INDIRECT("'"&$Q$2&"'!N"&ROW()))),"",N77-INDIRECT("'"&$Q$2&"'!N"&ROW())),"") -> 8 | S77: =IFERROR(IF(ISBLANK(INDIRECT("'"&$Q$2&"'!G"&ROW())),"",INDIRECT("'"&$Q$2&"'!G"&ROW())),"") -> -0.1831994 | T77: =IF(OR($G77="",$S77=""),"",$G77-$S77) -> -0.013879773 | U77: =IFERROR(IF(ISBLANK(INDIRECT("'"&$Q$2&"'!K"&ROW())),"",INDIRECT("'"&$Q$2&"'!K"&ROW())),"") -> 5.6666667 | V77: =IF(OR($K77="",$U77=""),"",$K77-$U77) -> -6.1666667 | W77: =IFERROR(IF(ISBLANK(INDIRECT("'"&$Q$2&"'!O"&ROW())),"",INDIRECT("'"&$Q$2&"'!O"&ROW())),"") -> 0 | X77: =IF(OR($O77="",$W77=""),"",$O77-$W77) -> 8
A78: МАКС | B78: СМП | C78: 7 | D78: 1172 | E78: =IF($D78="","",IFERROR(IF(ISBLANK(INDIRECT("'"&$Q$2&"'!D"&ROW())),"",INDIRECT("'"&$Q$2&"'!D"&ROW())),"")) -> 826 | F78: =IF(OR(D78="",E78=""),"",D78-E78) -> 346 | G78: =IFERROR(F78/E78,"") -> 0.4188862 | H78: 23 | I78: =IF($H78="","",IFERROR(IF(ISBLANK(INDIRECT("'"&$Q$2&"'!H"&ROW())),"",INDIRECT("'"&$Q$2&"'!H"&ROW())),"")) -> 37 | J78: =IF(OR(H78="",I78=""),"",H78-I78) -> -14 | K78: =IFERROR(J78/I78,"") -> -0.37837838 | L78: =IFERROR(D78/C78,"") -> 167.42857 | M78: =IFERROR(H78/D78*1000,"") -> 19.624573 | N78: 213 | O78: =IFERROR(IF(OR(N78="",ISBLANK(INDIRECT("'"&$Q$2&"'!N"&ROW()))),"",N78-INDIRECT("'"&$Q$2&"'!N"&ROW())),"") -> 1 | S78: =IFERROR(IF(ISBLANK(INDIRECT("'"&$Q$2&"'!G"&ROW())),"",INDIRECT("'"&$Q$2&"'!G"&ROW())),"") -> -0.30354132 | T78: =IF(OR($G78="",$S78=""),"",$G78-$S78) -> 0.72242751 | U78: =IFERROR(IF(ISBLANK(INDIRECT("'"&$Q$2&"'!K"&ROW())),"",INDIRECT("'"&$Q$2&"'!K"&ROW())),"") -> 0.42307692 | V78: =IF(OR($K78="",$U78=""),"",$K78-$U78) -> -0.8014553 | W78: =IFERROR(IF(ISBLANK(INDIRECT("'"&$Q$2&"'!O"&ROW())),"",INDIRECT("'"&$Q$2&"'!O"&ROW())),"") -> 4 | X78: =IF(OR($O78="",$W78=""),"",$O78-$W78) -> -3
A79: МАКС | B79: СШХ | C79: 9 | D79: 148 | E79: =IF($D79="","",IFERROR(IF(ISBLANK(INDIRECT("'"&$Q$2&"'!D"&ROW())),"",INDIRECT("'"&$Q$2&"'!D"&ROW())),"")) -> 85 | F79: =IF(OR(D79="",E79=""),"",D79-E79) -> 63 | G79: =IFERROR(F79/E79,"") -> 0.74117647 | H79: 3 | I79: =IF($H79="","",IFERROR(IF(ISBLANK(INDIRECT("'"&$Q$2&"'!H"&ROW())),"",INDIRECT("'"&$Q$2&"'!H"&ROW())),"")) -> 1 | J79: =IF(OR(H79="",I79=""),"",H79-I79) -> 2 | K79: =IFERROR(J79/I79,"") -> 2 | L79: =IFERROR(D79/C79,"") -> 16.444444 | M79: =IFERROR(H79/D79*1000,"") -> 20.27027 | N79: 37 | O79: =IFERROR(IF(OR(N79="",ISBLANK(INDIRECT("'"&$Q$2&"'!N"&ROW()))),"",N79-INDIRECT("'"&$Q$2&"'!N"&ROW())),"") -> 0 | S79: =IFERROR(IF(ISBLANK(INDIRECT("'"&$Q$2&"'!G"&ROW())),"",INDIRECT("'"&$Q$2&"'!G"&ROW())),"") -> -0.5 | T79: =IF(OR($G79="",$S79=""),"",$G79-$S79) -> 1.2411765 | U79: =IFERROR(IF(ISBLANK(INDIRECT("'"&$Q$2&"'!K"&ROW())),"",INDIRECT("'"&$Q$2&"'!K"&ROW())),"") -> -0.5 | V79: =IF(OR($K79="",$U79=""),"",$K79-$U79) -> 2.5 | W79: =IFERROR(IF(ISBLANK(INDIRECT("'"&$Q$2&"'!O"&ROW())),"",INDIRECT("'"&$Q$2&"'!O"&ROW())),"") -> 1 | X79: =IF(OR($O79="",$W79=""),"",$O79-$W79) -> -1
A80: МАКС | B80: Новый Уренгой | C80: 98 | D80: 147796 | E80: =IF($D80="","",IFERROR(IF(ISBLANK(INDIRECT("'"&$Q$2&"'!D"&ROW())),"",INDIRECT("'"&$Q$2&"'!D"&ROW())),"")) -> 165080 | F80: =IF(OR(D80="",E80=""),"",D80-E80) -> -17284 | G80: =IFERROR(F80/E80,"") -> -0.10470075 | H80: 1392 | I80: =IF($H80="","",IFERROR(IF(ISBLANK(INDIRECT("'"&$Q$2&"'!H"&ROW())),"",INDIRECT("'"&$Q$2&"'!H"&ROW())),"")) -> 1556 | J80: =IF(OR(H80="",I80=""),"",H80-I80) -> -164 | K80: =IFERROR(J80/I80,"") -> -0.10539846 | L80: =IFERROR(D80/C80,"") -> 1508.1224 | M80: =IFERROR(H80/D80*1000,"") -> 9.4183875 | N80: 4373 | O80: =IFERROR(IF(OR(N80="",ISBLANK(INDIRECT("'"&$Q$2&"'!N"&ROW()))),"",N80-INDIRECT("'"&$Q$2&"'!N"&ROW())),"") -> 22 | S80: =IFERROR(IF(ISBLANK(INDIRECT("'"&$Q$2&"'!G"&ROW())),"",INDIRECT("'"&$Q$2&"'!G"&ROW())),"") -> -0.2069219 | T80: =IF(OR($G80="",$S80=""),"",$G80-$S80) -> 0.10222115 | U80: =IFERROR(IF(ISBLANK(INDIRECT("'"&$Q$2&"'!K"&ROW())),"",INDIRECT("'"&$Q$2&"'!K"&ROW())),"") -> -0.15663957 | V80: =IF(OR($K80="",$U80=""),"",$K80-$U80) -> 0.051241109 | W80: =IFERROR(IF(ISBLANK(INDIRECT("'"&$Q$2&"'!O"&ROW())),"",INDIRECT("'"&$Q$2&"'!O"&ROW())),"") -> 0 | X80: =IF(OR($O80="",$W80=""),"",$O80-$W80) -> 22
A81: МАКС | B81: Надым | C81: 79 | D81: 65875 | E81: =IF($D81="","",IFERROR(IF(ISBLANK(INDIRECT("'"&$Q$2&"'!D"&ROW())),"",INDIRECT("'"&$Q$2&"'!D"&ROW())),"")) -> 80151 | F81: =IF(OR(D81="",E81=""),"",D81-E81) -> -14276 | G81: =IFERROR(F81/E81,"") -> -0.17811381 | H81: 1425 | I81: =IF($H81="","",IFERROR(IF(ISBLANK(INDIRECT("'"&$Q$2&"'!H"&ROW())),"",INDIRECT("'"&$Q$2&"'!H"&ROW())),"")) -> 1699 | J81: =IF(OR(H81="",I81=""),"",H81-I81) -> -274 | K81: =IFERROR(J81/I81,"") -> -0.16127134 | L81: =IFERROR(D81/C81,"") -> 833.86076 | M81: =IFERROR(H81/D81*1000,"") -> 21.631879 | N81: 2536 | O81: =IFERROR(IF(OR(N81="",ISBLANK(INDIRECT("'"&$Q$2&"'!N"&ROW()))),"",N81-INDIRECT("'"&$Q$2&"'!N"&ROW())),"") -> 23 | S81: =IFERROR(IF(ISBLANK(INDIRECT("'"&$Q$2&"'!G"&ROW())),"",INDIRECT("'"&$Q$2&"'!G"&ROW())),"") -> -0.19118641 | T81: =IF(OR($G81="",$S81=""),"",$G81-$S81) -> 0.013072603 | U81: =IFERROR(IF(ISBLANK(INDIRECT("'"&$Q$2&"'!K"&ROW())),"",INDIRECT("'"&$Q$2&"'!K"&ROW())),"") -> -0.14451158 | V81: =IF(OR($K81="",$U81=""),"",$K81-$U81) -> -0.016759755 | W81: =IFERROR(IF(ISBLANK(INDIRECT("'"&$Q$2&"'!O"&ROW())),"",INDIRECT("'"&$Q$2&"'!O"&ROW())),"") -> 9 | X81: =IF(OR($O81="",$W81=""),"",$O81-$W81) -> 14
A82: МАКС | B82: Ноябрьск | C82: 93 | D82: 158096 | E82: =IF($D82="","",IFERROR(IF(ISBLANK(INDIRECT("'"&$Q$2&"'!D"&ROW())),"",INDIRECT("'"&$Q$2&"'!D"&ROW())),"")) -> 154133 | F82: =IF(OR(D82="",E82=""),"",D82-E82) -> 3963 | G82: =IFERROR(F82/E82,"") -> 0.025711561 | H82: 3293 | I82: =IF($H82="","",IFERROR(IF(ISBLANK(INDIRECT("'"&$Q$2&"'!H"&ROW())),"",INDIRECT("'"&$Q$2&"'!H"&ROW())),"")) -> 3296 | J82: =IF(OR(H82="",I82=""),"",H82-I82) -> -3 | K82: =IFERROR(J82/I82,"") -> -0.00091019417 | L82: =IFERROR(D82/C82,"") -> 1699.957 | M82: =IFERROR(H82/D82*1000,"") -> 20.829116 | N82: 3811 | O82: =IFERROR(IF(OR(N82="",ISBLANK(INDIRECT("'"&$Q$2&"'!N"&ROW()))),"",N82-INDIRECT("'"&$Q$2&"'!N"&ROW())),"") -> 47 | S82: =IFERROR(IF(ISBLANK(INDIRECT("'"&$Q$2&"'!G"&ROW())),"",INDIRECT("'"&$Q$2&"'!G"&ROW())),"") -> -0.20279608 | T82: =IF(OR($G82="",$S82=""),"",$G82-$S82) -> 0.22850764 | U82: =IFERROR(IF(ISBLANK(INDIRECT("'"&$Q$2&"'!K"&ROW())),"",INDIRECT("'"&$Q$2&"'!K"&ROW())),"") -> -0.11015119 | V82: =IF(OR($K82="",$U82=""),"",$K82-$U82) -> 0.10924099 | W82: =IFERROR(IF(ISBLANK(INDIRECT("'"&$Q$2&"'!O"&ROW())),"",INDIRECT("'"&$Q$2&"'!O"&ROW())),"") -> 52 | X82: =IF(OR($O82="",$W82=""),"",$O82-$W82) -> -5
A83: МАКС | B83: Салехард | C83: 132 | D83: 79662 | E83: =IF($D83="","",IFERROR(IF(ISBLANK(INDIRECT("'"&$Q$2&"'!D"&ROW())),"",INDIRECT("'"&$Q$2&"'!D"&ROW())),"")) -> 85318 | F83: =IF(OR(D83="",E83=""),"",D83-E83) -> -5656 | G83: =IFERROR(F83/E83,"") -> -0.066293162 | H83: 598 | I83: =IF($H83="","",IFERROR(IF(ISBLANK(INDIRECT("'"&$Q$2&"'!H"&ROW())),"",INDIRECT("'"&$Q$2&"'!H"&ROW())),"")) -> 546 | J83: =IF(OR(H83="",I83=""),"",H83-I83) -> 52 | K83: =IFERROR(J83/I83,"") -> 0.095238095 | L83: =IFERROR(D83/C83,"") -> 603.5 | M83: =IFERROR(H83/D83*1000,"") -> 7.5067159 | N83: 1815 | O83: =IFERROR(IF(OR(N83="",ISBLANK(INDIRECT("'"&$Q$2&"'!N"&ROW()))),"",N83-INDIRECT("'"&$Q$2&"'!N"&ROW())),"") -> 18 | S83: =IFERROR(IF(ISBLANK(INDIRECT("'"&$Q$2&"'!G"&ROW())),"",INDIRECT("'"&$Q$2&"'!G"&ROW())),"") -> -0.12562515 | T83: =IF(OR($G83="",$S83=""),"",$G83-$S83) -> 0.059331992 | U83: =IFERROR(IF(ISBLANK(INDIRECT("'"&$Q$2&"'!K"&ROW())),"",INDIRECT("'"&$Q$2&"'!K"&ROW())),"") -> -0.15740741 | V83: =IF(OR($K83="",$U83=""),"",$K83-$U83) -> 0.2526455 | W83: =IFERROR(IF(ISBLANK(INDIRECT("'"&$Q$2&"'!O"&ROW())),"",INDIRECT("'"&$Q$2&"'!O"&ROW())),"") -> 0 | X83: =IF(OR($O83="",$W83=""),"",$O83-$W83) -> 18
A84: МАКС | B84: Приуралье | C84: 100 | D84: 25284 | E84: =IF($D84="","",IFERROR(IF(ISBLANK(INDIRECT("'"&$Q$2&"'!D"&ROW())),"",INDIRECT("'"&$Q$2&"'!D"&ROW())),"")) -> 27813 | F84: =IF(OR(D84="",E84=""),"",D84-E84) -> -2529 | G84: =IFERROR(F84/E84,"") -> -0.090928702 | H84: 310 | I84: =IF($H84="","",IFERROR(IF(ISBLANK(INDIRECT("'"&$Q$2&"'!H"&ROW())),"",INDIRECT("'"&$Q$2&"'!H"&ROW())),"")) -> 400 | J84: =IF(OR(H84="",I84=""),"",H84-I84) -> -90 | K84: =IFERROR(J84/I84,"") -> -0.225 | L84: =IFERROR(D84/C84,"") -> 252.84 | M84: =IFERROR(H84/D84*1000,"") -> 12.260718 | N84: 765 | O84: =IFERROR(IF(OR(N84="",ISBLANK(INDIRECT("'"&$Q$2&"'!N"&ROW()))),"",N84-INDIRECT("'"&$Q$2&"'!N"&ROW())),"") -> 5 | S84: =IFERROR(IF(ISBLANK(INDIRECT("'"&$Q$2&"'!G"&ROW())),"",INDIRECT("'"&$Q$2&"'!G"&ROW())),"") -> -0.27677666 | T84: =IF(OR($G84="",$S84=""),"",$G84-$S84) -> 0.18584796 | U84: =IFERROR(IF(ISBLANK(INDIRECT("'"&$Q$2&"'!K"&ROW())),"",INDIRECT("'"&$Q$2&"'!K"&ROW())),"") -> -0.13043478 | V84: =IF(OR($K84="",$U84=""),"",$K84-$U84) -> -0.094565217 | W84: =IFERROR(IF(ISBLANK(INDIRECT("'"&$Q$2&"'!O"&ROW())),"",INDIRECT("'"&$Q$2&"'!O"&ROW())),"") -> 5 | X84: =IF(OR($O84="",$W84=""),"",$O84-$W84) -> 0
A85: МАКС | B85: Лабытнанги | C85: 65 | D85: 8543 | E85: =IF($D85="","",IFERROR(IF(ISBLANK(INDIRECT("'"&$Q$2&"'!D"&ROW())),"",INDIRECT("'"&$Q$2&"'!D"&ROW())),"")) -> 8781 | F85: =IF(OR(D85="",E85=""),"",D85-E85) -> -238 | G85: =IFERROR(F85/E85,"") -> -0.027103974 | H85: 573 | I85: =IF($H85="","",IFERROR(IF(ISBLANK(INDIRECT("'"&$Q$2&"'!H"&ROW())),"",INDIRECT("'"&$Q$2&"'!H"&ROW())),"")) -> 612 | J85: =IF(OR(H85="",I85=""),"",H85-I85) -> -39 | K85: =IFERROR(J85/I85,"") -> -0.06372549 | L85: =IFERROR(D85/C85,"") -> 131.43077 | M85: =IFERROR(H85/D85*1000,"") -> 67.072457 | N85: 319 | O85: =IFERROR(IF(OR(N85="",ISBLANK(INDIRECT("'"&$Q$2&"'!N"&ROW()))),"",N85-INDIRECT("'"&$Q$2&"'!N"&ROW())),"") -> 12 | S85: =IFERROR(IF(ISBLANK(INDIRECT("'"&$Q$2&"'!G"&ROW())),"",INDIRECT("'"&$Q$2&"'!G"&ROW())),"") -> -0.31723816 | T85: =IF(OR($G85="",$S85=""),"",$G85-$S85) -> 0.29013419 | U85: =IFERROR(IF(ISBLANK(INDIRECT("'"&$Q$2&"'!K"&ROW())),"",INDIRECT("'"&$Q$2&"'!K"&ROW())),"") -> -0.39941119 | V85: =IF(OR($K85="",$U85=""),"",$K85-$U85) -> 0.3356857 | W85: =IFERROR(IF(ISBLANK(INDIRECT("'"&$Q$2&"'!O"&ROW())),"",INDIRECT("'"&$Q$2&"'!O"&ROW())),"") -> 8 | X85: =IF(OR($O85="",$W85=""),"",$O85-$W85) -> 4
A86: МАКС | B86: Пуровский | C86: 52 | D86: 39387 | E86: =IF($D86="","",IFERROR(IF(ISBLANK(INDIRECT("'"&$Q$2&"'!D"&ROW())),"",INDIRECT("'"&$Q$2&"'!D"&ROW())),"")) -> 46599 | F86: =IF(OR(D86="",E86=""),"",D86-E86) -> -7212 | G86: =IFERROR(F86/E86,"") -> -0.15476727 | H86: 330 | I86: =IF($H86="","",IFERROR(IF(ISBLANK(INDIRECT("'"&$Q$2&"'!H"&ROW())),"",INDIRECT("'"&$Q$2&"'!H"&ROW())),"")) -> 423 | J86: =IF(OR(H86="",I86=""),"",H86-I86) -> -93 | K86: =IFERROR(J86/I86,"") -> -0.21985816 | L86: =IFERROR(D86/C86,"") -> 757.44231 | M86: =IFERROR(H86/D86*1000,"") -> 8.378399 | N86: 1926 | O86: =IFERROR(IF(OR(N86="",ISBLANK(INDIRECT("'"&$Q$2&"'!N"&ROW()))),"",N86-INDIRECT("'"&$Q$2&"'!N"&ROW())),"") -> 9 | S86: =IFERROR(IF(ISBLANK(INDIRECT("'"&$Q$2&"'!G"&ROW())),"",INDIRECT("'"&$Q$2&"'!G"&ROW())),"") -> -0.34000425 | T86: =IF(OR($G86="",$S86=""),"",$G86-$S86) -> 0.18523698 | U86: =IFERROR(IF(ISBLANK(INDIRECT("'"&$Q$2&"'!K"&ROW())),"",INDIRECT("'"&$Q$2&"'!K"&ROW())),"") -> -0.19120459 | V86: =IF(OR($K86="",$U86=""),"",$K86-$U86) -> -0.028653567 | W86: =IFERROR(IF(ISBLANK(INDIRECT("'"&$Q$2&"'!O"&ROW())),"",INDIRECT("'"&$Q$2&"'!O"&ROW())),"") -> 10 | X86: =IF(OR($O86="",$W86=""),"",$O86-$W86) -> -1
... A95: МАКС | B95: Морошка | C95: 9 | D95: 4046 | E95: =IF($D95="","",IFERROR(IF(ISBLANK(INDIRECT("'"&$Q$2&"'!D"&ROW())),"",INDIRECT("'"&$Q$2&"'!D"&ROW())),"")) -> 4119 | F95: =IF(OR(D95="",E95=""),"",D95-E95) -> -73 | G95: =IFERROR(F95/E95,"") -> -0.017722748 | H95: 107 | I95: =IF($H95="","",IFERROR(IF(ISBLANK(INDIRECT("'"&$Q$2&"'!H"&ROW())),"",INDIRECT("'"&$Q$2&"'!H"&ROW())),"")) -> 95 | J95: =IF(OR(H95="",I95=""),"",H95-I95) -> 12 | K95: =IFERROR(J95/I95,"") -> 0.12631579 | L95: =IFERROR(D95/C95,"") -> 449.55556 | M95: =IFERROR(H95/D95*1000,"") -> 26.445872 | N95: 346 | O95: =IFERROR(IF(OR(N95="",ISBLANK(INDIRECT("'"&$Q$2&"'!N"&ROW()))),"",N95-INDIRECT("'"&$Q$2&"'!N"&ROW())),"") -> 12 | S95: =IFERROR(IF(ISBLANK(INDIRECT("'"&$Q$2&"'!G"&ROW())),"",INDIRECT("'"&$Q$2&"'!G"&ROW())),"") -> 0.95863053 | T95: =IF(OR($G95="",$S95=""),"",$G95-$S95) -> -0.97635328 | U95: =IFERROR(IF(ISBLANK(INDIRECT("'"&$Q$2&"'!K"&ROW())),"",INDIRECT("'"&$Q$2&"'!K"&ROW())),"") -> 0.66666667 | V95: =IF(OR($K95="",$U95=""),"",$K95-$U95) -> -0.54035088 | W95: =IFERROR(IF(ISBLANK(INDIRECT("'"&$Q$2&"'!O"&ROW())),"",INDIRECT("'"&$Q$2&"'!O"&ROW())),"") -> 26 | X95: =IF(OR($O95="",$W95=""),"",$O95-$W95) -> -14
B96: Итого МАКС | C96: =SUM(C75:C95) -> 1380 | D96: =SUM(D75:D95) -> 940640 | E96: =SUM(E75:E95) -> 1003512 | F96: =SUM(F75:F95) -> -62872 | G96: =IF(C96=0,"",IFERROR(F96/E96,"")) -> -0.062651966 | H96: =SUM(H75:H95) -> 13037 | I96: =SUM(I75:I95) -> 13864 | J96: =SUM(J75:J95) -> -827 | K96: =IF(C96=0,"",IFERROR(J96/I96,"")) -> -0.059650894 | L96: =IFERROR(D96/C96,"") -> 681.62319 | M96: =IFERROR(H96/D96*1000,"") -> 13.859713 | N96: =SUM(N75:N95) -> 31568 | O96: =SUM(O75:O95) -> 270 | S96: =IFERROR(IF(ISBLANK(INDIRECT("'"&$Q$2&"'!G"&ROW())),"",INDIRECT("'"&$Q$2&"'!G"&ROW())),"") -> -0.18968952 | T96: =IF(OR($G96="",$S96=""),"",$G96-$S96) -> 0.12703755 | U96: =IFERROR(IF(ISBLANK(INDIRECT("'"&$Q$2&"'!K"&ROW())),"",INDIRECT("'"&$Q$2&"'!K"&ROW())),"") -> -0.14583205 | V96: =IF(OR($K96="",$U96=""),"",$K96-$U96) -> 0.086181155 | W96: =IFERROR(IF(ISBLANK(INDIRECT("'"&$Q$2&"'!O"&ROW())),"",INDIRECT("'"&$Q$2&"'!O"&ROW())),"") -> 242 | X96: =IF(OR(C96=0,$O96="",$W96=""),"",$O96-$W96) -> 28
B97: ИТОГО по холдингу | C97: =C30+C51+C74+C96 -> 6216 | D97: =D30+D51+D74+D96 -> 6681698 | E97: =E30+E51+E74+E96 -> 5874642 | F97: =F30+F51+F74+F96 -> 753765 | G97: =IF(OR(C30=0,C51=0,C74=0,C96=0),"",IFERROR(F97/E97,"")) -> 0.12830824 | H97: =H30+H51+H74+H96 -> 51376 | I97: =I30+I51+I74+I96 -> 47610 | J97: =J30+J51+J74+J96 -> 2843 | K97: =IF(OR(C30=0,C51=0,C74=0,C96=0),"",IFERROR(J97/I97,"")) -> 0.059714346 | L97: =IFERROR(D97/C97,"") -> 1074.9192 | M97: =IFERROR(H97/D97*1000,"") -> 7.6890635 | N97: =N30+N51+N74+N96 -> 702900 | O97: =O30+O51+O74+O96 -> 1171 | S97: =IFERROR(IF(ISBLANK(INDIRECT("'"&$Q$2&"'!G"&ROW())),"",INDIRECT("'"&$Q$2&"'!G"&ROW())),"") -> 0.04377439 | T97: =IF(OR($G97="",$S97=""),"",$G97-$S97) -> 0.084533854 | U97: =IFERROR(IF(ISBLANK(INDIRECT("'"&$Q$2&"'!K"&ROW())),"",INDIRECT("'"&$Q$2&"'!K"&ROW())),"") -> -0.11393583 | V97: =IF(OR($K97="",$U97=""),"",$K97-$U97) -> 0.17365018 | W97: =IFERROR(IF(ISBLANK(INDIRECT("'"&$Q$2&"'!O"&ROW())),"",INDIRECT("'"&$Q$2&"'!O"&ROW())),"") -> 774 | X97: =IF(OR(C30=0,C51=0,C74=0,C96=0),"",$O97-$W97) -> 397

Sheet 21-27.09
A1: Недельный съём · 21–27.09.2026 | Q1: Лист прошлой недели (питает колонки E, I, O):
A2: Площадка | B2: Ресурс | C2: Публикаций | D2: Просмотры | E2: Просмотры пред. неделя | F2: Δ просмотров | G2: Δ % | H2: Лайки | I2: Лайки пред. неделя | J2: Δ лайков | K2: Δ % | L2: Ср. просмотров на пост | M2: Лайков на 1000 просмотров | N2: Подписчики | O2: Прирост подписчиков | Q2: 14-20.09 | S2: Δ % просмотров пред. неделя | T2: Ускорение просмотров, п.п. | U2: Δ % лайков пред. неделя | V2: Ускорение лайков, п.п. | W2: Прирост подписч. пред. неделя | X2: Ускорение подписчиков, чел.
A3: ВКонтакте | B3: Ямал-Медиа | C3: 114 | D3: 1913477 | E3: =IF($D3="","",IFERROR(IF(ISBLANK(INDIRECT("'"&$Q$2&"'!D"&ROW())),"",INDIRECT("'"&$Q$2&"'!D"&ROW())),"")) -> 516875 | F3: =IF(OR(D3="",E3=""),"",D3-E3) -> 1396602 | G3: =IFERROR(F3/E3,"") -> 2.7020111 | H3: 4474 | I3: =IF($H3="","",IFERROR(IF(ISBLANK(INDIRECT("'"&$Q$2&"'!H"&ROW())),"",INDIRECT("'"&$Q$2&"'!H"&ROW())),"")) -> 1943 | J3: =IF(OR(H3="",I3=""),"",H3-I3) -> 2531 | K3: =IFERROR(J3/I3,"") -> 1.3026248 | L3: =IFERROR(D3/C3,"") -> 16784.886 | M3: =IFERROR(H3/D3*1000,"") -> 2.338152 | N3: 89358 | O3: =IFERROR(IF(OR(N3="",ISBLANK(INDIRECT("'"&$Q$2&"'!N"&ROW()))),"",N3-INDIRECT("'"&$Q$2&"'!N"&ROW())),"") -> 282 | Q3: Колонки E и I берут прошлую неделю только по строкам, снятым в текущей — сравнение идёт по сопоставимому периметру. | S3: =IFERROR(IF(ISBLANK(INDIRECT("'"&$Q$2&"'!G"&ROW())),"",INDIRECT("'"&$Q$2&"'!G"&ROW())),"") -> 0.4077305 | T3: =IF(OR($G3="",$S3=""),"",$G3-$S3) -> 2.2942806 | U3: =IFERROR(IF(ISBLANK(INDIRECT("'"&$Q$2&"'!K"&ROW())),"",INDIRECT("'"&$Q$2&"'!K"&ROW())),"") -> 0.32809296 | V3: =IF(OR($K3="",$U3=""),"",$K3-$U3) -> 0.97453185 | W3: =IFERROR(IF(ISBLANK(INDIRECT("'"&$Q$2&"'!O"&ROW())),"",INDIRECT("'"&$Q$2&"'!O"&ROW())),"") -> 1085 | X3: =IF(OR($O3="",$W3=""),"",$O3-$W3) -> -803
A4: ВКонтакте | B4: Север-Пресс | C4: 129 | D4: 126444 | E4: =IF($D4="","",IFERROR(IF(ISBLANK(INDIRECT("'"&$Q$2&"'!D"&ROW())),"",INDIRECT("'"&$Q$2&"'!D"&ROW())),"")) -> 216205 | F4: =IF(OR(D4="",E4=""),"",D4-E4) -> -89761 | G4: =IFERROR(F4/E4,"") -> -0.41516616 | H4: 528 | I4: =IF($H4="","",IFERROR(IF(ISBLANK(INDIRECT("'"&$Q$2&"'!H"&ROW())),"",INDIRECT("'"&$Q$2&"'!H"&ROW())),"")) -> 695 | J4: =IF(OR(H4="",I4=""),"",H4-I4) -> -167 | K4: =IFERROR(J4/I4,"") -> -0.24028777 | L4: =IFERROR(D4/C4,"") -> 980.18605 | M4: =IFERROR(H4/D4*1000,"") -> 4.1757616 | N4: 26260 | O4: =IFERROR(IF(OR(N4="",ISBLANK(INDIRECT("'"&$Q$2&"'!N"&ROW()))),"",N4-INDIRECT("'"&$Q$2&"'!N"&ROW())),"") -> 11 | Q4: ОК: «просмотры» = VIEWS листа Topics, лайки = сумма LIKES листа Actions (по группе, как в прошлых съёмах). | S4: =IFERROR(IF(ISBLANK(INDIRECT("'"&$Q$2&"'!G"&ROW())),"",INDIRECT("'"&$Q$2&"'!G"&ROW())),"") -> 0.64780349 | T4: =IF(OR($G4="",$S4=""),"",$G4-$S4) -> -1.0629696 | U4: =IFERROR(IF(ISBLANK(INDIRECT("'"&$Q$2&"'!K"&ROW())),"",INDIRECT("'"&$Q$2&"'!K"&ROW())),"") -> 0.21929825 | V4: =IF(OR($K4="",$U4=""),"",$K4-$U4) -> -0.45958602 | W4: =IFERROR(IF(ISBLANK(INDIRECT("'"&$Q$2&"'!O"&ROW())),"",INDIRECT("'"&$Q$2&"'!O"&ROW())),"") -> 25 | X4: =IF(OR($O4="",$W4=""),"",$O4-$W4) -> -14
A5: ВКонтакте | B5: Лента СП | C5: 243 | D5: 3977 | E5: =IF($D5="","",IFERROR(IF(ISBLANK(INDIRECT("'"&$Q$2&"'!D"&ROW())),"",INDIRECT("'"&$Q$2&"'!D"&ROW())),"")) -> 4223 | F5: =IF(OR(D5="",E5=""),"",D5-E5) -> -246 | G5: =IFERROR(F5/E5,"") -> -0.058252427 | H5: 12 | I5: =IF($H5="","",IFERROR(IF(ISBLANK(INDIRECT("'"&$Q$2&"'!H"&ROW())),"",INDIRECT("'"&$Q$2&"'!H"&ROW())),"")) -> 10 | J5: =IF(OR(H5="",I5=""),"",H5-I5) -> 2 | K5: =IFERROR(J5/I5,"") -> 0.2 | L5: =IFERROR(D5/C5,"") -> 16.366255 | M5: =IFERROR(H5/D5*1000,"") -> 3.0173498 | N5: 3500 | O5: =IFERROR(IF(OR(N5="",ISBLANK(INDIRECT("'"&$Q$2&"'!N"&ROW()))),"",N5-INDIRECT("'"&$Q$2&"'!N"&ROW())),"") -> -1 | S5: =IFERROR(IF(ISBLANK(INDIRECT("'"&$Q$2&"'!G"&ROW())),"",INDIRECT("'"&$Q$2&"'!G"&ROW())),"") -> -0.30656814 | T5: =IF(OR($G5="",$S5=""),"",$G5-$S5) -> 0.24831572 | U5: =IFERROR(IF(ISBLANK(INDIRECT("'"&$Q$2&"'!K"&ROW())),"",INDIRECT("'"&$Q$2&"'!K"&ROW())),"") -> -0.28571429 | V5: =IF(OR($K5="",$U5=""),"",$K5-$U5) -> 0.48571429 | W5: =IFERROR(IF(ISBLANK(INDIRECT("'"&$Q$2&"'!O"&ROW())),"",INDIRECT("'"&$Q$2&"'!O"&ROW())),"") -> -2 | X5: =IF(OR($O5="",$W5=""),"",$O5-$W5) -> 1
A6: ВКонтакте | B6: Красный Север | C6: 87 | D6: 63285 | E6: =IF($D6="","",IFERROR(IF(ISBLANK(INDIRECT("'"&$Q$2&"'!D"&ROW())),"",INDIRECT("'"&$Q$2&"'!D"&ROW())),"")) -> 52347 | F6: =IF(OR(D6="",E6=""),"",D6-E6) -> 10938 | G6: =IFERROR(F6/E6,"") -> 0.2089518 | H6: 343 | I6: =IF($H6="","",IFERROR(IF(ISBLANK(INDIRECT("'"&$Q$2&"'!H"&ROW())),"",INDIRECT("'"&$Q$2&"'!H"&ROW())),"")) -> 291 | J6: =IF(OR(H6="",I6=""),"",H6-I6) -> 52 | K6: =IFERROR(J6/I6,"") -> 0.17869416 | L6: =IFERROR(D6/C6,"") -> 727.41379 | M6: =IFERROR(H6/D6*1000,"") -> 5.4199257 | N6: 22932 | O6: =IFERROR(IF(OR(N6="",ISBLANK(INDIRECT("'"&$Q$2&"'!N"&ROW()))),"",N6-INDIRECT("'"&$Q$2&"'!N"&ROW())),"") -> 1 | S6: =IFERROR(IF(ISBLANK(INDIRECT("'"&$Q$2&"'!G"&ROW())),"",INDIRECT("'"&$Q$2&"'!G"&ROW())),"") -> -0.072453753 | T6: =IF(OR($G6="",$S6=""),"",$G6-$S6) -> 0.28140556 | U6: =IFERROR(IF(ISBLANK(INDIRECT("'"&$Q$2&"'!K"&ROW())),"",INDIRECT("'"&$Q$2&"'!K"&ROW())),"") -> 0.081784387 | V6: =IF(OR($K6="",$U6=""),"",$K6-$U6) -> 0.096909771 | W6: =IFERROR(IF(ISBLANK(INDIRECT("'"&$Q$2&"'!O"&ROW())),"",INDIRECT("'"&$Q$2&"'!O"&ROW())),"") -> -4 | X6: =IF(OR($O6="",$W6=""),"",$O6-$W6) -> 5
A7: ВКонтакте | B7: Новый Уренгой | C7: 98 | D7: 78870 | E7: =IF($D7="","",IFERROR(IF(ISBLANK(INDIRECT("'"&$Q$2&"'!D"&ROW())),"",INDIRECT("'"&$Q$2&"'!D"&ROW())),"")) -> 108141 | F7: =IF(OR(D7="",E7=""),"",D7-E7) -> -29271 | G7: =IFERROR(F7/E7,"") -> -0.2706744 | H7: 796 | I7: =IF($H7="","",IFERROR(IF(ISBLANK(INDIRECT("'"&$Q$2&"'!H"&ROW())),"",INDIRECT("'"&$Q$2&"'!H"&ROW())),"")) -> 1025 | J7: =IF(OR(H7="",I7=""),"",H7-I7) -> -229 | K7: =IFERROR(J7/I7,"") -> -0.22341463 | L7: =IFERROR(D7/C7,"") -> 804.79592 | M7: =IFERROR(H7/D7*1000,"") -> 10.092557 | N7: 24868 | O7: =IFERROR(IF(OR(N7="",ISBLANK(INDIRECT("'"&$Q$2&"'!N"&ROW()))),"",N7-INDIRECT("'"&$Q$2&"'!N"&ROW())),"") -> 36 | S7: =IFERROR(IF(ISBLANK(INDIRECT("'"&$Q$2&"'!G"&ROW())),"",INDIRECT("'"&$Q$2&"'!G"&ROW())),"") -> 0.027751114 | T7: =IF(OR($G7="",$S7=""),"",$G7-$S7) -> -0.29842551 | U7: =IFERROR(IF(ISBLANK(INDIRECT("'"&$Q$2&"'!K"&ROW())),"",INDIRECT("'"&$Q$2&"'!K"&ROW())),"") -> -0.15983607 | V7: =IF(OR($K7="",$U7=""),"",$K7-$U7) -> -0.063578569 | W7: =IFERROR(IF(ISBLANK(INDIRECT("'"&$Q$2&"'!O"&ROW())),"",INDIRECT("'"&$Q$2&"'!O"&ROW())),"") -> 317 | X7: =IF(OR($O7="",$W7=""),"",$O7-$W7) -> -281
A8: ВКонтакте | B8: Надым | C8: 87 | D8: 296983 | E8: =IF($D8="","",IFERROR(IF(ISBLANK(INDIRECT("'"&$Q$2&"'!D"&ROW())),"",INDIRECT("'"&$Q$2&"'!D"&ROW())),"")) -> 347976 | F8: =IF(OR(D8="",E8=""),"",D8-E8) -> -50993 | G8: =IFERROR(F8/E8,"") -> -0.14654172 | H8: 3566 | I8: =IF($H8="","",IFERROR(IF(ISBLANK(INDIRECT("'"&$Q$2&"'!H"&ROW())),"",INDIRECT("'"&$Q$2&"'!H"&ROW())),"")) -> 3740 | J8: =IF(OR(H8="",I8=""),"",H8-I8) -> -174 | K8: =IFERROR(J8/I8,"") -> -0.046524064 | L8: =IFERROR(D8/C8,"") -> 3413.5977 | M8: =IFERROR(H8/D8*1000,"") -> 12.007421 | N8: 21744 | O8: =IFERROR(IF(OR(N8="",ISBLANK(INDIRECT("'"&$Q$2&"'!N"&ROW()))),"",N8-INDIRECT("'"&$Q$2&"'!N"&ROW())),"") -> 29 | S8: =IFERROR(IF(ISBLANK(INDIRECT("'"&$Q$2&"'!G"&ROW())),"",INDIRECT("'"&$Q$2&"'!G"&ROW())),"") -> 0.27833658 | T8: =IF(OR($G8="",$S8=""),"",$G8-$S8) -> -0.42487829 | U8: =IFERROR(IF(ISBLANK(INDIRECT("'"&$Q$2&"'!K"&ROW())),"",INDIRECT("'"&$Q$2&"'!K"&ROW())),"") -> -0.13864579 | V8: =IF(OR($K8="",$U8=""),"",$K8-$U8) -> 0.092121721 | W8: =IFERROR(IF(ISBLANK(INDIRECT("'"&$Q$2&"'!O"&ROW())),"",INDIRECT("'"&$Q$2&"'!O"&ROW())),"") -> 218 | X8: =IF(OR($O8="",$W8=""),"",$O8-$W8) -> -189
A9: ВКонтакте | B9: Ноябрьск | C9: 96 | D9: 322545 | E9: =IF($D9="","",IFERROR(IF(ISBLANK(INDIRECT("'"&$Q$2&"'!D"&ROW())),"",INDIRECT("'"&$Q$2&"'!D"&ROW())),"")) -> 424827 | F9: =IF(OR(D9="",E9=""),"",D9-E9) -> -102282 | G9: =IFERROR(F9/E9,"") -> -0.24076153 | H9: 4156 | I9: =IF($H9="","",IFERROR(IF(ISBLANK(INDIRECT("'"&$Q$2&"'!H"&ROW())),"",INDIRECT("'"&$Q$2&"'!H"&ROW())),"")) -> 4187 | J9: =IF(OR(H9="",I9=""),"",H9-I9) -> -31 | K9: =IFERROR(J9/I9,"") -> -0.0074038691 | L9: =IFERROR(D9/C9,"") -> 3359.8438 | M9: =IFERROR(H9/D9*1000,"") -> 12.885024 | N9: 31330 | O9: =IFERROR(IF(OR(N9="",ISBLANK(INDIRECT("'"&$Q$2&"'!N"&ROW()))),"",N9-INDIRECT("'"&$Q$2&"'!N"&ROW())),"") -> 29 | S9: =IFERROR(IF(ISBLANK(INDIRECT("'"&$Q$2&"'!G"&ROW())),"",INDIRECT("'"&$Q$2&"'!G"&ROW())),"") -> 0.3302532 | T9: =IF(OR($G9="",$S9=""),"",$G9-$S9) -> -0.57101473 | U9: =IFERROR(IF(ISBLANK(INDIRECT("'"&$Q$2&"'!K"&ROW())),"",INDIRECT("'"&$Q$2&"'!K"&ROW())),"") -> 0.037670384 | V9: =IF(OR($K9="",$U9=""),"",$K9-$U9) -> -0.045074253 | W9: =IFERROR(IF(ISBLANK(INDIRECT("'"&$Q$2&"'!O"&ROW())),"",INDIRECT("'"&$Q$2&"'!O"&ROW())),"") -> 271 | X9: =IF(OR($O9="",$W9=""),"",$O9-$W9) -> -242
A10: ВКонтакте | B10: Салехард | C10: 135 | D10: 167913 | E10: =IF($D10="","",IFERROR(IF(ISBLANK(INDIRECT("'"&$Q$2&"'!D"&ROW())),"",INDIRECT("'"&$Q$2&"'!D"&ROW())),"")) -> 202830 | F10: =IF(OR(D10="",E10=""),"",D10-E10) -> -34917 | G10: =IFERROR(F10/E10,"") -> -0.17214909 | H10: 1192 | I10: =IF($H10="","",IFERROR(IF(ISBLANK(INDIRECT("'"&$Q$2&"'!H"&ROW())),"",INDIRECT("'"&$Q$2&"'!H"&ROW())),"")) -> 1305 | J10: =IF(OR(H10="",I10=""),"",H10-I10) -> -113 | K10: =IFERROR(J10/I10,"") -> -0.086590038 | L10: =IFERROR(D10/C10,"") -> 1243.8 | M10: =IFERROR(H10/D10*1000,"") -> 7.0989143 | N10: 21586 | O10: =IFERROR(IF(OR(N10="",ISBLANK(INDIRECT("'"&$Q$2&"'!N"&ROW()))),"",N10-INDIRECT("'"&$Q$2&"'!N"&ROW())),"") -> 12 | S10: =IFERROR(IF(ISBLANK(INDIRECT("'"&$Q$2&"'!G"&ROW())),"",INDIRECT("'"&$Q$2&"'!G"&ROW())),"") -> 0.025694188 | T10: =IF(OR($G10="",$S10=""),"",$G10-$S10) -> -0.19784328 | U10: =IFERROR(IF(ISBLANK(INDIRECT("'"&$Q$2&"'!K"&ROW())),"",INDIRECT("'"&$Q$2&"'!K"&ROW())),"") -> -0.1453831 | V10: =IF(OR($K10="",$U10=""),"",$K10-$U10) -> 0.058793066 | W10: =IFERROR(IF(ISBLANK(INDIRECT("'"&$Q$2&"'!O"&ROW())),"",INDIRECT("'"&$Q$2&"'!O"&ROW())),"") -> 199 | X10: =IF(OR($O10="",$W10=""),"",$O10-$W10) -> -187
A11: ВКонтакте | B11: Приуралье | C11: 106 | D11: 407601 | E11: =IF($D11="","",IFERROR(IF(ISBLANK(INDIRECT("'"&$Q$2&"'!D"&ROW())),"",INDIRECT("'"&$Q$2&"'!D"&ROW())),"")) -> 572378 | F11: =IF(OR(D11="",E11=""),"",D11-E11) -> -164777 | G11: =IFERROR(F11/E11,"") -> -0.28788143 | H11: 3694 | I11: =IF($H11="","",IFERROR(IF(ISBLANK(INDIRECT("'"&$Q$2&"'!H"&ROW())),"",INDIRECT("'"&$Q$2&"'!H"&ROW())),"")) -> 4467 | J11: =IF(OR(H11="",I11=""),"",H11-I11) -> -773 | K11: =IFERROR(J11/I11,"") -> -0.17304679 | L11: =IFERROR(D11/C11,"") -> 3845.2925 | M11: =IFERROR(H11/D11*1000,"") -> 9.0627844 | N11: 20797 | O11: =IFERROR(IF(OR(N11="",ISBLANK(INDIRECT("'"&$Q$2&"'!N"&ROW()))),"",N11-INDIRECT("'"&$Q$2&"'!N"&ROW())),"") -> 23 | S11: =IFERROR(IF(ISBLANK(INDIRECT("'"&$Q$2&"'!G"&ROW())),"",INDIRECT("'"&$Q$2&"'!G"&ROW())),"") -> 0.49110357 | T11: =IF(OR($G11="",$S11=""),"",$G11-$S11) -> -0.77898501 | U11: =IFERROR(IF(ISBLANK(INDIRECT("'"&$Q$2&"'!K"&ROW())),"",INDIRECT("'"&$Q$2&"'!K"&ROW())),"") -> 0.27847739 | V11: =IF(OR($K11="",$U11=""),"",$K11-$U11) -> -0.45152418 | W11: =IFERROR(IF(ISBLANK(INDIRECT("'"&$Q$2&"'!O"&ROW())),"",INDIRECT("'"&$Q$2&"'!O"&ROW())),"") -> 138 | X11: =IF(OR($O11="",$W11=""),"",$O11-$W11) -> -115
A12: ВКонтакте | B12: Лабытнанги | C12: 66 | D12: 111561 | E12: =IF($D12="","",IFERROR(IF(ISBLANK(INDIRECT("'"&$Q$2&"'!D"&ROW())),"",INDIRECT("'"&$Q$2&"'!D"&ROW())),"")) -> 151998 | F12: =IF(OR(D12="",E12=""),"",D12-E12) -> -40437 | G12: =IFERROR(F12/E12,"") -> -0.2660364 | H12: 1930 | I12: =IF($H12="","",IFERROR(IF(ISBLANK(INDIRECT("'"&$Q$2&"'!H"&ROW())),"",INDIRECT("'"&$Q$2&"'!H"&ROW())),"")) -> 2359 | J12: =IF(OR(H12="",I12=""),"",H12-I12) -> -429 | K12: =IFERROR(J12/I12,"") -> -0.18185672 | L12: =IFERROR(D12/C12,"") -> 1690.3182 | M12: =IFERROR(H12/D12*1000,"") -> 17.299952 | N12: 15498 | O12: =IFERROR(IF(OR(N12="",ISBLANK(INDIRECT("'"&$Q$2&"'!N"&ROW()))),"",N12-INDIRECT("'"&$Q$2&"'!N"&ROW())),"") -> 44 | S12: =IFERROR(IF(ISBLANK(INDIRECT("'"&$Q$2&"'!G"&ROW())),"",INDIRECT("'"&$Q$2&"'!G"&ROW())),"") -> 0.0069827221 | T12: =IF(OR($G12="",$S12=""),"",$G12-$S12) -> -0.27301912 | U12: =IFERROR(IF(ISBLANK(INDIRECT("'"&$Q$2&"'!K"&ROW())),"",INDIRECT("'"&$Q$2&"'!K"&ROW())),"") -> -0.13462949 | V12: =IF(OR($K12="",$U12=""),"",$K12-$U12) -> -0.047227225 | W12: =IFERROR(IF(ISBLANK(INDIRECT("'"&$Q$2&"'!O"&ROW())),"",INDIRECT("'"&$Q$2&"'!O"&ROW())),"") -> 76 | X12: =IF(OR($O12="",$W12=""),"",$O12-$W12) -> -32
A13: ВКонтакте | B13: Пуровский | C13: 49 | D13: 33284 | E13: =IF($D13="","",IFERROR(IF(ISBLANK(INDIRECT("'"&$Q$2&"'!D"&ROW())),"",INDIRECT("'"&$Q$2&"'!D"&ROW())),"")) -> 48629 | F13: =IF(OR(D13="",E13=""),"",D13-E13) -> -15345 | G13: =IFERROR(F13/E13,"") -> -0.31555245 | H13: 353 | I13: =IF($H13="","",IFERROR(IF(ISBLANK(INDIRECT("'"&$Q$2&"'!H"&ROW())),"",INDIRECT("'"&$Q$2&"'!H"&ROW())),"")) -> 706 | J13: =IF(OR(H13="",I13=""),"",H13-I13) -> -353 | K13: =IFERROR(J13/I13,"") -> -0.5 | L13: =IFERROR(D13/C13,"") -> 679.26531 | M13: =IFERROR(H13/D13*1000,"") -> 10.605696 | N13: 16443 | O13: =IFERROR(IF(OR(N13="",ISBLANK(INDIRECT("'"&$Q$2&"'!N"&ROW()))),"",N13-INDIRECT("'"&$Q$2&"'!N"&ROW())),"") -> -4 | S13: =IFERROR(IF(ISBLANK(INDIRECT("'"&$Q$2&"'!G"&ROW())),"",INDIRECT("'"&$Q$2&"'!G"&ROW())),"") -> 0.66754681 | T13: =IF(OR($G13="",$S13=""),"",$G13-$S13) -> -0.98309926 | U13: =IFERROR(IF(ISBLANK(INDIRECT("'"&$Q$2&"'!K"&ROW())),"",INDIRECT("'"&$Q$2&"'!K"&ROW())),"") -> 0.44969199 | V13: =IF(OR($K13="",$U13=""),"",$K13-$U13) -> -0.94969199 | W13: =IFERROR(IF(ISBLANK(INDIRECT("'"&$Q$2&"'!O"&ROW())),"",INDIRECT("'"&$Q$2&"'!O"&ROW())),"") -> 101 | X13: =IF(OR($O13="",$W13=""),"",$O13-$W13) -> -105
A14: ВКонтакте | B14: Тазовский | C14: 56 | D14: 48840 | E14: =IF($D14="","",IFERROR(IF(ISBLANK(INDIRECT("'"&$Q$2&"'!D"&ROW())),"",INDIRECT("'"&$Q$2&"'!D"&ROW())),"")) -> 82265 | F14: =IF(OR(D14="",E14=""),"",D14-E14) -> -33425 | G14: =IFERROR(F14/E14,"") -> -0.40630888 | H14: 534 | I14: =IF($H14="","",IFERROR(IF(ISBLANK(INDIRECT("'"&$Q$2&"'!H"&ROW())),"",INDIRECT("'"&$Q$2&"'!H"&ROW())),"")) -> 787 | J14: =IF(OR(H14="",I14=""),"",H14-I14) -> -253 | K14: =IFERROR(J14/I14,"") -> -0.32147395 | L14: =IFERROR(D14/C14,"") -> 872.14286 | M14: =IFERROR(H14/D14*1000,"") -> 10.933661 | N14: 6439 | O14: =IFERROR(IF(OR(N14="",ISBLANK(INDIRECT("'"&$Q$2&"'!N"&ROW()))),"",N14-INDIRECT("'"&$Q$2&"'!N"&ROW())),"") -> 37 | S14: =IFERROR(IF(ISBLANK(INDIRECT("'"&$Q$2&"'!G"&ROW())),"",INDIRECT("'"&$Q$2&"'!G"&ROW())),"") -> 0.56889482 | T14: =IF(OR($G14="",$S14=""),"",$G14-$S14) -> -0.9752037 | U14: =IFERROR(IF(ISBLANK(INDIRECT("'"&$Q$2&"'!K"&ROW())),"",INDIRECT("'"&$Q$2&"'!K"&ROW())),"") -> 0.64989518 | V14: =IF(OR($K14="",$U14=""),"",$K14-$U14) -> -0.97136913 | W14: =IFERROR(IF(ISBLANK(INDIRECT("'"&$Q$2&"'!O"&ROW())),"",INDIRECT("'"&$Q$2&"'!O"&ROW())),"") -> 74 | X14: =IF(OR($O14="",$W14=""),"",$O14-$W14) -> -37
A15: ВКонтакте | B15: Красноселькуп | C15: 29 | D15: 30735 | E15: =IF($D15="","",IFERROR(IF(ISBLANK(INDIRECT("'"&$Q$2&"'!D"&ROW())),"",INDIRECT("'"&$Q$2&"'!D"&ROW())),"")) -> 43212 | F15: =IF(OR(D15="",E15=""),"",D15-E15) -> -12477 | G15: =IFERROR(F15/E15,"") -> -0.28873924 | H15: 302 | I15: =IF($H15="","",IFERROR(IF(ISBLANK(INDIRECT("'"&$Q$2&"'!H"&ROW())),"",INDIRECT("'"&$Q$2&"'!H"&ROW())),"")) -> 348 | J15: =IF(OR(H15="",I15=""),"",H15-I15) -> -46 | K15: =IFERROR(J15/I15,"") -> -0.13218391 | L15: =IFERROR(D15/C15,"") -> 1059.8276 | M15: =IFERROR(H15/D15*1000,"") -> 9.8259313 | N15: 3687 | O15: =IFERROR(IF(OR(N15="",ISBLANK(INDIRECT("'"&$Q$2&"'!N"&ROW()))),"",N15-INDIRECT("'"&$Q$2&"'!N"&ROW())),"") -> 8 | S15: =IFERROR(IF(ISBLANK(INDIRECT("'"&$Q$2&"'!G"&ROW())),"",INDIRECT("'"&$Q$2&"'!G"&ROW())),"") -> 0.3764852 | T15: =IF(OR($G15="",$S15=""),"",$G15-$S15) -> -0.66522444 | U15: =IFERROR(IF(ISBLANK(INDIRECT("'"&$Q$2&"'!K"&ROW())),"",INDIRECT("'"&$Q$2&"'!K"&ROW())),"") -> -0.35911602 | V15: =IF(OR($K15="",$U15=""),"",$K15-$U15) -> 0.22693211 | W15: =IFERROR(IF(ISBLANK(INDIRECT("'"&$Q$2&"'!O"&ROW())),"",INDIRECT("'"&$Q$2&"'!O"&ROW())),"") -> 24 | X15: =IF(OR($O15="",$W15=""),"",$O15-$W15) -> -16
A16: ВКонтакте | B16: Ямальский | C16: 50 | D16: 99250 | E16: =IF($D16="","",IFERROR(IF(ISBLANK(INDIRECT("'"&$Q$2&"'!D"&ROW())),"",INDIRECT("'"&$Q$2&"'!D"&ROW())),"")) -> 158474 | F16: =IF(OR(D16="",E16=""),"",D16-E16) -> -59224 | G16: =IFERROR(F16/E16,"") -> -0.3737143 | H16: 1001 | I16: =IF($H16="","",IFERROR(IF(ISBLANK(INDIRECT("'"&$Q$2&"'!H"&ROW())),"",INDIRECT("'"&$Q$2&"'!H"&ROW())),"")) -> 1498 | J16: =IF(OR(H16="",I16=""),"",H16-I16) -> -497 | K16: =IFERROR(J16/I16,"") -> -0.3317757 | L16: =IFERROR(D16/C16,"") -> 1985 | M16: =IFERROR(H16/D16*1000,"") -> 10.085642 | N16: 12813 | O16: =IFERROR(IF(OR(N16="",ISBLANK(INDIRECT("'"&$Q$2&"'!N"&ROW()))),"",N16-INDIRECT("'"&$Q$2&"'!N"&ROW())),"") -> 80 | S16: =IFERROR(IF(ISBLANK(INDIRECT("'"&$Q$2&"'!G"&ROW())),"",INDIRECT("'"&$Q$2&"'!G"&ROW())),"") -> 0.16253173 | T16: =IF(OR($G16="",$S16=""),"",$G16-$S16) -> -0.53624603 | U16: =IFERROR(IF(ISBLANK(INDIRECT("'"&$Q$2&"'!K"&ROW())),"",INDIRECT("'"&$Q$2&"'!K"&ROW())),"") -> -0.23571429 | V16: =IF(OR($K16="",$U16=""),"",$K16-$U16) -> -0.096061415 | W16: =IFERROR(IF(ISBLANK(INDIRECT("'"&$Q$2&"'!O"&ROW())),"",INDIRECT("'"&$Q$2&"'!O"&ROW())),"") -> 268 | X16: =IF(OR($O16="",$W16=""),"",$O16-$W16) -> -188
... A29: ВКонтакте | B29: Морошка | C29: 7 | D29: 10725 | E29: =IF($D29="","",IFERROR(IF(ISBLANK(INDIRECT("'"&$Q$2&"'!D"&ROW())),"",INDIRECT("'"&$Q$2&"'!D"&ROW())),"")) -> 3666 | F29: =IF(OR(D29="",E29=""),"",D29-E29) -> 7059 | G29: =IFERROR(F29/E29,"") -> 1.9255319 | H29: 253 | I29: =IF($H29="","",IFERROR(IF(ISBLANK(INDIRECT("'"&$Q$2&"'!H"&ROW())),"",INDIRECT("'"&$Q$2&"'!H"&ROW())),"")) -> 85 | J29: =IF(OR(H29="",I29=""),"",H29-I29) -> 168 | K29: =IFERROR(J29/I29,"") -> 1.9764706 | L29: =IFERROR(D29/C29,"") -> 1532.1429 | M29: =IFERROR(H29/D29*1000,"") -> 23.589744 | N29: 9625 | O29: =IFERROR(IF(OR(N29="",ISBLANK(INDIRECT("'"&$Q$2&"'!N"&ROW()))),"",N29-INDIRECT("'"&$Q$2&"'!N"&ROW())),"") -> 23 | S29: =IFERROR(IF(ISBLANK(INDIRECT("'"&$Q$2&"'!G"&ROW())),"",INDIRECT("'"&$Q$2&"'!G"&ROW())),"") -> -0.90270184 | T29: =IF(OR($G29="",$S29=""),"",$G29-$S29) -> 2.8282338 | U29: =IFERROR(IF(ISBLANK(INDIRECT("'"&$Q$2&"'!K"&ROW())),"",INDIRECT("'"&$Q$2&"'!K"&ROW())),"") -> 0.63461538 | V29: =IF(OR($K29="",$U29=""),"",$K29-$U29) -> 1.3418552 | W29: =IFERROR(IF(ISBLANK(INDIRECT("'"&$Q$2&"'!O"&ROW())),"",INDIRECT("'"&$Q$2&"'!O"&ROW())),"") -> 30 | X29: =IF(OR($O29="",$W29=""),"",$O29-$W29) -> -7
B30: Итого ВКонтакте | C30: =SUM(C3:C29) -> 1883 | D30: =SUM(D3:D29) -> 4273439 | E30: =SUM(E3:E29) -> 3693588 | F30: =SUM(F3:F29) -> 579851 | G30: =IF(C30=0,"",IFERROR(F30/E30,"")) -> 0.15698854 | H30: =SUM(H3:H29) -> 29907 | I30: =SUM(I3:I29) -> 33462 | J30: =SUM(J3:J29) -> -3555 | K30: =IF(C30=0,"",IFERROR(J30/I30,"")) -> -0.10623991 | L30: =IFERROR(D30/C30,"") -> 2269.4843 | M30: =IFERROR(H30/D30*1000,"") -> 6.9983449 | N30: =SUM(N3:N29) -> 465281 | O30: =SUM(O3:O29) -> 728 | S30: =IFERROR(IF(ISBLANK(INDIRECT("'"&$Q$2&"'!G"&ROW())),"",INDIRECT("'"&$Q$2&"'!G"&ROW())),"") -> 0.22306668 | T30: =IF(OR($G30="",$S30=""),"",$G30-$S30) -> -0.06607814 | U30: =IFERROR(IF(ISBLANK(INDIRECT("'"&$Q$2&"'!K"&ROW())),"",INDIRECT("'"&$Q$2&"'!K"&ROW())),"") -> 0.029916898 | V30: =IF(OR($K30="",$U30=""),"",$K30-$U30) -> -0.13615681 | W30: =IFERROR(IF(ISBLANK(INDIRECT("'"&$Q$2&"'!O"&ROW())),"",INDIRECT("'"&$Q$2&"'!O"&ROW())),"") -> 3078 | X30: =IF(OR(C30=0,$O30="",$W30=""),"",$O30-$W30) -> -2350
A31: Одноклассники | B31: Ямал-Медиа | C31: 118 | D31: 25088 | E31: =IF($D31="","",IFERROR(IF(ISBLANK(INDIRECT("'"&$Q$2&"'!D"&ROW())),"",INDIRECT("'"&$Q$2&"'!D"&ROW())),"")) -> 36700 | F31: =IF(OR(D31="",E31=""),"",D31-E31) -> -11612 | G31: =IFERROR(F31/E31,"") -> -0.31640327 | H31: 112 | I31: =IF($H31="","",IFERROR(IF(ISBLANK(INDIRECT("'"&$Q$2&"'!H"&ROW())),"",INDIRECT("'"&$Q$2&"'!H"&ROW())),"")) -> 116 | J31: =IF(OR(H31="",I31=""),"",H31-I31) -> -4 | K31: =IFERROR(J31/I31,"") -> -0.034482759 | L31: =IFERROR(D31/C31,"") -> 212.61017 | M31: =IFERROR(H31/D31*1000,"") -> 4.4642857 | N31: 32491 | O31: =IFERROR(IF(OR(N31="",ISBLANK(INDIRECT("'"&$Q$2&"'!N"&ROW()))),"",N31-INDIRECT("'"&$Q$2&"'!N"&ROW())),"") -> 3 | S31: =IFERROR(IF(ISBLANK(INDIRECT("'"&$Q$2&"'!G"&ROW())),"",INDIRECT("'"&$Q$2&"'!G"&ROW())),"") -> -0.87413273 | T31: =IF(OR($G31="",$S31=""),"",$G31-$S31) -> 0.55772946 | U31: =IFERROR(IF(ISBLANK(INDIRECT("'"&$Q$2&"'!K"&ROW())),"",INDIRECT("'"&$Q$2&"'!K"&ROW())),"") -> -0.086614173 | V31: =IF(OR($K31="",$U31=""),"",$K31-$U31) -> 0.052131415 | W31: =IFERROR(IF(ISBLANK(INDIRECT("'"&$Q$2&"'!O"&ROW())),"",INDIRECT("'"&$Q$2&"'!O"&ROW())),"") -> 15 | X31: =IF(OR($O31="",$W31=""),"",$O31-$W31) -> -12
A32: Одноклассники | B32: Север-Пресс | C32: 109 | D32: 31127 | E32: =IF($D32="","",IFERROR(IF(ISBLANK(INDIRECT("'"&$Q$2&"'!D"&ROW())),"",INDIRECT("'"&$Q$2&"'!D"&ROW())),"")) -> 42212 | F32: =IF(OR(D32="",E32=""),"",D32-E32) -> -11085 | G32: =IFERROR(F32/E32,"") -> -0.26260305 | H32: 35 | I32: =IF($H32="","",IFERROR(IF(ISBLANK(INDIRECT("'"&$Q$2&"'!H"&ROW())),"",INDIRECT("'"&$Q$2&"'!H"&ROW())),"")) -> 92 | J32: =IF(OR(H32="",I32=""),"",H32-I32) -> -57 | K32: =IFERROR(J32/I32,"") -> -0.61956522 | L32: =IFERROR(D32/C32,"") -> 285.56881 | M32: =IFERROR(H32/D32*1000,"") -> 1.1244257 | N32: 21738 | O32: =IFERROR(IF(OR(N32="",ISBLANK(INDIRECT("'"&$Q$2&"'!N"&ROW()))),"",N32-INDIRECT("'"&$Q$2&"'!N"&ROW())),"") -> 1 | S32: =IFERROR(IF(ISBLANK(INDIRECT("'"&$Q$2&"'!G"&ROW())),"",INDIRECT("'"&$Q$2&"'!G"&ROW())),"") -> 0.035953567 | T32: =IF(OR($G32="",$S32=""),"",$G32-$S32) -> -0.29855662 | U32: =IFERROR(IF(ISBLANK(INDIRECT("'"&$Q$2&"'!K"&ROW())),"",INDIRECT("'"&$Q$2&"'!K"&ROW())),"") -> 0.35294118 | V32: =IF(OR($K32="",$U32=""),"",$K32-$U32) -> -0.97250639 | W32: =IFERROR(IF(ISBLANK(INDIRECT("'"&$Q$2&"'!O"&ROW())),"",INDIRECT("'"&$Q$2&"'!O"&ROW())),"") -> 2 | X32: =IF(OR($O32="",$W32=""),"",$O32-$W32) -> -1
A33: Одноклассники | B33: Красный Север | C33: 75 | D33: 24654 | E33: =IF($D33="","",IFERROR(IF(ISBLANK(INDIRECT("'"&$Q$2&"'!D"&ROW())),"",INDIRECT("'"&$Q$2&"'!D"&ROW())),"")) -> 16771 | F33: =IF(OR(D33="",E33=""),"",D33-E33) -> 7883 | G33: =IFERROR(F33/E33,"") -> 0.47003756 | H33: 18 | I33: =IF($H33="","",IFERROR(IF(ISBLANK(INDIRECT("'"&$Q$2&"'!H"&ROW())),"",INDIRECT("'"&$Q$2&"'!H"&ROW())),"")) -> 5 | J33: =IF(OR(H33="",I33=""),"",H33-I33) -> 13 | K33: =IFERROR(J33/I33,"") -> 2.6 | L33: =IFERROR(D33/C33,"") -> 328.72 | M33: =IFERROR(H33/D33*1000,"") -> 0.73010465 | N33: 8958 | O33: =IFERROR(IF(OR(N33="",ISBLANK(INDIRECT("'"&$Q$2&"'!N"&ROW()))),"",N33-INDIRECT("'"&$Q$2&"'!N"&ROW())),"") -> 1 | S33: =IFERROR(IF(ISBLANK(INDIRECT("'"&$Q$2&"'!G"&ROW())),"",INDIRECT("'"&$Q$2&"'!G"&ROW())),"") -> -0.085301336 | T33: =IF(OR($G33="",$S33=""),"",$G33-$S33) -> 0.5553389 | U33: =IFERROR(IF(ISBLANK(INDIRECT("'"&$Q$2&"'!K"&ROW())),"",INDIRECT("'"&$Q$2&"'!K"&ROW())),"") -> 0.25 | V33: =IF(OR($K33="",$U33=""),"",$K33-$U33) -> 2.35 | W33: =IFERROR(IF(ISBLANK(INDIRECT("'"&$Q$2&"'!O"&ROW())),"",INDIRECT("'"&$Q$2&"'!O"&ROW())),"") -> -4 | X33: =IF(OR($O33="",$W33=""),"",$O33-$W33) -> 5
A34: Одноклассники | B34: Новый Уренгой | C34: 84 | D34: 604 | E34: =IF($D34="","",IFERROR(IF(ISBLANK(INDIRECT("'"&$Q$2&"'!D"&ROW())),"",INDIRECT("'"&$Q$2&"'!D"&ROW())),"")) -> 721 | F34: =IF(OR(D34="",E34=""),"",D34-E34) -> -117 | G34: =IFERROR(F34/E34,"") -> -0.16227462 | H34: 0 | I34: =IF($H34="","",IFERROR(IF(ISBLANK(INDIRECT("'"&$Q$2&"'!H"&ROW())),"",INDIRECT("'"&$Q$2&"'!H"&ROW())),"")) -> 0 | J34: =IF(OR(H34="",I34=""),"",H34-I34) -> 0 | K34: =IFERROR(J34/I34,"") | L34: =IFERROR(D34/C34,"") -> 7.1904762 | M34: =IFERROR(H34/D34*1000,"") -> 0 | N34: 6 | O34: =IFERROR(IF(OR(N34="",ISBLANK(INDIRECT("'"&$Q$2&"'!N"&ROW()))),"",N34-INDIRECT("'"&$Q$2&"'!N"&ROW())),"") -> 0 | S34: =IFERROR(IF(ISBLANK(INDIRECT("'"&$Q$2&"'!G"&ROW())),"",INDIRECT("'"&$Q$2&"'!G"&ROW())),"") -> -0.20331492 | T34: =IF(OR($G34="",$S34=""),"",$G34-$S34) -> 0.041040299 | U34: =IFERROR(IF(ISBLANK(INDIRECT("'"&$Q$2&"'!K"&ROW())),"",INDIRECT("'"&$Q$2&"'!K"&ROW())),"") | V34: =IF(OR($K34="",$U34=""),"",$K34-$U34) | W34: =IFERROR(IF(ISBLANK(INDIRECT("'"&$Q$2&"'!O"&ROW())),"",INDIRECT("'"&$Q$2&"'!O"&ROW())),"") -> 0 | X34: =IF(OR($O34="",$W34=""),"",$O34-$W34) -> 0
A35: Одноклассники | B35: Надым | C35: 83 | D35: 8859 | E35: =IF($D35="","",IFERROR(IF(ISBLANK(INDIRECT("'"&$Q$2&"'!D"&ROW())),"",INDIRECT("'"&$Q$2&"'!D"&ROW())),"")) -> 9472 | F35: =IF(OR(D35="",E35=""),"",D35-E35) -> -613 | G35: =IFERROR(F35/E35,"") -> -0.064717061 | H35: 70 | I35: =IF($H35="","",IFERROR(IF(ISBLANK(INDIRECT("'"&$Q$2&"'!H"&ROW())),"",INDIRECT("'"&$Q$2&"'!H"&ROW())),"")) -> 48 | J35: =IF(OR(H35="",I35=""),"",H35-I35) -> 22 | K35: =IFERROR(J35/I35,"") -> 0.45833333 | L35: =IFERROR(D35/C35,"") -> 106.73494 | M35: =IFERROR(H35/D35*1000,"") -> 7.901569 | N35: 1941 | O35: =IFERROR(IF(OR(N35="",ISBLANK(INDIRECT("'"&$Q$2&"'!N"&ROW()))),"",N35-INDIRECT("'"&$Q$2&"'!N"&ROW())),"") -> 0 | S35: =IFERROR(IF(ISBLANK(INDIRECT("'"&$Q$2&"'!G"&ROW())),"",INDIRECT("'"&$Q$2&"'!G"&ROW())),"") -> -0.074728924 | T35: =IF(OR($G35="",$S35=""),"",$G35-$S35) -> 0.010011864 | U35: =IFERROR(IF(ISBLANK(INDIRECT("'"&$Q$2&"'!K"&ROW())),"",INDIRECT("'"&$Q$2&"'!K"&ROW())),"") -> -0.61904762 | V35: =IF(OR($K35="",$U35=""),"",$K35-$U35) -> 1.077381 | W35: =IFERROR(IF(ISBLANK(INDIRECT("'"&$Q$2&"'!O"&ROW())),"",INDIRECT("'"&$Q$2&"'!O"&ROW())),"") -> 4 | X35: =IF(OR($O35="",$W35=""),"",$O35-$W35) -> -4
A36: Одноклассники | B36: Ноябрьск | E36: =IF($D36="","",IFERROR(IF(ISBLANK(INDIRECT("'"&$Q$2&"'!D"&ROW())),"",INDIRECT("'"&$Q$2&"'!D"&ROW())),"")) | F36: =IF(OR(D36="",E36=""),"",D36-E36) | G36: =IFERROR(F36/E36,"") | I36: =IF($H36="","",IFERROR(IF(ISBLANK(INDIRECT("'"&$Q$2&"'!H"&ROW())),"",INDIRECT("'"&$Q$2&"'!H"&ROW())),"")) | J36: =IF(OR(H36="",I36=""),"",H36-I36) | K36: =IFERROR(J36/I36,"") | L36: =IFERROR(D36/C36,"") | M36: =IFERROR(H36/D36*1000,"") | O36: =IFERROR(IF(OR(N36="",ISBLANK(INDIRECT("'"&$Q$2&"'!N"&ROW()))),"",N36-INDIRECT("'"&$Q$2&"'!N"&ROW())),"") | S36: =IFERROR(IF(ISBLANK(INDIRECT("'"&$Q$2&"'!G"&ROW())),"",INDIRECT("'"&$Q$2&"'!G"&ROW())),"") -> -0.037648158 | T36: =IF(OR($G36="",$S36=""),"",$G36-$S36) | U36: =IFERROR(IF(ISBLANK(INDIRECT("'"&$Q$2&"'!K"&ROW())),"",INDIRECT("'"&$Q$2&"'!K"&ROW())),"") -> -0.41525424 | V36: =IF(OR($K36="",$U36=""),"",$K36-$U36) | W36: =IFERROR(IF(ISBLANK(INDIRECT("'"&$Q$2&"'!O"&ROW())),"",INDIRECT("'"&$Q$2&"'!O"&ROW())),"") -> 7 | X36: =IF(OR($O36="",$W36=""),"",$O36-$W36)
A37: Одноклассники | B37: Салехард | C37: 117 | D37: 5607 | E37: =IF($D37="","",IFERROR(IF(ISBLANK(INDIRECT("'"&$Q$2&"'!D"&ROW())),"",INDIRECT("'"&$Q$2&"'!D"&ROW())),"")) -> 6504 | F37: =IF(OR(D37="",E37=""),"",D37-E37) -> -897 | G37: =IFERROR(F37/E37,"") -> -0.13791513 | H37: 18 | I37: =IF($H37="","",IFERROR(IF(ISBLANK(INDIRECT("'"&$Q$2&"'!H"&ROW())),"",INDIRECT("'"&$Q$2&"'!H"&ROW())),"")) -> 48 | J37: =IF(OR(H37="",I37=""),"",H37-I37) -> -30 | K37: =IFERROR(J37/I37,"") -> -0.625 | L37: =IFERROR(D37/C37,"") -> 47.923077 | M37: =IFERROR(H37/D37*1000,"") -> 3.2102729 | N37: 3238 | O37: =IFERROR(IF(OR(N37="",ISBLANK(INDIRECT("'"&$Q$2&"'!N"&ROW()))),"",N37-INDIRECT("'"&$Q$2&"'!N"&ROW())),"") -> 1 | S37: =IFERROR(IF(ISBLANK(INDIRECT("'"&$Q$2&"'!G"&ROW())),"",INDIRECT("'"&$Q$2&"'!G"&ROW())),"") -> -0.14555964 | T37: =IF(OR($G37="",$S37=""),"",$G37-$S37) -> 0.0076445135 | U37: =IFERROR(IF(ISBLANK(INDIRECT("'"&$Q$2&"'!K"&ROW())),"",INDIRECT("'"&$Q$2&"'!K"&ROW())),"") -> -0.18644068 | V37: =IF(OR($K37="",$U37=""),"",$K37-$U37) -> -0.43855932 | W37: =IFERROR(IF(ISBLANK(INDIRECT("'"&$Q$2&"'!O"&ROW())),"",INDIRECT("'"&$Q$2&"'!O"&ROW())),"") -> 1 | X37: =IF(OR($O37="",$W37=""),"",$O37-$W37) -> 0
A38: Одноклассники | B38: Приуралье | C38: 107 | D38: 9151 | E38: =IF($D38="","",IFERROR(IF(ISBLANK(INDIRECT("'"&$Q$2&"'!D"&ROW())),"",INDIRECT("'"&$Q$2&"'!D"&ROW())),"")) -> 10887 | F38: =IF(OR(D38="",E38=""),"",D38-E38) -> -1736 | G38: =IFERROR(F38/E38,"") -> -0.15945623 | H38: 151 | I38: =IF($H38="","",IFERROR(IF(ISBLANK(INDIRECT("'"&$Q$2&"'!H"&ROW())),"",INDIRECT("'"&$Q$2&"'!H"&ROW())),"")) -> 183 | J38: =IF(OR(H38="",I38=""),"",H38-I38) -> -32 | K38: =IFERROR(J38/I38,"") -> -0.17486339 | L38: =IFERROR(D38/C38,"") -> 85.523364 | M38: =IFERROR(H38/D38*1000,"") -> 16.500929 | N38: 1711 | O38: =IFERROR(IF(OR(N38="",ISBLANK(INDIRECT("'"&$Q$2&"'!N"&ROW()))),"",N38-INDIRECT("'"&$Q$2&"'!N"&ROW())),"") -> 0 | S38: =IFERROR(IF(ISBLANK(INDIRECT("'"&$Q$2&"'!G"&ROW())),"",INDIRECT("'"&$Q$2&"'!G"&ROW())),"") -> 0.35141509 | T38: =IF(OR($G38="",$S38=""),"",$G38-$S38) -> -0.51087133 | U38: =IFERROR(IF(ISBLANK(INDIRECT("'"&$Q$2&"'!K"&ROW())),"",INDIRECT("'"&$Q$2&"'!K"&ROW())),"") -> 0.063953488 | V38: =IF(OR($K38="",$U38=""),"",$K38-$U38) -> -0.23881688 | W38: =IFERROR(IF(ISBLANK(INDIRECT("'"&$Q$2&"'!O"&ROW())),"",INDIRECT("'"&$Q$2&"'!O"&ROW())),"") -> 6 | X38: =IF(OR($O38="",$W38=""),"",$O38-$W38) -> -6
A39: Одноклассники | B39: Лабытнанги | C39: 53 | D39: 4189 | E39: =IF($D39="","",IFERROR(IF(ISBLANK(INDIRECT("'"&$Q$2&"'!D"&ROW())),"",INDIRECT("'"&$Q$2&"'!D"&ROW())),"")) -> 4212 | F39: =IF(OR(D39="",E39=""),"",D39-E39) -> -23 | G39: =IFERROR(F39/E39,"") -> -0.0054605888 | H39: 3 | I39: =IF($H39="","",IFERROR(IF(ISBLANK(INDIRECT("'"&$Q$2&"'!H"&ROW())),"",INDIRECT("'"&$Q$2&"'!H"&ROW())),"")) -> 8 | J39: =IF(OR(H39="",I39=""),"",H39-I39) -> -5 | K39: =IFERROR(J39/I39,"") -> -0.625 | L39: =IFERROR(D39/C39,"") -> 79.037736 | M39: =IFERROR(H39/D39*1000,"") -> 0.71616138 | N39: 225 | O39: =IFERROR(IF(OR(N39="",ISBLANK(INDIRECT("'"&$Q$2&"'!N"&ROW()))),"",N39-INDIRECT("'"&$Q$2&"'!N"&ROW())),"") -> 0 | S39: =IFERROR(IF(ISBLANK(INDIRECT("'"&$Q$2&"'!G"&ROW())),"",INDIRECT("'"&$Q$2&"'!G"&ROW())),"") -> 1.1700155 | T39: =IF(OR($G39="",$S39=""),"",$G39-$S39) -> -1.175476 | U39: =IFERROR(IF(ISBLANK(INDIRECT("'"&$Q$2&"'!K"&ROW())),"",INDIRECT("'"&$Q$2&"'!K"&ROW())),"") -> -0.2 | V39: =IF(OR($K39="",$U39=""),"",$K39-$U39) -> -0.425 | W39: =IFERROR(IF(ISBLANK(INDIRECT("'"&$Q$2&"'!O"&ROW())),"",INDIRECT("'"&$Q$2&"'!O"&ROW())),"") -> 1 | X39: =IF(OR($O39="",$W39=""),"",$O39-$W39) -> -1
A40: Одноклассники | B40: Пуровский | E40: =IF($D40="","",IFERROR(IF(ISBLANK(INDIRECT("'"&$Q$2&"'!D"&ROW())),"",INDIRECT("'"&$Q$2&"'!D"&ROW())),"")) | F40: =IF(OR(D40="",E40=""),"",D40-E40) | G40: =IFERROR(F40/E40,"") | I40: =IF($H40="","",IFERROR(IF(ISBLANK(INDIRECT("'"&$Q$2&"'!H"&ROW())),"",INDIRECT("'"&$Q$2&"'!H"&ROW())),"")) | J40: =IF(OR(H40="",I40=""),"",H40-I40) | K40: =IFERROR(J40/I40,"") | L40: =IFERROR(D40/C40,"") | M40: =IFERROR(H40/D40*1000,"") | O40: =IFERROR(IF(OR(N40="",ISBLANK(INDIRECT("'"&$Q$2&"'!N"&ROW()))),"",N40-INDIRECT("'"&$Q$2&"'!N"&ROW())),"") | S40: =IFERROR(IF(ISBLANK(INDIRECT("'"&$Q$2&"'!G"&ROW())),"",INDIRECT("'"&$Q$2&"'!G"&ROW())),"") -> 0.10353739 | T40: =IF(OR($G40="",$S40=""),"",$G40-$S40) | U40: =IFERROR(IF(ISBLANK(INDIRECT("'"&$Q$2&"'!K"&ROW())),"",INDIRECT("'"&$Q$2&"'!K"&ROW())),"") -> -0.42553191 | V40: =IF(OR($K40="",$U40=""),"",$K40-$U40) | W40: =IFERROR(IF(ISBLANK(INDIRECT("'"&$Q$2&"'!O"&ROW())),"",INDIRECT("'"&$Q$2&"'!O"&ROW())),"") -> 1 | X40: =IF(OR($O40="",$W40=""),"",$O40-$W40)
A41: Одноклассники | B41: Тазовский | C41: 50 | D41: 12390 | E41: =IF($D41="","",IFERROR(IF(ISBLANK(INDIRECT("'"&$Q$2&"'!D"&ROW())),"",INDIRECT("'"&$Q$2&"'!D"&ROW())),"")) -> 12790 | F41: =IF(OR(D41="",E41=""),"",D41-E41) -> -400 | G41: =IFERROR(F41/E41,"") -> -0.031274433 | H41: 121 | I41: =IF($H41="","",IFERROR(IF(ISBLANK(INDIRECT("'"&$Q$2&"'!H"&ROW())),"",INDIRECT("'"&$Q$2&"'!H"&ROW())),"")) -> 102 | J41: =IF(OR(H41="",I41=""),"",H41-I41) -> 19 | K41: =IFERROR(J41/I41,"") -> 0.18627451 | L41: =IFERROR(D41/C41,"") -> 247.8 | M41: =IFERROR(H41/D41*1000,"") -> 9.7659403 | N41: 3531 | O41: =IFERROR(IF(OR(N41="",ISBLANK(INDIRECT("'"&$Q$2&"'!N"&ROW()))),"",N41-INDIRECT("'"&$Q$2&"'!N"&ROW())),"") -> 2 | S41: =IFERROR(IF(ISBLANK(INDIRECT("'"&$Q$2&"'!G"&ROW())),"",INDIRECT("'"&$Q$2&"'!G"&ROW())),"") -> 0.49765808 | T41: =IF(OR($G41="",$S41=""),"",$G41-$S41) -> -0.52893251 | U41: =IFERROR(IF(ISBLANK(INDIRECT("'"&$Q$2&"'!K"&ROW())),"",INDIRECT("'"&$Q$2&"'!K"&ROW())),"") -> -0.081081081 | V41: =IF(OR($K41="",$U41=""),"",$K41-$U41) -> 0.26735559 | W41: =IFERROR(IF(ISBLANK(INDIRECT("'"&$Q$2&"'!O"&ROW())),"",INDIRECT("'"&$Q$2&"'!O"&ROW())),"") -> -1 | X41: =IF(OR($O41="",$W41=""),"",$O41-$W41) -> 3
A42: Одноклассники | B42: Красноселькуп | C42: 25 | D42: 6594 | E42: =IF($D42="","",IFERROR(IF(ISBLANK(INDIRECT("'"&$Q$2&"'!D"&ROW())),"",INDIRECT("'"&$Q$2&"'!D"&ROW())),"")) -> 7517 | F42: =IF(OR(D42="",E42=""),"",D42-E42) -> -923 | G42: =IFERROR(F42/E42,"") -> -0.12278835 | H42: 83 | I42: =IF($H42="","",IFERROR(IF(ISBLANK(INDIRECT("'"&$Q$2&"'!H"&ROW())),"",INDIRECT("'"&$Q$2&"'!H"&ROW())),"")) -> 133 | J42: =IF(OR(H42="",I42=""),"",H42-I42) -> -50 | K42: =IFERROR(J42/I42,"") -> -0.37593985 | L42: =IFERROR(D42/C42,"") -> 263.76 | M42: =IFERROR(H42/D42*1000,"") -> 12.5872 | N42: 653 | O42: =IFERROR(IF(OR(N42="",ISBLANK(INDIRECT("'"&$Q$2&"'!N"&ROW()))),"",N42-INDIRECT("'"&$Q$2&"'!N"&ROW())),"") -> 2 | S42: =IFERROR(IF(ISBLANK(INDIRECT("'"&$Q$2&"'!G"&ROW())),"",INDIRECT("'"&$Q$2&"'!G"&ROW())),"") -> 0.23614537 | T42: =IF(OR($G42="",$S42=""),"",$G42-$S42) -> -0.35893372 | U42: =IFERROR(IF(ISBLANK(INDIRECT("'"&$Q$2&"'!K"&ROW())),"",INDIRECT("'"&$Q$2&"'!K"&ROW())),"") -> -0.46370968 | V42: =IF(OR($K42="",$U42=""),"",$K42-$U42) -> 0.087769828 | W42: =IFERROR(IF(ISBLANK(INDIRECT("'"&$Q$2&"'!O"&ROW())),"",INDIRECT("'"&$Q$2&"'!O"&ROW())),"") -> 1 | X42: =IF(OR($O42="",$W42=""),"",$O42-$W42) -> 1
A43: Одноклассники | B43: Ямальский | C43: 43 | D43: 2452 | E43: =IF($D43="","",IFERROR(IF(ISBLANK(INDIRECT("'"&$Q$2&"'!D"&ROW())),"",INDIRECT("'"&$Q$2&"'!D"&ROW())),"")) -> 3667 | F43: =IF(OR(D43="",E43=""),"",D43-E43) -> -1215 | G43: =IFERROR(F43/E43,"") -> -0.33133352 | H43: 11 | I43: =IF($H43="","",IFERROR(IF(ISBLANK(INDIRECT("'"&$Q$2&"'!H"&ROW())),"",INDIRECT("'"&$Q$2&"'!H"&ROW())),"")) -> 25 | J43: =IF(OR(H43="",I43=""),"",H43-I43) -> -14 | K43: =IFERROR(J43/I43,"") -> -0.56 | L43: =IFERROR(D43/C43,"") -> 57.023256 | M43: =IFERROR(H43/D43*1000,"") -> 4.4861338 | N43: 1952 | O43: =IFERROR(IF(OR(N43="",ISBLANK(INDIRECT("'"&$Q$2&"'!N"&ROW()))),"",N43-INDIRECT("'"&$Q$2&"'!N"&ROW())),"") -> 0 | S43: =IFERROR(IF(ISBLANK(INDIRECT("'"&$Q$2&"'!G"&ROW())),"",INDIRECT("'"&$Q$2&"'!G"&ROW())),"") -> -0.27558277 | T43: =IF(OR($G43="",$S43=""),"",$G43-$S43) -> -0.055750742 | U43: =IFERROR(IF(ISBLANK(INDIRECT("'"&$Q$2&"'!K"&ROW())),"",INDIRECT("'"&$Q$2&"'!K"&ROW())),"") -> -0.56140351 | V43: =IF(OR($K43="",$U43=""),"",$K43-$U43) -> 0.0014035088 | W43: =IFERROR(IF(ISBLANK(INDIRECT("'"&$Q$2&"'!O"&ROW())),"",INDIRECT("'"&$Q$2&"'!O"&ROW())),"") -> 0 | X43: =IF(OR($O43="",$W43=""),"",$O43-$W43) -> 0
A44: Одноклассники | B44: Шурышкарский | E44: =IF($D44="","",IFERROR(IF(ISBLANK(INDIRECT("'"&$Q$2&"'!D"&ROW())),"",INDIRECT("'"&$Q$2&"'!D"&ROW())),"")) | F44: =IF(OR(D44="",E44=""),"",D44-E44) | G44: =IFERROR(F44/E44,"") | I44: =IF($H44="","",IFERROR(IF(ISBLANK(INDIRECT("'"&$Q$2&"'!H"&ROW())),"",INDIRECT("'"&$Q$2&"'!H"&ROW())),"")) | J44: =IF(OR(H44="",I44=""),"",H44-I44) | K44: =IFERROR(J44/I44,"") | L44: =IFERROR(D44/C44,"") | M44: =IFERROR(H44/D44*1000,"") | O44: =IFERROR(IF(OR(N44="",ISBLANK(INDIRECT("'"&$Q$2&"'!N"&ROW()))),"",N44-INDIRECT("'"&$Q$2&"'!N"&ROW())),"") | S44: =IFERROR(IF(ISBLANK(INDIRECT("'"&$Q$2&"'!G"&ROW())),"",INDIRECT("'"&$Q$2&"'!G"&ROW())),"") -> -0.51842024 | T44: =IF(OR($G44="",$S44=""),"",$G44-$S44) | U44: =IFERROR(IF(ISBLANK(INDIRECT("'"&$Q$2&"'!K"&ROW())),"",INDIRECT("'"&$Q$2&"'!K"&ROW())),"") -> -0.40669014 | V44: =IF(OR($K44="",$U44=""),"",$K44-$U44) | W44: =IFERROR(IF(ISBLANK(INDIRECT("'"&$Q$2&"'!O"&ROW())),"",INDIRECT("'"&$Q$2&"'!O"&ROW())),"") -> 5 | X44: =IF(OR($O44="",$W44=""),"",$O44-$W44)
A45: Одноклассники | B45: Муравленко | C45: 50 | D45: 14463 | E45: =IF($D45="","",IFERROR(IF(ISBLANK(INDIRECT("'"&$Q$2&"'!D"&ROW())),"",INDIRECT("'"&$Q$2&"'!D"&ROW())),"")) -> 21536 | F45: =IF(OR(D45="",E45=""),"",D45-E45) -> -7073 | G45: =IFERROR(F45/E45,"") -> -0.32842682 | H45: 201 | I45: =IF($H45="","",IFERROR(IF(ISBLANK(INDIRECT("'"&$Q$2&"'!H"&ROW())),"",INDIRECT("'"&$Q$2&"'!H"&ROW())),"")) -> 308 | J45: =IF(OR(H45="",I45=""),"",H45-I45) -> -107 | K45: =IFERROR(J45/I45,"") -> -0.3474026 | L45: =IFERROR(D45/C45,"") -> 289.26 | M45: =IFERROR(H45/D45*1000,"") -> 13.897532 | N45: 3747 | O45: =IFERROR(IF(OR(N45="",ISBLANK(INDIRECT("'"&$Q$2&"'!N"&ROW()))),"",N45-INDIRECT("'"&$Q$2&"'!N"&ROW())),"") -> 1 | S45: =IFERROR(IF(ISBLANK(INDIRECT("'"&$Q$2&"'!G"&ROW())),"",INDIRECT("'"&$Q$2&"'!G"&ROW())),"") -> 0.061880578 | T45: =IF(OR($G45="",$S45=""),"",$G45-$S45) -> -0.3903074 | U45: =IFERROR(IF(ISBLANK(INDIRECT("'"&$Q$2&"'!K"&ROW())),"",INDIRECT("'"&$Q$2&"'!K"&ROW())),"") -> -0.16531165 | V45: =IF(OR($K45="",$U45=""),"",$K45-$U45) -> -0.18209094 | W45: =IFERROR(IF(ISBLANK(INDIRECT("'"&$Q$2&"'!O"&ROW())),"",INDIRECT("'"&$Q$2&"'!O"&ROW())),"") -> 3 | X45: =IF(OR($O45="",$W45=""),"",$O45-$W45) -> -2
A46: Одноклассники | B46: Губкинский | C46: 62 | D46: 22558 | E46: =IF($D46="","",IFERROR(IF(ISBLANK(INDIRECT("'"&$Q$2&"'!D"&ROW())),"",INDIRECT("'"&$Q$2&"'!D"&ROW())),"")) -> 29521 | F46: =IF(OR(D46="",E46=""),"",D46-E46) -> -6963 | G46: =IFERROR(F46/E46,"") -> -0.23586599 | H46: 342 | I46: =IF($H46="","",IFERROR(IF(ISBLANK(INDIRECT("'"&$Q$2&"'!H"&ROW())),"",INDIRECT("'"&$Q$2&"'!H"&ROW())),"")) -> 351 | J46: =IF(OR(H46="",I46=""),"",H46-I46) -> -9 | K46: =IFERROR(J46/I46,"") -> -0.025641026 | L46: =IFERROR(D46/C46,"") -> 363.83871 | M46: =IFERROR(H46/D46*1000,"") -> 15.160919 | N46: 4507 | O46: =IFERROR(IF(OR(N46="",ISBLANK(INDIRECT("'"&$Q$2&"'!N"&ROW()))),"",N46-INDIRECT("'"&$Q$2&"'!N"&ROW())),"") -> 3 | S46: =IFERROR(IF(ISBLANK(INDIRECT("'"&$Q$2&"'!G"&ROW())),"",INDIRECT("'"&$Q$2&"'!G"&ROW())),"") -> 0.51265628 | T46: =IF(OR($G46="",$S46=""),"",$G46-$S46) -> -0.74852228 | U46: =IFERROR(IF(ISBLANK(INDIRECT("'"&$Q$2&"'!K"&ROW())),"",INDIRECT("'"&$Q$2&"'!K"&ROW())),"") -> 0.017391304 | V46: =IF(OR($K46="",$U46=""),"",$K46-$U46) -> -0.04303233 | W46: =IFERROR(IF(ISBLANK(INDIRECT("'"&$Q$2&"'!O"&ROW())),"",INDIRECT("'"&$Q$2&"'!O"&ROW())),"") -> 0 | X46: =IF(OR($O46="",$W46=""),"",$O46-$W46) -> 3
A47: Одноклассники | B47: Нярьяна Нгэрм | E47: =IF($D47="","",IFERROR(IF(ISBLANK(INDIRECT("'"&$Q$2&"'!D"&ROW())),"",INDIRECT("'"&$Q$2&"'!D"&ROW())),"")) | F47: =IF(OR(D47="",E47=""),"",D47-E47) | G47: =IFERROR(F47/E47,"") | I47: =IF($H47="","",IFERROR(IF(ISBLANK(INDIRECT("'"&$Q$2&"'!H"&ROW())),"",INDIRECT("'"&$Q$2&"'!H"&ROW())),"")) | J47: =IF(OR(H47="",I47=""),"",H47-I47) | K47: =IFERROR(J47/I47,"") | L47: =IFERROR(D47/C47,"") | M47: =IFERROR(H47/D47*1000,"") | O47: =IFERROR(IF(OR(N47="",ISBLANK(INDIRECT("'"&$Q$2&"'!N"&ROW()))),"",N47-INDIRECT("'"&$Q$2&"'!N"&ROW())),"") | S47: =IFERROR(IF(ISBLANK(INDIRECT("'"&$Q$2&"'!G"&ROW())),"",INDIRECT("'"&$Q$2&"'!G"&ROW())),"") -> 0.5045045 | T47: =IF(OR($G47="",$S47=""),"",$G47-$S47) | U47: =IFERROR(IF(ISBLANK(INDIRECT("'"&$Q$2&"'!K"&ROW())),"",INDIRECT("'"&$Q$2&"'!K"&ROW())),"") -> 0.071428571 | V47: =IF(OR($K47="",$U47=""),"",$K47-$U47) | W47: =IFERROR(IF(ISBLANK(INDIRECT("'"&$Q$2&"'!O"&ROW())),"",INDIRECT("'"&$Q$2&"'!O"&ROW())),"") -> 1 | X47: =IF(OR($O47="",$W47=""),"",$O47-$W47)
A48: Одноклассники | B48: Лух Авт | E48: =IF($D48="","",IFERROR(IF(ISBLANK(INDIRECT("'"&$Q$2&"'!D"&ROW())),"",INDIRECT("'"&$Q$2&"'!D"&ROW())),"")) | F48: =IF(OR(D48="",E48=""),"",D48-E48) | G48: =IFERROR(F48/E48,"") | I48: =IF($H48="","",IFERROR(IF(ISBLANK(INDIRECT("'"&$Q$2&"'!H"&ROW())),"",INDIRECT("'"&$Q$2&"'!H"&ROW())),"")) | J48: =IF(OR(H48="",I48=""),"",H48-I48) | K48: =IFERROR(J48/I48,"") | L48: =IFERROR(D48/C48,"") | M48: =IFERROR(H48/D48*1000,"") | O48: =IFERROR(IF(OR(N48="",ISBLANK(INDIRECT("'"&$Q$2&"'!N"&ROW()))),"",N48-INDIRECT("'"&$Q$2&"'!N"&ROW())),"") | S48: =IFERROR(IF(ISBLANK(INDIRECT("'"&$Q$2&"'!G"&ROW())),"",INDIRECT("'"&$Q$2&"'!G"&ROW())),"") -> -0.19645293 | T48: =IF(OR($G48="",$S48=""),"",$G48-$S48) | U48: =IFERROR(IF(ISBLANK(INDIRECT("'"&$Q$2&"'!K"&ROW())),"",INDIRECT("'"&$Q$2&"'!K"&ROW())),"") -> 0.36893204 | V48: =IF(OR($K48="",$U48=""),"",$K48-$U48) | W48: =IFERROR(IF(ISBLANK(INDIRECT("'"&$Q$2&"'!O"&ROW())),"",INDIRECT("'"&$Q$2&"'!O"&ROW())),"") -> 3 | X48: =IF(OR($O48="",$W48=""),"",$O48-$W48)
A49: Одноклассники | B49: МК-Ямал | C49: 214 | D49: 10157 | E49: =IF($D49="","",IFERROR(IF(ISBLANK(INDIRECT("'"&$Q$2&"'!D"&ROW())),"",INDIRECT("'"&$Q$2&"'!D"&ROW())),"")) -> 7973 | F49: =IF(OR(D49="",E49=""),"",D49-E49) -> 2184 | G49: =IFERROR(F49/E49,"") -> 0.2739245 | H49: 1 | I49: =IF($H49="","",IFERROR(IF(ISBLANK(INDIRECT("'"&$Q$2&"'!H"&ROW())),"",INDIRECT("'"&$Q$2&"'!H"&ROW())),"")) -> 2 | J49: =IF(OR(H49="",I49=""),"",H49-I49) -> -1 | K49: =IFERROR(J49/I49,"") -> -0.5 | L49: =IFERROR(D49/C49,"") -> 47.462617 | M49: =IFERROR(H49/D49*1000,"") -> 0.098454268 | N49: 4820 | O49: =IFERROR(IF(OR(N49="",ISBLANK(INDIRECT("'"&$Q$2&"'!N"&ROW()))),"",N49-INDIRECT("'"&$Q$2&"'!N"&ROW())),"") -> 0 | S49: =IFERROR(IF(ISBLANK(INDIRECT("'"&$Q$2&"'!G"&ROW())),"",INDIRECT("'"&$Q$2&"'!G"&ROW())),"") -> 0.25955766 | T49: =IF(OR($G49="",$S49=""),"",$G49-$S49) -> 0.014366833 | U49: =IFERROR(IF(ISBLANK(INDIRECT("'"&$Q$2&"'!K"&ROW())),"",INDIRECT("'"&$Q$2&"'!K"&ROW())),"") -> 0 | V49: =IF(OR($K49="",$U49=""),"",$K49-$U49) -> -0.5 | W49: =IFERROR(IF(ISBLANK(INDIRECT("'"&$Q$2&"'!O"&ROW())),"",INDIRECT("'"&$Q$2&"'!O"&ROW())),"") -> 3 | X49: =IF(OR($O49="",$W49=""),"",$O49-$W49) -> -3
A50: Одноклассники | B50: Морошка | E50: =IF($D50="","",IFERROR(IF(ISBLANK(INDIRECT("'"&$Q$2&"'!D"&ROW())),"",INDIRECT("'"&$Q$2&"'!D"&ROW())),"")) | F50: =IF(OR(D50="",E50=""),"",D50-E50) | G50: =IFERROR(F50/E50,"") | I50: =IF($H50="","",IFERROR(IF(ISBLANK(INDIRECT("'"&$Q$2&"'!H"&ROW())),"",INDIRECT("'"&$Q$2&"'!H"&ROW())),"")) | J50: =IF(OR(H50="",I50=""),"",H50-I50) | K50: =IFERROR(J50/I50,"") | L50: =IFERROR(D50/C50,"") | M50: =IFERROR(H50/D50*1000,"") | O50: =IFERROR(IF(OR(N50="",ISBLANK(INDIRECT("'"&$Q$2&"'!N"&ROW()))),"",N50-INDIRECT("'"&$Q$2&"'!N"&ROW())),"") | S50: =IFERROR(IF(ISBLANK(INDIRECT("'"&$Q$2&"'!G"&ROW())),"",INDIRECT("'"&$Q$2&"'!G"&ROW())),"") -> 3.037037 | T50: =IF(OR($G50="",$S50=""),"",$G50-$S50) | U50: =IFERROR(IF(ISBLANK(INDIRECT("'"&$Q$2&"'!K"&ROW())),"",INDIRECT("'"&$Q$2&"'!K"&ROW())),"") -> -0.25 | V50: =IF(OR($K50="",$U50=""),"",$K50-$U50) | W50: =IFERROR(IF(ISBLANK(INDIRECT("'"&$Q$2&"'!O"&ROW())),"",INDIRECT("'"&$Q$2&"'!O"&ROW())),"") -> 0 | X50: =IF(OR($O50="",$W50=""),"",$O50-$W50)
B51: Итого Одноклассники | C51: =SUM(C31:C50) -> 1190 | D51: =SUM(D31:D50) -> 177893 | E51: =SUM(E31:E50) -> 210483 | F51: =SUM(F31:F50) -> -32590 | G51: =IF(C51=0,"",IFERROR(F51/E51,"")) -> -0.15483436 | H51: =SUM(H31:H50) -> 1166 | I51: =SUM(I31:I50) -> 1421 | J51: =SUM(J31:J50) -> -255 | K51: =IF(C51=0,"",IFERROR(J51/I51,"")) -> -0.17945109 | L51: =IFERROR(D51/C51,"") -> 149.48992 | M51: =IFERROR(H51/D51*1000,"") -> 6.5545019 | N51: =SUM(N31:N50) -> 89518 | O51: =SUM(O31:O50) -> 14 | S51: =IFERROR(IF(ISBLANK(INDIRECT("'"&$Q$2&"'!G"&ROW())),"",INDIRECT("'"&$Q$2&"'!G"&ROW())),"") -> -0.47715808 | T51: =IF(OR($G51="",$S51=""),"",$G51-$S51) -> 0.32232372 | U51: =IFERROR(IF(ISBLANK(INDIRECT("'"&$Q$2&"'!K"&ROW())),"",INDIRECT("'"&$Q$2&"'!K"&ROW())),"") -> -0.24364766 | V51: =IF(OR($K51="",$U51=""),"",$K51-$U51) -> 0.064196566 | W51: =IFERROR(IF(ISBLANK(INDIRECT("'"&$Q$2&"'!O"&ROW())),"",INDIRECT("'"&$Q$2&"'!O"&ROW())),"") -> 48 | X51: =IF(OR(C51=0,$O51="",$W51=""),"",$O51-$W51) -> -34
A52: Telegram | B52: Ямал-Медиа | C52: 141 | D52: 86846 | E52: =IF($D52="","",IFERROR(IF(ISBLANK(INDIRECT("'"&$Q$2&"'!D"&ROW())),"",INDIRECT("'"&$Q$2&"'!D"&ROW())),"")) -> 41618 | F52: =IF(OR(D52="",E52=""),"",D52-E52) -> 45228 | G52: =IFERROR(F52/E52,"") -> 1.0867413 | H52: 262 | I52: =IF($H52="","",IFERROR(IF(ISBLANK(INDIRECT("'"&$Q$2&"'!H"&ROW())),"",INDIRECT("'"&$Q$2&"'!H"&ROW())),"")) -> 257 | J52: =IF(OR(H52="",I52=""),"",H52-I52) -> 5 | K52: =IFERROR(J52/I52,"") -> 0.019455253 | L52: =IFERROR(D52/C52,"") -> 615.92908 | M52: =IFERROR(H52/D52*1000,"") -> 3.0168344 | N52: 11764 | O52: =IFERROR(IF(OR(N52="",ISBLANK(INDIRECT("'"&$Q$2&"'!N"&ROW()))),"",N52-INDIRECT("'"&$Q$2&"'!N"&ROW())),"") -> -25 | S52: =IFERROR(IF(ISBLANK(INDIRECT("'"&$Q$2&"'!G"&ROW())),"",INDIRECT("'"&$Q$2&"'!G"&ROW())),"") -> -0.46944239 | T52: =IF(OR($G52="",$S52=""),"",$G52-$S52) -> 1.5561837 | U52: =IFERROR(IF(ISBLANK(INDIRECT("'"&$Q$2&"'!K"&ROW())),"",INDIRECT("'"&$Q$2&"'!K"&ROW())),"") -> -0.29781421 | V52: =IF(OR($K52="",$U52=""),"",$K52-$U52) -> 0.31726946 | W52: =IFERROR(IF(ISBLANK(INDIRECT("'"&$Q$2&"'!O"&ROW())),"",INDIRECT("'"&$Q$2&"'!O"&ROW())),"") -> -22 | X52: =IF(OR($O52="",$W52=""),"",$O52-$W52) -> -3
A53: Telegram | B53: Север-Пресс | C53: 135 | D53: 15751 | E53: =IF($D53="","",IFERROR(IF(ISBLANK(INDIRECT("'"&$Q$2&"'!D"&ROW())),"",INDIRECT("'"&$Q$2&"'!D"&ROW())),"")) -> 34910 | F53: =IF(OR(D53="",E53=""),"",D53-E53) -> -19159 | G53: =IFERROR(F53/E53,"") -> -0.54881123 | H53: 58 | I53: =IF($H53="","",IFERROR(IF(ISBLANK(INDIRECT("'"&$Q$2&"'!H"&ROW())),"",INDIRECT("'"&$Q$2&"'!H"&ROW())),"")) -> 41 | J53: =IF(OR(H53="",I53=""),"",H53-I53) -> 17 | K53: =IFERROR(J53/I53,"") -> 0.41463415 | L53: =IFERROR(D53/C53,"") -> 116.67407 | M53: =IFERROR(H53/D53*1000,"") -> 3.6823059 | N53: 4811 | O53: =IFERROR(IF(OR(N53="",ISBLANK(INDIRECT("'"&$Q$2&"'!N"&ROW()))),"",N53-INDIRECT("'"&$Q$2&"'!N"&ROW())),"") -> -6 | S53: =IFERROR(IF(ISBLANK(INDIRECT("'"&$Q$2&"'!G"&ROW())),"",INDIRECT("'"&$Q$2&"'!G"&ROW())),"") -> 0.94311477 | T53: =IF(OR($G53="",$S53=""),"",$G53-$S53) -> -1.491926 | U53: =IFERROR(IF(ISBLANK(INDIRECT("'"&$Q$2&"'!K"&ROW())),"",INDIRECT("'"&$Q$2&"'!K"&ROW())),"") -> -0.18 | V53: =IF(OR($K53="",$U53=""),"",$K53-$U53) -> 0.59463415 | W53: =IFERROR(IF(ISBLANK(INDIRECT("'"&$Q$2&"'!O"&ROW())),"",INDIRECT("'"&$Q$2&"'!O"&ROW())),"") -> 2 | X53: =IF(OR($O53="",$W53=""),"",$O53-$W53) -> -8
A54: Telegram | B54: Красный Север | C54: 85 | D54: 2041 | E54: =IF($D54="","",IFERROR(IF(ISBLANK(INDIRECT("'"&$Q$2&"'!D"&ROW())),"",INDIRECT("'"&$Q$2&"'!D"&ROW())),"")) -> 2614 | F54: =IF(OR(D54="",E54=""),"",D54-E54) -> -573 | G54: =IFERROR(F54/E54,"") -> -0.21920428 | H54: 2 | I54: =IF($H54="","",IFERROR(IF(ISBLANK(INDIRECT("'"&$Q$2&"'!H"&ROW())),"",INDIRECT("'"&$Q$2&"'!H"&ROW())),"")) -> 1 | J54: =IF(OR(H54="",I54=""),"",H54-I54) -> 1 | K54: =IFERROR(J54/I54,"") -> 1 | L54: =IFERROR(D54/C54,"") -> 24.011765 | M54: =IFERROR(H54/D54*1000,"") -> 0.97991181 | N54: 870 | O54: =IFERROR(IF(OR(N54="",ISBLANK(INDIRECT("'"&$Q$2&"'!N"&ROW()))),"",N54-INDIRECT("'"&$Q$2&"'!N"&ROW())),"") -> -3 | S54: =IFERROR(IF(ISBLANK(INDIRECT("'"&$Q$2&"'!G"&ROW())),"",INDIRECT("'"&$Q$2&"'!G"&ROW())),"") -> 0.12478485 | T54: =IF(OR($G54="",$S54=""),"",$G54-$S54) -> -0.34398914 | U54: =IFERROR(IF(ISBLANK(INDIRECT("'"&$Q$2&"'!K"&ROW())),"",INDIRECT("'"&$Q$2&"'!K"&ROW())),"") -> -0.5 | V54: =IF(OR($K54="",$U54=""),"",$K54-$U54) -> 1.5 | W54: =IFERROR(IF(ISBLANK(INDIRECT("'"&$Q$2&"'!O"&ROW())),"",INDIRECT("'"&$Q$2&"'!O"&ROW())),"") -> -3 | X54: =IF(OR($O54="",$W54=""),"",$O54-$W54) -> 0
A55: Telegram | B55: СМП | C55: 8 | D55: 6440 | E55: =IF($D55="","",IFERROR(IF(ISBLANK(INDIRECT("'"&$Q$2&"'!D"&ROW())),"",INDIRECT("'"&$Q$2&"'!D"&ROW())),"")) -> 34446 | F55: =IF(OR(D55="",E55=""),"",D55-E55) -> -28006 | G55: =IFERROR(F55/E55,"") -> -0.8130407 | H55: 59 | I55: =IF($H55="","",IFERROR(IF(ISBLANK(INDIRECT("'"&$Q$2&"'!H"&ROW())),"",INDIRECT("'"&$Q$2&"'!H"&ROW())),"")) -> 28 | J55: =IF(OR(H55="",I55=""),"",H55-I55) -> 31 | K55: =IFERROR(J55/I55,"") -> 1.1071429 | L55: =IFERROR(D55/C55,"") -> 805 | M55: =IFERROR(H55/D55*1000,"") -> 9.1614907 | N55: 13799 | O55: =IFERROR(IF(OR(N55="",ISBLANK(INDIRECT("'"&$Q$2&"'!N"&ROW()))),"",N55-INDIRECT("'"&$Q$2&"'!N"&ROW())),"") -> -20 | S55: =IFERROR(IF(ISBLANK(INDIRECT("'"&$Q$2&"'!G"&ROW())),"",INDIRECT("'"&$Q$2&"'!G"&ROW())),"") -> 0.35603496 | T55: =IF(OR($G55="",$S55=""),"",$G55-$S55) -> -1.1690757 | U55: =IFERROR(IF(ISBLANK(INDIRECT("'"&$Q$2&"'!K"&ROW())),"",INDIRECT("'"&$Q$2&"'!K"&ROW())),"") -> -0.096774194 | V55: =IF(OR($K55="",$U55=""),"",$K55-$U55) -> 1.2039171 | W55: =IFERROR(IF(ISBLANK(INDIRECT("'"&$Q$2&"'!O"&ROW())),"",INDIRECT("'"&$Q$2&"'!O"&ROW())),"") -> -16 | X55: =IF(OR($O55="",$W55=""),"",$O55-$W55) -> -4
A56: Telegram | B56: СШХ | C56: 8 | D56: 2278 | E56: =IF($D56="","",IFERROR(IF(ISBLANK(INDIRECT("'"&$Q$2&"'!D"&ROW())),"",INDIRECT("'"&$Q$2&"'!D"&ROW())),"")) -> 1684 | F56: =IF(OR(D56="",E56=""),"",D56-E56) -> 594 | G56: =IFERROR(F56/E56,"") -> 0.35273159 | H56: 12 | I56: =IF($H56="","",IFERROR(IF(ISBLANK(INDIRECT("'"&$Q$2&"'!H"&ROW())),"",INDIRECT("'"&$Q$2&"'!H"&ROW())),"")) -> 10 | J56: =IF(OR(H56="",I56=""),"",H56-I56) -> 2 | K56: =IFERROR(J56/I56,"") -> 0.2 | L56: =IFERROR(D56/C56,"") -> 284.75 | M56: =IFERROR(H56/D56*1000,"") -> 5.2677788 | N56: 8658 | O56: =IFERROR(IF(OR(N56="",ISBLANK(INDIRECT("'"&$Q$2&"'!N"&ROW()))),"",N56-INDIRECT("'"&$Q$2&"'!N"&ROW())),"") -> -2 | S56: =IFERROR(IF(ISBLANK(INDIRECT("'"&$Q$2&"'!G"&ROW())),"",INDIRECT("'"&$Q$2&"'!G"&ROW())),"") -> 3.2632911 | T56: =IF(OR($G56="",$S56=""),"",$G56-$S56) -> -2.9105595 | U56: =IFERROR(IF(ISBLANK(INDIRECT("'"&$Q$2&"'!K"&ROW())),"",INDIRECT("'"&$Q$2&"'!K"&ROW())),"") -> -0.33333333 | V56: =IF(OR($K56="",$U56=""),"",$K56-$U56) -> 0.53333333 | W56: =IFERROR(IF(ISBLANK(INDIRECT("'"&$Q$2&"'!O"&ROW())),"",INDIRECT("'"&$Q$2&"'!O"&ROW())),"") -> -4 | X56: =IF(OR($O56="",$W56=""),"",$O56-$W56) -> 2
A57: Telegram | B57: Новый Уренгой | C57: 104 | D57: 63521 | E57: =IF($D57="","",IFERROR(IF(ISBLANK(INDIRECT("'"&$Q$2&"'!D"&ROW())),"",INDIRECT("'"&$Q$2&"'!D"&ROW())),"")) -> 80456 | F57: =IF(OR(D57="",E57=""),"",D57-E57) -> -16935 | G57: =IFERROR(F57/E57,"") -> -0.21048772 | H57: 249 | I57: =IF($H57="","",IFERROR(IF(ISBLANK(INDIRECT("'"&$Q$2&"'!H"&ROW())),"",INDIRECT("'"&$Q$2&"'!H"&ROW())),"")) -> 347 | J57: =IF(OR(H57="",I57=""),"",H57-I57) -> -98 | K57: =IFERROR(J57/I57,"") -> -0.28242075 | L57: =IFERROR(D57/C57,"") -> 610.77885 | M57: =IFERROR(H57/D57*1000,"") -> 3.9199635 | N57: 10881 | O57: =IFERROR(IF(OR(N57="",ISBLANK(INDIRECT("'"&$Q$2&"'!N"&ROW()))),"",N57-INDIRECT("'"&$Q$2&"'!N"&ROW())),"") -> -31 | S57: =IFERROR(IF(ISBLANK(INDIRECT("'"&$Q$2&"'!G"&ROW())),"",INDIRECT("'"&$Q$2&"'!G"&ROW())),"") -> -0.31016625 | T57: =IF(OR($G57="",$S57=""),"",$G57-$S57) -> 0.099678531 | U57: =IFERROR(IF(ISBLANK(INDIRECT("'"&$Q$2&"'!K"&ROW())),"",INDIRECT("'"&$Q$2&"'!K"&ROW())),"") -> -0.38365897 | V57: =IF(OR($K57="",$U57=""),"",$K57-$U57) -> 0.10123822 | W57: =IFERROR(IF(ISBLANK(INDIRECT("'"&$Q$2&"'!O"&ROW())),"",INDIRECT("'"&$Q$2&"'!O"&ROW())),"") -> -16 | X57: =IF(OR($O57="",$W57=""),"",$O57-$W57) -> -15
A58: Telegram | B58: Надым | C58: 93 | D58: 21693 | E58: =IF($D58="","",IFERROR(IF(ISBLANK(INDIRECT("'"&$Q$2&"'!D"&ROW())),"",INDIRECT("'"&$Q$2&"'!D"&ROW())),"")) -> 24487 | F58: =IF(OR(D58="",E58=""),"",D58-E58) -> -2794 | G58: =IFERROR(F58/E58,"") -> -0.11410136 | H58: 359 | I58: =IF($H58="","",IFERROR(IF(ISBLANK(INDIRECT("'"&$Q$2&"'!H"&ROW())),"",INDIRECT("'"&$Q$2&"'!H"&ROW())),"")) -> 280 | J58: =IF(OR(H58="",I58=""),"",H58-I58) -> 79 | K58: =IFERROR(J58/I58,"") -> 0.28214286 | L58: =IFERROR(D58/C58,"") -> 233.25806 | M58: =IFERROR(H58/D58*1000,"") -> 16.549117 | N58: 4101 | O58: =IFERROR(IF(OR(N58="",ISBLANK(INDIRECT("'"&$Q$2&"'!N"&ROW()))),"",N58-INDIRECT("'"&$Q$2&"'!N"&ROW())),"") -> -8 | S58: =IFERROR(IF(ISBLANK(INDIRECT("'"&$Q$2&"'!G"&ROW())),"",INDIRECT("'"&$Q$2&"'!G"&ROW())),"") -> 0.1282772 | T58: =IF(OR($G58="",$S58=""),"",$G58-$S58) -> -0.24237856 | U58: =IFERROR(IF(ISBLANK(INDIRECT("'"&$Q$2&"'!K"&ROW())),"",INDIRECT("'"&$Q$2&"'!K"&ROW())),"") -> -0.044368601 | V58: =IF(OR($K58="",$U58=""),"",$K58-$U58) -> 0.32651146 | W58: =IFERROR(IF(ISBLANK(INDIRECT("'"&$Q$2&"'!O"&ROW())),"",INDIRECT("'"&$Q$2&"'!O"&ROW())),"") -> -11 | X58: =IF(OR($O58="",$W58=""),"",$O58-$W58) -> 3
A59: Telegram | B59: Ноябрьск | C59: 101 | D59: 33790 | E59: =IF($D59="","",IFERROR(IF(ISBLANK(INDIRECT("'"&$Q$2&"'!D"&ROW())),"",INDIRECT("'"&$Q$2&"'!D"&ROW())),"")) -> 37935 | F59: =IF(OR(D59="",E59=""),"",D59-E59) -> -4145 | G59: =IFERROR(F59/E59,"") -> -0.10926585 | H59: 258 | I59: =IF($H59="","",IFERROR(IF(ISBLANK(INDIRECT("'"&$Q$2&"'!H"&ROW())),"",INDIRECT("'"&$Q$2&"'!H"&ROW())),"")) -> 235 | J59: =IF(OR(H59="",I59=""),"",H59-I59) -> 23 | K59: =IFERROR(J59/I59,"") -> 0.09787234 | L59: =IFERROR(D59/C59,"") -> 334.55446 | M59: =IFERROR(H59/D59*1000,"") -> 7.6353951 | N59: 5519 | O59: =IFERROR(IF(OR(N59="",ISBLANK(INDIRECT("'"&$Q$2&"'!N"&ROW()))),"",N59-INDIRECT("'"&$Q$2&"'!N"&ROW())),"") -> -8 | S59: =IFERROR(IF(ISBLANK(INDIRECT("'"&$Q$2&"'!G"&ROW())),"",INDIRECT("'"&$Q$2&"'!G"&ROW())),"") -> 0.074371973 | T59: =IF(OR($G59="",$S59=""),"",$G59-$S59) -> -0.18363782 | U59: =IFERROR(IF(ISBLANK(INDIRECT("'"&$Q$2&"'!K"&ROW())),"",INDIRECT("'"&$Q$2&"'!K"&ROW())),"") -> -0.12639405 | V59: =IF(OR($K59="",$U59=""),"",$K59-$U59) -> 0.22426639 | W59: =IFERROR(IF(ISBLANK(INDIRECT("'"&$Q$2&"'!O"&ROW())),"",INDIRECT("'"&$Q$2&"'!O"&ROW())),"") -> -22 | X59: =IF(OR($O59="",$W59=""),"",$O59-$W59) -> 14
