Workbook

Sheet Сводка
A1: Еженедельный съём соцсетей
A2: Текущая неделя — лист: | B2: 21-27.09
A3: Прошлая неделя — лист: | B3: 14-20.09
A4: снято 28.09.2026 · ВК 27/27, ТГ 22/22 (Барков), МАКС 21/21 (MaxStat), ОК 14/20 (админские выгрузки)
A6: Площадка | B6: Публикаций | C6: Просмотры | D6: Просмотры пред. неделя (сопост. периметр) | E6: Δ % | F6: Лайки | G6: Лайки пред. неделя (сопост. периметр) | H6: Δ % | I6: Лайков на 1000 просмотров | J6: Подписчики | K6: Прирост подписчиков | L6: Δ % просмотров пред. неделя | M6: Ускорение просмотров, п.п. | N6: Δ % лайков пред. неделя | O6: Ускорение лайков, п.п. | P6: Прирост подписч. пред. неделя | Q6: Ускорение подписчиков, чел.
A7: ВКонтакте | B7: {=INDIRECT("'"&$B$2&"'!C30")} -> 1883 | C7: {=IF($B7=0,"",INDIRECT("'"&$B$2&"'!D30"))} -> 4273439 | D7: {=IF($B7=0,"",INDIRECT("'"&$B$2&"'!E30"))} -> 3693588 | E7: =IF(B7=0,"",IFERROR(C7/D7-1,"")) -> 0.15698854 | F7: {=IF($B7=0,"",INDIRECT("'"&$B$2&"'!H30"))} -> 29907 | G7: {=IF($B7=0,"",INDIRECT("'"&$B$2&"'!I30"))} -> 33462 | H7: =IF(B7=0,"",IFERROR(F7/G7-1,"")) -> -0.10623991 | I7: =IFERROR(F7/C7*1000,"") -> 6.9983449 | J7: {=IF($B7=0,"",INDIRECT("'"&$B$2&"'!N30"))} -> 465281 | K7: {=IF($B7=0,"",INDIRECT("'"&$B$2&"'!O30"))} -> 728 | L7: {=IFERROR(IF(INDIRECT("'"&$B$3&"'!G30")="","",INDIRECT("'"&$B$3&"'!G30")),"")} -> 0.22306668 | M7: =IF(OR($E7="",$L7=""),"",$E7-$L7) -> -0.06607814 | N7: {=IFERROR(IF(INDIRECT("'"&$B$3&"'!K30")="","",INDIRECT("'"&$B$3&"'!K30")),"")} -> 0.029916898 | O7: =IF(OR($H7="",$N7=""),"",$H7-$N7) -> -0.13615681 | P7: {=IFERROR(IF(INDIRECT("'"&$B$3&"'!O30")="","",INDIRECT("'"&$B$3&"'!O30")),"")} -> 3078 | Q7: =IF(OR($B7=0,$K7="",$P7=""),"",$K7-$P7) -> -2350
A8: Одноклассники | B8: {=INDIRECT("'"&$B$2&"'!C51")} -> 1190 | C8: {=IF($B8=0,"",INDIRECT("'"&$B$2&"'!D51"))} -> 177893 | D8: {=IF($B8=0,"",INDIRECT("'"&$B$2&"'!E51"))} -> 210483 | E8: =IF(B8=0,"",IFERROR(C8/D8-1,"")) -> -0.15483436 | F8: {=IF($B8=0,"",INDIRECT("'"&$B$2&"'!H51"))} -> 1166 | G8: {=IF($B8=0,"",INDIRECT("'"&$B$2&"'!I51"))} -> 1421 | H8: =IF(B8=0,"",IFERROR(F8/G8-1,"")) -> -0.17945109 | I8: =IFERROR(F8/C8*1000,"") -> 6.5545019 | J8: {=IF($B8=0,"",INDIRECT("'"&$B$2&"'!N51"))} -> 89518 | K8: {=IF($B8=0,"",INDIRECT("'"&$B$2&"'!O51"))} -> 14 | L8: {=IFERROR(IF(INDIRECT("'"&$B$3&"'!G51")="","",INDIRECT("'"&$B$3&"'!G51")),"")} -> -0.47715808 | M8: =IF(OR($E8="",$L8=""),"",$E8-$L8) -> 0.32232372 | N8: {=IFERROR(IF(INDIRECT("'"&$B$3&"'!K51")="","",INDIRECT("'"&$B$3&"'!K51")),"")} -> -0.24364766 | O8: =IF(OR($H8="",$N8=""),"",$H8-$N8) -> 0.064196566 | P8: {=IFERROR(IF(INDIRECT("'"&$B$3&"'!O51")="","",INDIRECT("'"&$B$3&"'!O51")),"")} -> 48 | Q8: =IF(OR($B8=0,$K8="",$P8=""),"",$K8-$P8) -> -34
A9: Telegram | B9: {=INDIRECT("'"&$B$2&"'!C74")} -> 1665 | C9: {=IF($B9=0,"",INDIRECT("'"&$B$2&"'!D74"))} -> 419798 | D9: {=IF($B9=0,"",INDIRECT("'"&$B$2&"'!E74"))} -> 485768 | E9: =IF(B9=0,"",IFERROR(C9/D9-1,"")) -> -0.13580557 | F9: {=IF($B9=0,"",INDIRECT("'"&$B$2&"'!H74"))} -> 2673 | G9: {=IF($B9=0,"",INDIRECT("'"&$B$2&"'!I74"))} -> 2618 | H9: =IF(B9=0,"",IFERROR(F9/G9-1,"")) -> 0.021008403 | I9: =IFERROR(F9/C9*1000,"") -> 6.3673481 | J9: {=IF($B9=0,"",INDIRECT("'"&$B$2&"'!N74"))} -> 98109 | K9: {=IF($B9=0,"",INDIRECT("'"&$B$2&"'!O74"))} -> -210 | L9: {=IFERROR(IF(INDIRECT("'"&$B$3&"'!G74")="","",INDIRECT("'"&$B$3&"'!G74")),"")} -> 0.018439199 | M9: =IF(OR($E9="",$L9=""),"",$E9-$L9) -> -0.15424477 | N9: {=IFERROR(IF(INDIRECT("'"&$B$3&"'!K74")="","",INDIRECT("'"&$B$3&"'!K74")),"")} -> -0.18059468 | O9: =IF(OR($H9="",$N9=""),"",$H9-$N9) -> 0.20160308 | P9: {=IFERROR(IF(INDIRECT("'"&$B$3&"'!O74")="","",INDIRECT("'"&$B$3&"'!O74")),"")} -> -179 | Q9: =IF(OR($B9=0,$K9="",$P9=""),"",$K9-$P9) -> -31
A10: МАКС | B10: {=INDIRECT("'"&$B$2&"'!C96")} -> 1428 | C10: {=IF($B10=0,"",INDIRECT("'"&$B$2&"'!D96"))} -> 1003512 | D10: {=IF($B10=0,"",INDIRECT("'"&$B$2&"'!E96"))} -> 1238429 | E10: =IF(B10=0,"",IFERROR(C10/D10-1,"")) -> -0.18968952 | F10: {=IF($B10=0,"",INDIRECT("'"&$B$2&"'!H96"))} -> 13864 | G10: {=IF($B10=0,"",INDIRECT("'"&$B$2&"'!I96"))} -> 16231 | H10: =IF(B10=0,"",IFERROR(F10/G10-1,"")) -> -0.14583205 | I10: =IFERROR(F10/C10*1000,"") -> 13.81548 | J10: {=IF($B10=0,"",INDIRECT("'"&$B$2&"'!N96"))} -> 31298 | K10: {=IF($B10=0,"",INDIRECT("'"&$B$2&"'!O96"))} -> 242 | L10: {=IFERROR(IF(INDIRECT("'"&$B$3&"'!G96")="","",INDIRECT("'"&$B$3&"'!G96")),"")} -> 0.19045028 | M10: =IF(OR($E10="",$L10=""),"",$E10-$L10) -> -0.3801398 | N10: {=IFERROR(IF(INDIRECT("'"&$B$3&"'!K96")="","",INDIRECT("'"&$B$3&"'!K96")),"")} -> 0.027278481 | O10: =IF(OR($H10="",$N10=""),"",$H10-$N10) -> -0.17311053 | P10: {=IFERROR(IF(INDIRECT("'"&$B$3&"'!O96")="","",INDIRECT("'"&$B$3&"'!O96")),"")} -> 560 | Q10: =IF(OR($B10=0,$K10="",$P10=""),"",$K10-$P10) -> -318
A11: ИТОГО | B11: =SUM(B7:B10) -> 6166 | C11: =SUM(C7:C10) -> 5874642 | D11: =SUM(D7:D10) -> 5628268 | E11: =IF(OR(B7=0,B8=0,B9=0,B10=0),"",IFERROR(C11/D11-1,"")) -> 0.04377439 | F11: =SUM(F7:F10) -> 47610 | G11: =SUM(G7:G10) -> 53732 | H11: =IF(OR(B7=0,B8=0,B9=0,B10=0),"",IFERROR(F11/G11-1,"")) -> -0.11393583 | I11: =IFERROR(F11/C11*1000,"") -> 8.1043236 | J11: =SUM(J7:J10) -> 684206 | K11: =SUM(K7:K10) -> 774 | L11: {=IFERROR(IF(INDIRECT("'"&$B$3&"'!G97")="","",INDIRECT("'"&$B$3&"'!G97")),"")} -> 0.12525281 | M11: =IF(OR($E11="",$L11=""),"",$E11-$L11) -> -0.081478424 | N11: {=IFERROR(IF(INDIRECT("'"&$B$3&"'!K97")="","",INDIRECT("'"&$B$3&"'!K97")),"")} -> -0.00067239719 | O11: =IF(OR($H11="",$N11=""),"",$H11-$N11) -> -0.11326343 | P11: {=IFERROR(IF(INDIRECT("'"&$B$3&"'!O97")="","",INDIRECT("'"&$B$3&"'!O97")),"")} -> 3507 | Q11: =IF(OR(B7=0,B8=0,B9=0,B10=0),"",$K11-$P11) -> -2733
A13: ускорение = насколько прирост этой недели отличается от прироста прошлой, в процентных пунктах.
A14: Плюс — рост ускорился, минус — рост замедлился (или падение усилилось). Считается от Δ % листа прошлой недели.

Sheet 21-27.09
A1: Недельный съём · 21–27.09.2026 | Q1: Лист прошлой недели (питает колонки E, I, O):
A2: Площадка | B2: Ресурс | C2: Публикаций | D2: Просмотры | E2: Просмотры пред. неделя | F2: Δ просмотров | G2: Δ % | H2: Лайки | I2: Лайки пред. неделя | J2: Δ лайков | K2: Δ % | L2: Ср. просмотров на пост | M2: Лайков на 1000 просмотров | N2: Подписчики | O2: Прирост подписчиков | Q2: 14-20.09 | S2: Δ % просмотров пред. неделя | T2: Ускорение просмотров, п.п. | U2: Δ % лайков пред. неделя | V2: Ускорение лайков, п.п. | W2: Прирост подписч. пред. неделя | X2: Ускорение подписчиков, чел.
A3: ВКонтакте | B3: Ямал-Медиа | C3: 114 | D3: 1913477 | E3: =IF($D3="","",IFERROR(IF(ISBLANK(INDIRECT("'"&$Q$2&"'!D"&ROW())),"",INDIRECT("'"&$Q$2&"'!D"&ROW())),"")) -> 516875 | F3: =IF(OR(D3="",E3=""),"",D3-E3) -> 1396602 | G3: =IFERROR(F3/E3,"") -> 2.7020111 | H3: 4474 | I3: =IF($H3="","",IFERROR(IF(ISBLANK(INDIRECT("'"&$Q$2&"'!H"&ROW())),"",INDIRECT("'"&$Q$2&"'!H"&ROW())),"")) -> 1943 | J3: =IF(OR(H3="",I3=""),"",H3-I3) -> 2531 | K3: =IFERROR(J3/I3,"") -> 1.3026248 | L3: =IFERROR(D3/C3,"") -> 16784.886 | M3: =IFERROR(H3/D3*1000,"") -> 2.338152 | N3: 89358 | O3: =IFERROR(IF(OR(N3="",ISBLANK(INDIRECT("'"&$Q$2&"'!N"&ROW()))),"",N3-INDIRECT("'"&$Q$2&"'!N"&ROW())),"") -> 282 | Q3: Колонки E и I берут прошлую неделю только по строкам, снятым в текущей — сравнение идёт по сопоставимому периметру. | S3: =IFERROR(IF(ISBLANK(INDIRECT("'"&$Q$2&"'!G"&ROW())),"",INDIRECT("'"&$Q$2&"'!G"&ROW())),"") -> 0.4077305 | T3: =IF(OR($G3="",$S3=""),"",$G3-$S3) -> 2.2942806 | U3: =IFERROR(IF(ISBLANK(INDIRECT("'"&$Q$2&"'!K"&ROW())),"",INDIRECT("'"&$Q$2&"'!K"&ROW())),"") -> 0.32809296 | V3: =IF(OR($K3="",$U3=""),"",$K3-$U3) -> 0.97453185 | W3: =IFERROR(IF(ISBLANK(INDIRECT("'"&$Q$2&"'!O"&ROW())),"",INDIRECT("'"&$Q$2&"'!O"&ROW())),"") -> 1085 | X3: =IF(OR($O3="",$W3=""),"",$O3-$W3) -> -803
A4: ВКонтакте | B4: Север-Пресс | C4: 129 | D4: 126444 | E4: =IF($D4="","",IFERROR(IF(ISBLANK(INDIRECT("'"&$Q$2&"'!D"&ROW())),"",INDIRECT("'"&$Q$2&"'!D"&ROW())),"")) -> 216205 | F4: =IF(OR(D4="",E4=""),"",D4-E4) -> -89761 | G4: =IFERROR(F4/E4,"") -> -0.41516616 | H4: 528 | I4: =IF($H4="","",IFERROR(IF(ISBLANK(INDIRECT("'"&$Q$2&"'!H"&ROW())),"",INDIRECT("'"&$Q$2&"'!H"&ROW())),"")) -> 695 | J4: =IF(OR(H4="",I4=""),"",H4-I4) -> -167 | K4: =IFERROR(J4/I4,"") -> -0.24028777 | L4: =IFERROR(D4/C4,"") -> 980.18605 | M4: =IFERROR(H4/D4*1000,"") -> 4.1757616 | N4: 26260 | O4: =IFERROR(IF(OR(N4="",ISBLANK(INDIRECT("'"&$Q$2&"'!N"&ROW()))),"",N4-INDIRECT("'"&$Q$2&"'!N"&ROW())),"") -> 11 | Q4: ОК: «просмотры» = VIEWS листа Topics, лайки = сумма LIKES листа Actions (по группе, как в прошлых съёмах). | S4: =IFERROR(IF(ISBLANK(INDIRECT("'"&$Q$2&"'!G"&ROW())),"",INDIRECT("'"&$Q$2&"'!G"&ROW())),"") -> 0.64780349 | T4: =IF(OR($G4="",$S4=""),"",$G4-$S4) -> -1.0629696 | U4: =IFERROR(IF(ISBLANK(INDIRECT("'"&$Q$2&"'!K"&ROW())),"",INDIRECT("'"&$Q$2&"'!K"&ROW())),"") -> 0.21929825 | V4: =IF(OR($K4="",$U4=""),"",$K4-$U4) -> -0.45958602 | W4: =IFERROR(IF(ISBLANK(INDIRECT("'"&$Q$2&"'!O"&ROW())),"",INDIRECT("'"&$Q$2&"'!O"&ROW())),"") -> 25 | X4: =IF(OR($O4="",$W4=""),"",$O4-$W4) -> -14
A5: ВКонтакте | B5: Лента СП | C5: 243 | D5: 3977 | E5: =IF($D5="","",IFERROR(IF(ISBLANK(INDIRECT("'"&$Q$2&"'!D"&ROW())),"",INDIRECT("'"&$Q$2&"'!D"&ROW())),"")) -> 4223 | F5: =IF(OR(D5="",E5=""),"",D5-E5) -> -246 | G5: =IFERROR(F5/E5,"") -> -0.058252427 | H5: 12 | I5: =IF($H5="","",IFERROR(IF(ISBLANK(INDIRECT("'"&$Q$2&"'!H"&ROW())),"",INDIRECT("'"&$Q$2&"'!H"&ROW())),"")) -> 10 | J5: =IF(OR(H5="",I5=""),"",H5-I5) -> 2 | K5: =IFERROR(J5/I5,"") -> 0.2 | L5: =IFERROR(D5/C5,"") -> 16.366255 | M5: =IFERROR(H5/D5*1000,"") -> 3.0173498 | N5: 3500 | O5: =IFERROR(IF(OR(N5="",ISBLANK(INDIRECT("'"&$Q$2&"'!N"&ROW()))),"",N5-INDIRECT("'"&$Q$2&"'!N"&ROW())),"") -> -1 | S5: =IFERROR(IF(ISBLANK(INDIRECT("'"&$Q$2&"'!G"&ROW())),"",INDIRECT("'"&$Q$2&"'!G"&ROW())),"") -> -0.30656814 | T5: =IF(OR($G5="",$S5=""),"",$G5-$S5) -> 0.24831572 | U5: =IFERROR(IF(ISBLANK(INDIRECT("'"&$Q$2&"'!K"&ROW())),"",INDIRECT("'"&$Q$2&"'!K"&ROW())),"") -> -0.28571429 | V5: =IF(OR($K5="",$U5=""),"",$K5-$U5) -> 0.48571429 | W5: =IFERROR(IF(ISBLANK(INDIRECT("'"&$Q$2&"'!O"&ROW())),"",INDIRECT("'"&$Q$2&"'!O"&ROW())),"") -> -2 | X5: =IF(OR($O5="",$W5=""),"",$O5-$W5) -> 1
A6: ВКонтакте | B6: Красный Север | C6: 87 | D6: 63285 | E6: =IF($D6="","",IFERROR(IF(ISBLANK(INDIRECT("'"&$Q$2&"'!D"&ROW())),"",INDIRECT("'"&$Q$2&"'!D"&ROW())),"")) -> 52347 | F6: =IF(OR(D6="",E6=""),"",D6-E6) -> 10938 | G6: =IFERROR(F6/E6,"") -> 0.2089518 | H6: 343 | I6: =IF($H6="","",IFERROR(IF(ISBLANK(INDIRECT("'"&$Q$2&"'!H"&ROW())),"",INDIRECT("'"&$Q$2&"'!H"&ROW())),"")) -> 291 | J6: =IF(OR(H6="",I6=""),"",H6-I6) -> 52 | K6: =IFERROR(J6/I6,"") -> 0.17869416 | L6: =IFERROR(D6/C6,"") -> 727.41379 | M6: =IFERROR(H6/D6*1000,"") -> 5.4199257 | N6: 22932 | O6: =IFERROR(IF(OR(N6="",ISBLANK(INDIRECT("'"&$Q$2&"'!N"&ROW()))),"",N6-INDIRECT("'"&$Q$2&"'!N"&ROW())),"") -> 1 | S6: =IFERROR(IF(ISBLANK(INDIRECT("'"&$Q$2&"'!G"&ROW())),"",INDIRECT("'"&$Q$2&"'!G"&ROW())),"") -> -0.072453753 | T6: =IF(OR($G6="",$S6=""),"",$G6-$S6) -> 0.28140556 | U6: =IFERROR(IF(ISBLANK(INDIRECT("'"&$Q$2&"'!K"&ROW())),"",INDIRECT("'"&$Q$2&"'!K"&ROW())),"") -> 0.081784387 | V6: =IF(OR($K6="",$U6=""),"",$K6-$U6) -> 0.096909771 | W6: =IFERROR(IF(ISBLANK(INDIRECT("'"&$Q$2&"'!O"&ROW())),"",INDIRECT("'"&$Q$2&"'!O"&ROW())),"") -> -4 | X6: =IF(OR($O6="",$W6=""),"",$O6-$W6) -> 5
A7: ВКонтакте | B7: Новый Уренгой | C7: 98 | D7: 78870 | E7: =IF($D7="","",IFERROR(IF(ISBLANK(INDIRECT("'"&$Q$2&"'!D"&ROW())),"",INDIRECT("'"&$Q$2&"'!D"&ROW())),"")) -> 108141 | F7: =IF(OR(D7="",E7=""),"",D7-E7) -> -29271 | G7: =IFERROR(F7/E7,"") -> -0.2706744 | H7: 796 | I7: =IF($H7="","",IFERROR(IF(ISBLANK(INDIRECT("'"&$Q$2&"'!H"&ROW())),"",INDIRECT("'"&$Q$2&"'!H"&ROW())),"")) -> 1025 | J7: =IF(OR(H7="",I7=""),"",H7-I7) -> -229 | K7: =IFERROR(J7/I7,"") -> -0.22341463 | L7: =IFERROR(D7/C7,"") -> 804.79592 | M7: =IFERROR(H7/D7*1000,"") -> 10.092557 | N7: 24868 | O7: =IFERROR(IF(OR(N7="",ISBLANK(INDIRECT("'"&$Q$2&"'!N"&ROW()))),"",N7-INDIRECT("'"&$Q$2&"'!N"&ROW())),"") -> 36 | S7: =IFERROR(IF(ISBLANK(INDIRECT("'"&$Q$2&"'!G"&ROW())),"",INDIRECT("'"&$Q$2&"'!G"&ROW())),"") -> 0.027751114 | T7: =IF(OR($G7="",$S7=""),"",$G7-$S7) -> -0.29842551 | U7: =IFERROR(IF(ISBLANK(INDIRECT("'"&$Q$2&"'!K"&ROW())),"",INDIRECT("'"&$Q$2&"'!K"&ROW())),"") -> -0.15983607 | V7: =IF(OR($K7="",$U7=""),"",$K7-$U7) -> -0.063578569 | W7: =IFERROR(IF(ISBLANK(INDIRECT("'"&$Q$2&"'!O"&ROW())),"",INDIRECT("'"&$Q$2&"'!O"&ROW())),"") -> 317 | X7: =IF(OR($O7="",$W7=""),"",$O7-$W7) -> -281
A8: ВКонтакте | B8: Надым | C8: 87 | D8: 296983 | E8: =IF($D8="","",IFERROR(IF(ISBLANK(INDIRECT("'"&$Q$2&"'!D"&ROW())),"",INDIRECT("'"&$Q$2&"'!D"&ROW())),"")) -> 347976 | F8: =IF(OR(D8="",E8=""),"",D8-E8) -> -50993 | G8: =IFERROR(F8/E8,"") -> -0.14654172 | H8: 3566 | I8: =IF($H8="","",IFERROR(IF(ISBLANK(INDIRECT("'"&$Q$2&"'!H"&ROW())),"",INDIRECT("'"&$Q$2&"'!H"&ROW())),"")) -> 3740 | J8: =IF(OR(H8="",I8=""),"",H8-I8) -> -174 | K8: =IFERROR(J8/I8,"") -> -0.046524064 | L8: =IFERROR(D8/C8,"") -> 3413.5977 | M8: =IFERROR(H8/D8*1000,"") -> 12.007421 | N8: 21744 | O8: =IFERROR(IF(OR(N8="",ISBLANK(INDIRECT("'"&$Q$2&"'!N"&ROW()))),"",N8-INDIRECT("'"&$Q$2&"'!N"&ROW())),"") -> 29 | S8: =IFERROR(IF(ISBLANK(INDIRECT("'"&$Q$2&"'!G"&ROW())),"",INDIRECT("'"&$Q$2&"'!G"&ROW())),"") -> 0.27833658 | T8: =IF(OR($G8="",$S8=""),"",$G8-$S8) -> -0.42487829 | U8: =IFERROR(IF(ISBLANK(INDIRECT("'"&$Q$2&"'!K"&ROW())),"",INDIRECT("'"&$Q$2&"'!K"&ROW())),"") -> -0.13864579 | V8: =IF(OR($K8="",$U8=""),"",$K8-$U8) -> 0.092121721 | W8: =IFERROR(IF(ISBLANK(INDIRECT("'"&$Q$2&"'!O"&ROW())),"",INDIRECT("'"&$Q$2&"'!O"&ROW())),"") -> 218 | X8: =IF(OR($O8="",$W8=""),"",$O8-$W8) -> -189
A9: ВКонтакте | B9: Ноябрьск | C9: 96 | D9: 322545 | E9: =IF($D9="","",IFERROR(IF(ISBLANK(INDIRECT("'"&$Q$2&"'!D"&ROW())),"",INDIRECT("'"&$Q$2&"'!D"&ROW())),"")) -> 424827 | F9: =IF(OR(D9="",E9=""),"",D9-E9) -> -102282 | G9: =IFERROR(F9/E9,"") -> -0.24076153 | H9: 4156 | I9: =IF($H9="","",IFERROR(IF(ISBLANK(INDIRECT("'"&$Q$2&"'!H"&ROW())),"",INDIRECT("'"&$Q$2&"'!H"&ROW())),"")) -> 4187 | J9: =IF(OR(H9="",I9=""),"",H9-I9) -> -31 | K9: =IFERROR(J9/I9,"") -> -0.0074038691 | L9: =IFERROR(D9/C9,"") -> 3359.8438 | M9: =IFERROR(H9/D9*1000,"") -> 12.885024 | N9: 31330 | O9: =IFERROR(IF(OR(N9="",ISBLANK(INDIRECT("'"&$Q$2&"'!N"&ROW()))),"",N9-INDIRECT("'"&$Q$2&"'!N"&ROW())),"") -> 29 | S9: =IFERROR(IF(ISBLANK(INDIRECT("'"&$Q$2&"'!G"&ROW())),"",INDIRECT("'"&$Q$2&"'!G"&ROW())),"") -> 0.3302532 | T9: =IF(OR($G9="",$S9=""),"",$G9-$S9) -> -0.57101473 | U9: =IFERROR(IF(ISBLANK(INDIRECT("'"&$Q$2&"'!K"&ROW())),"",INDIRECT("'"&$Q$2&"'!K"&ROW())),"") -> 0.037670384 | V9: =IF(OR($K9="",$U9=""),"",$K9-$U9) -> -0.045074253 | W9: =IFERROR(IF(ISBLANK(INDIRECT("'"&$Q$2&"'!O"&ROW())),"",INDIRECT("'"&$Q$2&"'!O"&ROW())),"") -> 271 | X9: =IF(OR($O9="",$W9=""),"",$O9-$W9) -> -242
A10: ВКонтакте | B10: Салехард | C10: 135 | D10: 167913 | E10: =IF($D10="","",IFERROR(IF(ISBLANK(INDIRECT("'"&$Q$2&"'!D"&ROW())),"",INDIRECT("'"&$Q$2&"'!D"&ROW())),"")) -> 202830 | F10: =IF(OR(D10="",E10=""),"",D10-E10) -> -34917 | G10: =IFERROR(F10/E10,"") -> -0.17214909 | H10: 1192 | I10: =IF($H10="","",IFERROR(IF(ISBLANK(INDIRECT("'"&$Q$2&"'!H"&ROW())),"",INDIRECT("'"&$Q$2&"'!H"&ROW())),"")) -> 1305 | J10: =IF(OR(H10="",I10=""),"",H10-I10) -> -113 | K10: =IFERROR(J10/I10,"") -> -0.086590038 | L10: =IFERROR(D10/C10,"") -> 1243.8 | M10: =IFERROR(H10/D10*1000,"") -> 7.0989143 | N10: 21586 | O10: =IFERROR(IF(OR(N10="",ISBLANK(INDIRECT("'"&$Q$2&"'!N"&ROW()))),"",N10-INDIRECT("'"&$Q$2&"'!N"&ROW())),"") -> 12 | S10: =IFERROR(IF(ISBLANK(INDIRECT("'"&$Q$2&"'!G"&ROW())),"",INDIRECT("'"&$Q$2&"'!G"&ROW())),"") -> 0.025694188 | T10: =IF(OR($G10="",$S10=""),"",$G10-$S10) -> -0.19784328 | U10: =IFERROR(IF(ISBLANK(INDIRECT("'"&$Q$2&"'!K"&ROW())),"",INDIRECT("'"&$Q$2&"'!K"&ROW())),"") -> -0.1453831 | V10: =IF(OR($K10="",$U10=""),"",$K10-$U10) -> 0.058793066 | W10: =IFERROR(IF(ISBLANK(INDIRECT("'"&$Q$2&"'!O"&ROW())),"",INDIRECT("'"&$Q$2&"'!O"&ROW())),"") -> 199 | X10: =IF(OR($O10="",$W10=""),"",$O10-$W10) -> -187
A11: ВКонтакте | B11: Приуралье | C11: 106 | D11: 407601 | E11: =IF($D11="","",IFERROR(IF(ISBLANK(INDIRECT("'"&$Q$2&"'!D"&ROW())),"",INDIRECT("'"&$Q$2&"'!D"&ROW())),"")) -> 572378 | F11: =IF(OR(D11="",E11=""),"",D11-E11) -> -164777 | G11: =IFERROR(F11/E11,"") -> -0.28788143 | H11: 3694 | I11: =IF($H11="","",IFERROR(IF(ISBLANK(INDIRECT("'"&$Q$2&"'!H"&ROW())),"",INDIRECT("'"&$Q$2&"'!H"&ROW())),"")) -> 4467 | J11: =IF(OR(H11="",I11=""),"",H11-I11) -> -773 | K11: =IFERROR(J11/I11,"") -> -0.17304679 | L11: =IFERROR(D11/C11,"") -> 3845.2925 | M11: =IFERROR(H11/D11*1000,"") -> 9.0627844 | N11: 20797 | O11: =IFERROR(IF(OR(N11="",ISBLANK(INDIRECT("'"&$Q$2&"'!N"&ROW()))),"",N11-INDIRECT("'"&$Q$2&"'!N"&ROW())),"") -> 23 | S11: =IFERROR(IF(ISBLANK(INDIRECT("'"&$Q$2&"'!G"&ROW())),"",INDIRECT("'"&$Q$2&"'!G"&ROW())),"") -> 0.49110357 | T11: =IF(OR($G11="",$S11=""),"",$G11-$S11) -> -0.77898501 | U11: =IFERROR(IF(ISBLANK(INDIRECT("'"&$Q$2&"'!K"&ROW())),"",INDIRECT("'"&$Q$2&"'!K"&ROW())),"") -> 0.27847739 | V11: =IF(OR($K11="",$U11=""),"",$K11-$U11) -> -0.45152418 | W11: =IFERROR(IF(ISBLANK(INDIRECT("'"&$Q$2&"'!O"&ROW())),"",INDIRECT("'"&$Q$2&"'!O"&ROW())),"") -> 138 | X11: =IF(OR($O11="",$W11=""),"",$O11-$W11) -> -115
A12: ВКонтакте | B12: Лабытнанги | C12: 66 | D12: 111561 | E12: =IF($D12="","",IFERROR(IF(ISBLANK(INDIRECT("'"&$Q$2&"'!D"&ROW())),"",INDIRECT("'"&$Q$2&"'!D"&ROW())),"")) -> 151998 | F12: =IF(OR(D12="",E12=""),"",D12-E12) -> -40437 | G12: =IFERROR(F12/E12,"") -> -0.2660364 | H12: 1930 | I12: =IF($H12="","",IFERROR(IF(ISBLANK(INDIRECT("'"&$Q$2&"'!H"&ROW())),"",INDIRECT("'"&$Q$2&"'!H"&ROW())),"")) -> 2359 | J12: =IF(OR(H12="",I12=""),"",H12-I12) -> -429 | K12: =IFERROR(J12/I12,"") -> -0.18185672 | L12: =IFERROR(D12/C12,"") -> 1690.3182 | M12: =IFERROR(H12/D12*1000,"") -> 17.299952 | N12: 15498 | O12: =IFERROR(IF(OR(N12="",ISBLANK(INDIRECT("'"&$Q$2&"'!N"&ROW()))),"",N12-INDIRECT("'"&$Q$2&"'!N"&ROW())),"") -> 44 | S12: =IFERROR(IF(ISBLANK(INDIRECT("'"&$Q$2&"'!G"&ROW())),"",INDIRECT("'"&$Q$2&"'!G"&ROW())),"") -> 0.0069827221 | T12: =IF(OR($G12="",$S12=""),"",$G12-$S12) -> -0.27301912 | U12: =IFERROR(IF(ISBLANK(INDIRECT("'"&$Q$2&"'!K"&ROW())),"",INDIRECT("'"&$Q$2&"'!K"&ROW())),"") -> -0.13462949 | V12: =IF(OR($K12="",$U12=""),"",$K12-$U12) -> -0.047227225 | W12: =IFERROR(IF(ISBLANK(INDIRECT("'"&$Q$2&"'!O"&ROW())),"",INDIRECT("'"&$Q$2&"'!O"&ROW())),"") -> 76 | X12: =IF(OR($O12="",$W12=""),"",$O12-$W12) -> -32
A13: ВКонтакте | B13: Пуровский | C13: 49 | D13: 33284 | E13: =IF($D13="","",IFERROR(IF(ISBLANK(INDIRECT("'"&$Q$2&"'!D"&ROW())),"",INDIRECT("'"&$Q$2&"'!D"&ROW())),"")) -> 48629 | F13: =IF(OR(D13="",E13=""),"",D13-E13) -> -15345 | G13: =IFERROR(F13/E13,"") -> -0.31555245 | H13: 353 | I13: =IF($H13="","",IFERROR(IF(ISBLANK(INDIRECT("'"&$Q$2&"'!H"&ROW())),"",INDIRECT("'"&$Q$2&"'!H"&ROW())),"")) -> 706 | J13: =IF(OR(H13="",I13=""),"",H13-I13) -> -353 | K13: =IFERROR(J13/I13,"") -> -0.5 | L13: =IFERROR(D13/C13,"") -> 679.26531 | M13: =IFERROR(H13/D13*1000,"") -> 10.605696 | N13: 16443 | O13: =IFERROR(IF(OR(N13="",ISBLANK(INDIRECT("'"&$Q$2&"'!N"&ROW()))),"",N13-INDIRECT("'"&$Q$2&"'!N"&ROW())),"") -> -4 | S13: =IFERROR(IF(ISBLANK(INDIRECT("'"&$Q$2&"'!G"&ROW())),"",INDIRECT("'"&$Q$2&"'!G"&ROW())),"") -> 0.66754681 | T13: =IF(OR($G13="",$S13=""),"",$G13-$S13) -> -0.98309926 | U13: =IFERROR(IF(ISBLANK(INDIRECT("'"&$Q$2&"'!K"&ROW())),"",INDIRECT("'"&$Q$2&"'!K"&ROW())),"") -> 0.44969199 | V13: =IF(OR($K13="",$U13=""),"",$K13-$U13) -> -0.94969199 | W13: =IFERROR(IF(ISBLANK(INDIRECT("'"&$Q$2&"'!O"&ROW())),"",INDIRECT("'"&$Q$2&"'!O"&ROW())),"") -> 101 | X13: =IF(OR($O13="",$W13=""),"",$O13-$W13) -> -105
A14: ВКонтакте | B14: Тазовский | C14: 56 | D14: 48840 | E14: =IF($D14="","",IFERROR(IF(ISBLANK(INDIRECT("'"&$Q$2&"'!D"&ROW())),"",INDIRECT("'"&$Q$2&"'!D"&ROW())),"")) -> 82265 | F14: =IF(OR(D14="",E14=""),"",D14-E14) -> -33425 | G14: =IFERROR(F14/E14,"") -> -0.40630888 | H14: 534 | I14: =IF($H14="","",IFERROR(IF(ISBLANK(INDIRECT("'"&$Q$2&"'!H"&ROW())),"",INDIRECT("'"&$Q$2&"'!H"&ROW())),"")) -> 787 | J14: =IF(OR(H14="",I14=""),"",H14-I14) -> -253 | K14: =IFERROR(J14/I14,"") -> -0.32147395 | L14: =IFERROR(D14/C14,"") -> 872.14286 | M14: =IFERROR(H14/D14*1000,"") -> 10.933661 | N14: 6439 | O14: =IFERROR(IF(OR(N14="",ISBLANK(INDIRECT("'"&$Q$2&"'!N"&ROW()))),"",N14-INDIRECT("'"&$Q$2&"'!N"&ROW())),"") -> 37 | S14: =IFERROR(IF(ISBLANK(INDIRECT("'"&$Q$2&"'!G"&ROW())),"",INDIRECT("'"&$Q$2&"'!G"&ROW())),"") -> 0.56889482 | T14: =IF(OR($G14="",$S14=""),"",$G14-$S14) -> -0.9752037 | U14: =IFERROR(IF(ISBLANK(INDIRECT("'"&$Q$2&"'!K"&ROW())),"",INDIRECT("'"&$Q$2&"'!K"&ROW())),"") -> 0.64989518 | V14: =IF(OR($K14="",$U14=""),"",$K14-$U14) -> -0.97136913 | W14: =IFERROR(IF(ISBLANK(INDIRECT("'"&$Q$2&"'!O"&ROW())),"",INDIRECT("'"&$Q$2&"'!O"&ROW())),"") -> 74 | X14: =IF(OR($O14="",$W14=""),"",$O14-$W14) -> -37
A15: ВКонтакте | B15: Красноселькуп | C15: 29 | D15: 30735 | E15: =IF($D15="","",IFERROR(IF(ISBLANK(INDIRECT("'"&$Q$2&"'!D"&ROW())),"",INDIRECT("'"&$Q$2&"'!D"&ROW())),"")) -> 43212 | F15: =IF(OR(D15="",E15=""),"",D15-E15) -> -12477 | G15: =IFERROR(F15/E15,"") -> -0.28873924 | H15: 302 | I15: =IF($H15="","",IFERROR(IF(ISBLANK(INDIRECT("'"&$Q$2&"'!H"&ROW())),"",INDIRECT("'"&$Q$2&"'!H"&ROW())),"")) -> 348 | J15: =IF(OR(H15="",I15=""),"",H15-I15) -> -46 | K15: =IFERROR(J15/I15,"") -> -0.13218391 | L15: =IFERROR(D15/C15,"") -> 1059.8276 | M15: =IFERROR(H15/D15*1000,"") -> 9.8259313 | N15: 3687 | O15: =IFERROR(IF(OR(N15="",ISBLANK(INDIRECT("'"&$Q$2&"'!N"&ROW()))),"",N15-INDIRECT("'"&$Q$2&"'!N"&ROW())),"") -> 8 | S15: =IFERROR(IF(ISBLANK(INDIRECT("'"&$Q$2&"'!G"&ROW())),"",INDIRECT("'"&$Q$2&"'!G"&ROW())),"") -> 0.3764852 | T15: =IF(OR($G15="",$S15=""),"",$G15-$S15) -> -0.66522444 | U15: =IFERROR(IF(ISBLANK(INDIRECT("'"&$Q$2&"'!K"&ROW())),"",INDIRECT("'"&$Q$2&"'!K"&ROW())),"") -> -0.35911602 | V15: =IF(OR($K15="",$U15=""),"",$K15-$U15) -> 0.22693211 | W15: =IFERROR(IF(ISBLANK(INDIRECT("'"&$Q$2&"'!O"&ROW())),"",INDIRECT("'"&$Q$2&"'!O"&ROW())),"") -> 24 | X15: =IF(OR($O15="",$W15=""),"",$O15-$W15) -> -16
A16: ВКонтакте | B16: Ямальский | C16: 50 | D16: 99250 | E16: =IF($D16="","",IFERROR(IF(ISBLANK(INDIRECT("'"&$Q$2&"'!D"&ROW())),"",INDIRECT("'"&$Q$2&"'!D"&ROW())),"")) -> 158474 | F16: =IF(OR(D16="",E16=""),"",D16-E16) -> -59224 | G16: =IFERROR(F16/E16,"") -> -0.3737143 | H16: 1001 | I16: =IF($H16="","",IFERROR(IF(ISBLANK(INDIRECT("'"&$Q$2&"'!H"&ROW())),"",INDIRECT("'"&$Q$2&"'!H"&ROW())),"")) -> 1498 | J16: =IF(OR(H16="",I16=""),"",H16-I16) -> -497 | K16: =IFERROR(J16/I16,"") -> -0.3317757 | L16: =IFERROR(D16/C16,"") -> 1985 | M16: =IFERROR(H16/D16*1000,"") -> 10.085642 | N16: 12813 | O16: =IFERROR(IF(OR(N16="",ISBLANK(INDIRECT("'"&$Q$2&"'!N"&ROW()))),"",N16-INDIRECT("'"&$Q$2&"'!N"&ROW())),"") -> 80 | S16: =IFERROR(IF(ISBLANK(INDIRECT("'"&$Q$2&"'!G"&ROW())),"",INDIRECT("'"&$Q$2&"'!G"&ROW())),"") -> 0.16253173 | T16: =IF(OR($G16="",$S16=""),"",$G16-$S16) -> -0.53624603 | U16: =IFERROR(IF(ISBLANK(INDIRECT("'"&$Q$2&"'!K"&ROW())),"",INDIRECT("'"&$Q$2&"'!K"&ROW())),"") -> -0.23571429 | V16: =IF(OR($K16="",$U16=""),"",$K16-$U16) -> -0.096061415 | W16: =IFERROR(IF(ISBLANK(INDIRECT("'"&$Q$2&"'!O"&ROW())),"",INDIRECT("'"&$Q$2&"'!O"&ROW())),"") -> 268 | X16: =IF(OR($O16="",$W16=""),"",$O16-$W16) -> -188
... A29: ВКонтакте | B29: Морошка | C29: 7 | D29: 10725 | E29: =IF($D29="","",IFERROR(IF(ISBLANK(INDIRECT("'"&$Q$2&"'!D"&ROW())),"",INDIRECT("'"&$Q$2&"'!D"&ROW())),"")) -> 3666 | F29: =IF(OR(D29="",E29=""),"",D29-E29) -> 7059 | G29: =IFERROR(F29/E29,"") -> 1.9255319 | H29: 253 | I29: =IF($H29="","",IFERROR(IF(ISBLANK(INDIRECT("'"&$Q$2&"'!H"&ROW())),"",INDIRECT("'"&$Q$2&"'!H"&ROW())),"")) -> 85 | J29: =IF(OR(H29="",I29=""),"",H29-I29) -> 168 | K29: =IFERROR(J29/I29,"") -> 1.9764706 | L29: =IFERROR(D29/C29,"") -> 1532.1429 | M29: =IFERROR(H29/D29*1000,"") -> 23.589744 | N29: 9625 | O29: =IFERROR(IF(OR(N29="",ISBLANK(INDIRECT("'"&$Q$2&"'!N"&ROW()))),"",N29-INDIRECT("'"&$Q$2&"'!N"&ROW())),"") -> 23 | S29: =IFERROR(IF(ISBLANK(INDIRECT("'"&$Q$2&"'!G"&ROW())),"",INDIRECT("'"&$Q$2&"'!G"&ROW())),"") -> -0.90270184 | T29: =IF(OR($G29="",$S29=""),"",$G29-$S29) -> 2.8282338 | U29: =IFERROR(IF(ISBLANK(INDIRECT("'"&$Q$2&"'!K"&ROW())),"",INDIRECT("'"&$Q$2&"'!K"&ROW())),"") -> 0.63461538 | V29: =IF(OR($K29="",$U29=""),"",$K29-$U29) -> 1.3418552 | W29: =IFERROR(IF(ISBLANK(INDIRECT("'"&$Q$2&"'!O"&ROW())),"",INDIRECT("'"&$Q$2&"'!O"&ROW())),"") -> 30 | X29: =IF(OR($O29="",$W29=""),"",$O29-$W29) -> -7
B30: Итого ВКонтакте | C30: =SUM(C3:C29) -> 1883 | D30: =SUM(D3:D29) -> 4273439 | E30: =SUM(E3:E29) -> 3693588 | F30: =SUM(F3:F29) -> 579851 | G30: =IF(C30=0,"",IFERROR(F30/E30,"")) -> 0.15698854 | H30: =SUM(H3:H29) -> 29907 | I30: =SUM(I3:I29) -> 33462 | J30: =SUM(J3:J29) -> -3555 | K30: =IF(C30=0,"",IFERROR(J30/I30,"")) -> -0.10623991 | L30: =IFERROR(D30/C30,"") -> 2269.4843 | M30: =IFERROR(H30/D30*1000,"") -> 6.9983449 | N30: =SUM(N3:N29) -> 465281 | O30: =SUM(O3:O29) -> 728 | S30: =IFERROR(IF(ISBLANK(INDIRECT("'"&$Q$2&"'!G"&ROW())),"",INDIRECT("'"&$Q$2&"'!G"&ROW())),"") -> 0.22306668 | T30: =IF(OR($G30="",$S30=""),"",$G30-$S30) -> -0.06607814 | U30: =IFERROR(IF(ISBLANK(INDIRECT("'"&$Q$2&"'!K"&ROW())),"",INDIRECT("'"&$Q$2&"'!K"&ROW())),"") -> 0.029916898 | V30: =IF(OR($K30="",$U30=""),"",$K30-$U30) -> -0.13615681 | W30: =IFERROR(IF(ISBLANK(INDIRECT("'"&$Q$2&"'!O"&ROW())),"",INDIRECT("'"&$Q$2&"'!O"&ROW())),"") -> 3078 | X30: =IF(OR(C30=0,$O30="",$W30=""),"",$O30-$W30) -> -2350
A31: Одноклассники | B31: Ямал-Медиа | C31: 118 | D31: 25088 | E31: =IF($D31="","",IFERROR(IF(ISBLANK(INDIRECT("'"&$Q$2&"'!D"&ROW())),"",INDIRECT("'"&$Q$2&"'!D"&ROW())),"")) -> 36700 | F31: =IF(OR(D31="",E31=""),"",D31-E31) -> -11612 | G31: =IFERROR(F31/E31,"") -> -0.31640327 | H31: 112 | I31: =IF($H31="","",IFERROR(IF(ISBLANK(INDIRECT("'"&$Q$2&"'!H"&ROW())),"",INDIRECT("'"&$Q$2&"'!H"&ROW())),"")) -> 116 | J31: =IF(OR(H31="",I31=""),"",H31-I31) -> -4 | K31: =IFERROR(J31/I31,"") -> -0.034482759 | L31: =IFERROR(D31/C31,"") -> 212.61017 | M31: =IFERROR(H31/D31*1000,"") -> 4.4642857 | N31: 32491 | O31: =IFERROR(IF(OR(N31="",ISBLANK(INDIRECT("'"&$Q$2&"'!N"&ROW()))),"",N31-INDIRECT("'"&$Q$2&"'!N"&ROW())),"") -> 3 | S31: =IFERROR(IF(ISBLANK(INDIRECT("'"&$Q$2&"'!G"&ROW())),"",INDIRECT("'"&$Q$2&"'!G"&ROW())),"") -> -0.87413273 | T31: =IF(OR($G31="",$S31=""),"",$G31-$S31) -> 0.55772946 | U31: =IFERROR(IF(ISBLANK(INDIRECT("'"&$Q$2&"'!K"&ROW())),"",INDIRECT("'"&$Q$2&"'!K"&ROW())),"") -> -0.086614173 | V31: =IF(OR($K31="",$U31=""),"",$K31-$U31) -> 0.052131415 | W31: =IFERROR(IF(ISBLANK(INDIRECT("'"&$Q$2&"'!O"&ROW())),"",INDIRECT("'"&$Q$2&"'!O"&ROW())),"") -> 15 | X31: =IF(OR($O31="",$W31=""),"",$O31-$W31) -> -12
A32: Одноклассники | B32: Север-Пресс | C32: 109 | D32: 31127 | E32: =IF($D32="","",IFERROR(IF(ISBLANK(INDIRECT("'"&$Q$2&"'!D"&ROW())),"",INDIRECT("'"&$Q$2&"'!D"&ROW())),"")) -> 42212 | F32: =IF(OR(D32="",E32=""),"",D32-E32) -> -11085 | G32: =IFERROR(F32/E32,"") -> -0.26260305 | H32: 35 | I32: =IF($H32="","",IFERROR(IF(ISBLANK(INDIRECT("'"&$Q$2&"'!H"&ROW())),"",INDIRECT("'"&$Q$2&"'!H"&ROW())),"")) -> 92 | J32: =IF(OR(H32="",I32=""),"",H32-I32) -> -57 | K32: =IFERROR(J32/I32,"") -> -0.61956522 | L32: =IFERROR(D32/C32,"") -> 285.56881 | M32: =IFERROR(H32/D32*1000,"") -> 1.1244257 | N32: 21738 | O32: =IFERROR(IF(OR(N32="",ISBLANK(INDIRECT("'"&$Q$2&"'!N"&ROW()))),"",N32-INDIRECT("'"&$Q$2&"'!N"&ROW())),"") -> 1 | S32: =IFERROR(IF(ISBLANK(INDIRECT("'"&$Q$2&"'!G"&ROW())),"",INDIRECT("'"&$Q$2&"'!G"&ROW())),"") -> 0.035953567 | T32: =IF(OR($G32="",$S32=""),"",$G32-$S32) -> -0.29855662 | U32: =IFERROR(IF(ISBLANK(INDIRECT("'"&$Q$2&"'!K"&ROW())),"",INDIRECT("'"&$Q$2&"'!K"&ROW())),"") -> 0.35294118 | V32: =IF(OR($K32="",$U32=""),"",$K32-$U32) -> -0.97250639 | W32: =IFERROR(IF(ISBLANK(INDIRECT("'"&$Q$2&"'!O"&ROW())),"",INDIRECT("'"&$Q$2&"'!O"&ROW())),"") -> 2 | X32: =IF(OR($O32="",$W32=""),"",$O32-$W32) -> -1
A33: Одноклассники | B33: Красный Север | C33: 75 | D33: 24654 | E33: =IF($D33="","",IFERROR(IF(ISBLANK(INDIRECT("'"&$Q$2&"'!D"&ROW())),"",INDIRECT("'"&$Q$2&"'!D"&ROW())),"")) -> 16771 | F33: =IF(OR(D33="",E33=""),"",D33-E33) -> 7883 | G33: =IFERROR(F33/E33,"") -> 0.47003756 | H33: 18 | I33: =IF($H33="","",IFERROR(IF(ISBLANK(INDIRECT("'"&$Q$2&"'!H"&ROW())),"",INDIRECT("'"&$Q$2&"'!H"&ROW())),"")) -> 5 | J33: =IF(OR(H33="",I33=""),"",H33-I33) -> 13 | K33: =IFERROR(J33/I33,"") -> 2.6 | L33: =IFERROR(D33/C33,"") -> 328.72 | M33: =IFERROR(H33/D33*1000,"") -> 0.73010465 | N33: 8958 | O33: =IFERROR(IF(OR(N33="",ISBLANK(INDIRECT("'"&$Q$2&"'!N"&ROW()))),"",N33-INDIRECT("'"&$Q$2&"'!N"&ROW())),"") -> 1 | S33: =IFERROR(IF(ISBLANK(INDIRECT("'"&$Q$2&"'!G"&ROW())),"",INDIRECT("'"&$Q$2&"'!G"&ROW())),"") -> -0.085301336 | T33: =IF(OR($G33="",$S33=""),"",$G33-$S33) -> 0.5553389 | U33: =IFERROR(IF(ISBLANK(INDIRECT("'"&$Q$2&"'!K"&ROW())),"",INDIRECT("'"&$Q$2&"'!K"&ROW())),"") -> 0.25 | V33: =IF(OR($K33="",$U33=""),"",$K33-$U33) -> 2.35 | W33: =IFERROR(IF(ISBLANK(INDIRECT("'"&$Q$2&"'!O"&ROW())),"",INDIRECT("'"&$Q$2&"'!O"&ROW())),"") -> -4 | X33: =IF(OR($O33="",$W33=""),"",$O33-$W33) -> 5
A34: Одноклассники | B34: Новый Уренгой | C34: 84 | D34: 604 | E34: =IF($D34="","",IFERROR(IF(ISBLANK(INDIRECT("'"&$Q$2&"'!D"&ROW())),"",INDIRECT("'"&$Q$2&"'!D"&ROW())),"")) -> 721 | F34: =IF(OR(D34="",E34=""),"",D34-E34) -> -117 | G34: =IFERROR(F34/E34,"") -> -0.16227462 | H34: 0 | I34: =IF($H34="","",IFERROR(IF(ISBLANK(INDIRECT("'"&$Q$2&"'!H"&ROW())),"",INDIRECT("'"&$Q$2&"'!H"&ROW())),"")) -> 0 | J34: =IF(OR(H34="",I34=""),"",H34-I34) -> 0 | K34: =IFERROR(J34/I34,"") | L34: =IFERROR(D34/C34,"") -> 7.1904762 | M34: =IFERROR(H34/D34*1000,"") -> 0 | N34: 6 | O34: =IFERROR(IF(OR(N34="",ISBLANK(INDIRECT("'"&$Q$2&"'!N"&ROW()))),"",N34-INDIRECT("'"&$Q$2&"'!N"&ROW())),"") -> 0 | S34: =IFERROR(IF(ISBLANK(INDIRECT("'"&$Q$2&"'!G"&ROW())),"",INDIRECT("'"&$Q$2&"'!G"&ROW())),"") -> -0.20331492 | T34: =IF(OR($G34="",$S34=""),"",$G34-$S34) -> 0.041040299 | U34: =IFERROR(IF(ISBLANK(INDIRECT("'"&$Q$2&"'!K"&ROW())),"",INDIRECT("'"&$Q$2&"'!K"&ROW())),"") | V34: =IF(OR($K34="",$U34=""),"",$K34-$U34) | W34: =IFERROR(IF(ISBLANK(INDIRECT("'"&$Q$2&"'!O"&ROW())),"",INDIRECT("'"&$Q$2&"'!O"&ROW())),"") -> 0 | X34: =IF(OR($O34="",$W34=""),"",$O34-$W34) -> 0
A35: Одноклассники | B35: Надым | C35: 83 | D35: 8859 | E35: =IF($D35="","",IFERROR(IF(ISBLANK(INDIRECT("'"&$Q$2&"'!D"&ROW())),"",INDIRECT("'"&$Q$2&"'!D"&ROW())),"")) -> 9472 | F35: =IF(OR(D35="",E35=""),"",D35-E35) -> -613 | G35: =IFERROR(F35/E35,"") -> -0.064717061 | H35: 70 | I35: =IF($H35="","",IFERROR(IF(ISBLANK(INDIRECT("'"&$Q$2&"'!H"&ROW())),"",INDIRECT("'"&$Q$2&"'!H"&ROW())),"")) -> 48 | J35: =IF(OR(H35="",I35=""),"",H35-I35) -> 22 | K35: =IFERROR(J35/I35,"") -> 0.45833333 | L35: =IFERROR(D35/C35,"") -> 106.73494 | M35: =IFERROR(H35/D35*1000,"") -> 7.901569 | N35: 1941 | O35: =IFERROR(IF(OR(N35="",ISBLANK(INDIRECT("'"&$Q$2&"'!N"&ROW()))),"",N35-INDIRECT("'"&$Q$2&"'!N"&ROW())),"") -> 0 | S35: =IFERROR(IF(ISBLANK(INDIRECT("'"&$Q$2&"'!G"&ROW())),"",INDIRECT("'"&$Q$2&"'!G"&ROW())),"") -> -0.074728924 | T35: =IF(OR($G35="",$S35=""),"",$G35-$S35) -> 0.010011864 | U35: =IFERROR(IF(ISBLANK(INDIRECT("'"&$Q$2&"'!K"&ROW())),"",INDIRECT("'"&$Q$2&"'!K"&ROW())),"") -> -0.61904762 | V35: =IF(OR($K35="",$U35=""),"",$K35-$U35) -> 1.077381 | W35: =IFERROR(IF(ISBLANK(INDIRECT("'"&$Q$2&"'!O"&ROW())),"",INDIRECT("'"&$Q$2&"'!O"&ROW())),"") -> 4 | X35: =IF(OR($O35="",$W35=""),"",$O35-$W35) -> -4
A36: Одноклассники | B36: Ноябрьск | E36: =IF($D36="","",IFERROR(IF(ISBLANK(INDIRECT("'"&$Q$2&"'!D"&ROW())),"",INDIRECT("'"&$Q$2&"'!D"&ROW())),"")) | F36: =IF(OR(D36="",E36=""),"",D36-E36) | G36: =IFERROR(F36/E36,"") | I36: =IF($H36="","",IFERROR(IF(ISBLANK(INDIRECT("'"&$Q$2&"'!H"&ROW())),"",INDIRECT("'"&$Q$2&"'!H"&ROW())),"")) | J36: =IF(OR(H36="",I36=""),"",H36-I36) | K36: =IFERROR(J36/I36,"") | L36: =IFERROR(D36/C36,"") | M36: =IFERROR(H36/D36*1000,"") | O36: =IFERROR(IF(OR(N36="",ISBLANK(INDIRECT("'"&$Q$2&"'!N"&ROW()))),"",N36-INDIRECT("'"&$Q$2&"'!N"&ROW())),"") | S36: =IFERROR(IF(ISBLANK(INDIRECT("'"&$Q$2&"'!G"&ROW())),"",INDIRECT("'"&$Q$2&"'!G"&ROW())),"") -> -0.037648158 | T36: =IF(OR($G36="",$S36=""),"",$G36-$S36) | U36: =IFERROR(IF(ISBLANK(INDIRECT("'"&$Q$2&"'!K"&ROW())),"",INDIRECT("'"&$Q$2&"'!K"&ROW())),"") -> -0.41525424 | V36: =IF(OR($K36="",$U36=""),"",$K36-$U36) | W36: =IFERROR(IF(ISBLANK(INDIRECT("'"&$Q$2&"'!O"&ROW())),"",INDIRECT("'"&$Q$2&"'!O"&ROW())),"") -> 7 | X36: =IF(OR($O36="",$W36=""),"",$O36-$W36)
A37: Одноклассники | B37: Салехард | C37: 117 | D37: 5607 | E37: =IF($D37="","",IFERROR(IF(ISBLANK(INDIRECT("'"&$Q$2&"'!D"&ROW())),"",INDIRECT("'"&$Q$2&"'!D"&ROW())),"")) -> 6504 | F37: =IF(OR(D37="",E37=""),"",D37-E37) -> -897 | G37: =IFERROR(F37/E37,"") -> -0.13791513 | H37: 18 | I37: =IF($H37="","",IFERROR(IF(ISBLANK(INDIRECT("'"&$Q$2&"'!H"&ROW())),"",INDIRECT("'"&$Q$2&"'!H"&ROW())),"")) -> 48 | J37: =IF(OR(H37="",I37=""),"",H37-I37) -> -30 | K37: =IFERROR(J37/I37,"") -> -0.625 | L37: =IFERROR(D37/C37,"") -> 47.923077 | M37: =IFERROR(H37/D37*1000,"") -> 3.2102729 | N37: 3238 | O37: =IFERROR(IF(OR(N37="",ISBLANK(INDIRECT("'"&$Q$2&"'!N"&ROW()))),"",N37-INDIRECT("'"&$Q$2&"'!N"&ROW())),"") -> 1 | S37: =IFERROR(IF(ISBLANK(INDIRECT("'"&$Q$2&"'!G"&ROW())),"",INDIRECT("'"&$Q$2&"'!G"&ROW())),"") -> -0.14555964 | T37: =IF(OR($G37="",$S37=""),"",$G37-$S37) -> 0.0076445135 | U37: =IFERROR(IF(ISBLANK(INDIRECT("'"&$Q$2&"'!K"&ROW())),"",INDIRECT("'"&$Q$2&"'!K"&ROW())),"") -> -0.18644068 | V37: =IF(OR($K37="",$U37=""),"",$K37-$U37) -> -0.43855932 | W37: =IFERROR(IF(ISBLANK(INDIRECT("'"&$Q$2&"'!O"&ROW())),"",INDIRECT("'"&$Q$2&"'!O"&ROW())),"") -> 1 | X37: =IF(OR($O37="",$W37=""),"",$O37-$W37) -> 0
A38: Одноклассники | B38: Приуралье | C38: 107 | D38: 9151 | E38: =IF($D38="","",IFERROR(IF(ISBLANK(INDIRECT("'"&$Q$2&"'!D"&ROW())),"",INDIRECT("'"&$Q$2&"'!D"&ROW())),"")) -> 10887 | F38: =IF(OR(D38="",E38=""),"",D38-E38) -> -1736 | G38: =IFERROR(F38/E38,"") -> -0.15945623 | H38: 151 | I38: =IF($H38="","",IFERROR(IF(ISBLANK(INDIRECT("'"&$Q$2&"'!H"&ROW())),"",INDIRECT("'"&$Q$2&"'!H"&ROW())),"")) -> 183 | J38: =IF(OR(H38="",I38=""),"",H38-I38) -> -32 | K38: =IFERROR(J38/I38,"") -> -0.17486339 | L38: =IFERROR(D38/C38,"") -> 85.523364 | M38: =IFERROR(H38/D38*1000,"") -> 16.500929 | N38: 1711 | O38: =IFERROR(IF(OR(N38="",ISBLANK(INDIRECT("'"&$Q$2&"'!N"&ROW()))),"",N38-INDIRECT("'"&$Q$2&"'!N"&ROW())),"") -> 0 | S38: =IFERROR(IF(ISBLANK(INDIRECT("'"&$Q$2&"'!G"&ROW())),"",INDIRECT("'"&$Q$2&"'!G"&ROW())),"") -> 0.35141509 | T38: =IF(OR($G38="",$S38=""),"",$G38-$S38) -> -0.51087133 | U38: =IFERROR(IF(ISBLANK(INDIRECT("'"&$Q$2&"'!K"&ROW())),"",INDIRECT("'"&$Q$2&"'!K"&ROW())),"") -> 0.063953488 | V38: =IF(OR($K38="",$U38=""),"",$K38-$U38) -> -0.23881688 | W38: =IFERROR(IF(ISBLANK(INDIRECT("'"&$Q$2&"'!O"&ROW())),"",INDIRECT("'"&$Q$2&"'!O"&ROW())),"") -> 6 | X38: =IF(OR($O38="",$W38=""),"",$O38-$W38) -> -6
A39: Одноклассники | B39: Лабытнанги | C39: 53 | D39: 4189 | E39: =IF($D39="","",IFERROR(IF(ISBLANK(INDIRECT("'"&$Q$2&"'!D"&ROW())),"",INDIRECT("'"&$Q$2&"'!D"&ROW())),"")) -> 4212 | F39: =IF(OR(D39="",E39=""),"",D39-E39) -> -23 | G39: =IFERROR(F39/E39,"") -> -0.0054605888 | H39: 3 | I39: =IF($H39="","",IFERROR(IF(ISBLANK(INDIRECT("'"&$Q$2&"'!H"&ROW())),"",INDIRECT("'"&$Q$2&"'!H"&ROW())),"")) -> 8 | J39: =IF(OR(H39="",I39=""),"",H39-I39) -> -5 | K39: =IFERROR(J39/I39,"") -> -0.625 | L39: =IFERROR(D39/C39,"") -> 79.037736 | M39: =IFERROR(H39/D39*1000,"") -> 0.71616138 | N39: 225 | O39: =IFERROR(IF(OR(N39="",ISBLANK(INDIRECT("'"&$Q$2&"'!N"&ROW()))),"",N39-INDIRECT("'"&$Q$2&"'!N"&ROW())),"") -> 0 | S39: =IFERROR(IF(ISBLANK(INDIRECT("'"&$Q$2&"'!G"&ROW())),"",INDIRECT("'"&$Q$2&"'!G"&ROW())),"") -> 1.1700155 | T39: =IF(OR($G39="",$S39=""),"",$G39-$S39) -> -1.175476 | U39: =IFERROR(IF(ISBLANK(INDIRECT("'"&$Q$2&"'!K"&ROW())),"",INDIRECT("'"&$Q$2&"'!K"&ROW())),"") -> -0.2 | V39: =IF(OR($K39="",$U39=""),"",$K39-$U39) -> -0.425 | W39: =IFERROR(IF(ISBLANK(INDIRECT("'"&$Q$2&"'!O"&ROW())),"",INDIRECT("'"&$Q$2&"'!O"&ROW())),"") -> 1 | X39: =IF(OR($O39="",$W39=""),"",$O39-$W39) -> -1
A40: Одноклассники | B40: Пуровский | E40: =IF($D40="","",IFERROR(IF(ISBLANK(INDIRECT("'"&$Q$2&"'!D"&ROW())),"",INDIRECT("'"&$Q$2&"'!D"&ROW())),"")) | F40: =IF(OR(D40="",E40=""),"",D40-E40) | G40: =IFERROR(F40/E40,"") | I40: =IF($H40="","",IFERROR(IF(ISBLANK(INDIRECT("'"&$Q$2&"'!H"&ROW())),"",INDIRECT("'"&$Q$2&"'!H"&ROW())),"")) | J40: =IF(OR(H40="",I40=""),"",H40-I40) | K40: =IFERROR(J40/I40,"") | L40: =IFERROR(D40/C40,"") | M40: =IFERROR(H40/D40*1000,"") | O40: =IFERROR(IF(OR(N40="",ISBLANK(INDIRECT("'"&$Q$2&"'!N"&ROW()))),"",N40-INDIRECT("'"&$Q$2&"'!N"&ROW())),"") | S40: =IFERROR(IF(ISBLANK(INDIRECT("'"&$Q$2&"'!G"&ROW())),"",INDIRECT("'"&$Q$2&"'!G"&ROW())),"") -> 0.10353739 | T40: =IF(OR($G40="",$S40=""),"",$G40-$S40) | U40: =IFERROR(IF(ISBLANK(INDIRECT("'"&$Q$2&"'!K"&ROW())),"",INDIRECT("'"&$Q$2&"'!K"&ROW())),"") -> -0.42553191 | V40: =IF(OR($K40="",$U40=""),"",$K40-$U40) | W40: =IFERROR(IF(ISBLANK(INDIRECT("'"&$Q$2&"'!O"&ROW())),"",INDIRECT("'"&$Q$2&"'!O"&ROW())),"") -> 1 | X40: =IF(OR($O40="",$W40=""),"",$O40-$W40)
A41: Одноклассники | B41: Тазовский | C41: 50 | D41: 12390 | E41: =IF($D41="","",IFERROR(IF(ISBLANK(INDIRECT("'"&$Q$2&"'!D"&ROW())),"",INDIRECT("'"&$Q$2&"'!D"&ROW())),"")) -> 12790 | F41: =IF(OR(D41="",E41=""),"",D41-E41) -> -400 | G41: =IFERROR(F41/E41,"") -> -0.031274433 | H41: 121 | I41: =IF($H41="","",IFERROR(IF(ISBLANK(INDIRECT("'"&$Q$2&"'!H"&ROW())),"",INDIRECT("'"&$Q$2&"'!H"&ROW())),"")) -> 102 | J41: =IF(OR(H41="",I41=""),"",H41-I41) -> 19 | K41: =IFERROR(J41/I41,"") -> 0.18627451 | L41: =IFERROR(D41/C41,"") -> 247.8 | M41: =IFERROR(H41/D41*1000,"") -> 9.7659403 | N41: 3531 | O41: =IFERROR(IF(OR(N41="",ISBLANK(INDIRECT("'"&$Q$2&"'!N"&ROW()))),"",N41-INDIRECT("'"&$Q$2&"'!N"&ROW())),"") -> 2 | S41: =IFERROR(IF(ISBLANK(INDIRECT("'"&$Q$2&"'!G"&ROW())),"",INDIRECT("'"&$Q$2&"'!G"&ROW())),"") -> 0.49765808 | T41: =IF(OR($G41="",$S41=""),"",$G41-$S41) -> -0.52893251 | U41: =IFERROR(IF(ISBLANK(INDIRECT("'"&$Q$2&"'!K"&ROW())),"",INDIRECT("'"&$Q$2&"'!K"&ROW())),"") -> -0.081081081 | V41: =IF(OR($K41="",$U41=""),"",$K41-$U41) -> 0.26735559 | W41: =IFERROR(IF(ISBLANK(INDIRECT("'"&$Q$2&"'!O"&ROW())),"",INDIRECT("'"&$Q$2&"'!O"&ROW())),"") -> -1 | X41: =IF(OR($O41="",$W41=""),"",$O41-$W41) -> 3
A42: Одноклассники | B42: Красноселькуп | C42: 25 | D42: 6594 | E42: =IF($D42="","",IFERROR(IF(ISBLANK(INDIRECT("'"&$Q$2&"'!D"&ROW())),"",INDIRECT("'"&$Q$2&"'!D"&ROW())),"")) -> 7517 | F42: =IF(OR(D42="",E42=""),"",D42-E42) -> -923 | G42: =IFERROR(F42/E42,"") -> -0.12278835 | H42: 83 | I42: =IF($H42="","",IFERROR(IF(ISBLANK(INDIRECT("'"&$Q$2&"'!H"&ROW())),"",INDIRECT("'"&$Q$2&"'!H"&ROW())),"")) -> 133 | J42: =IF(OR(H42="",I42=""),"",H42-I42) -> -50 | K42: =IFERROR(J42/I42,"") -> -0.37593985 | L42: =IFERROR(D42/C42,"") -> 263.76 | M42: =IFERROR(H42/D42*1000,"") -> 12.5872 | N42: 653 | O42: =IFERROR(IF(OR(N42="",ISBLANK(INDIRECT("'"&$Q$2&"'!N"&ROW()))),"",N42-INDIRECT("'"&$Q$2&"'!N"&ROW())),"") -> 2 | S42: =IFERROR(IF(ISBLANK(INDIRECT("'"&$Q$2&"'!G"&ROW())),"",INDIRECT("'"&$Q$2&"'!G"&ROW())),"") -> 0.23614537 | T42: =IF(OR($G42="",$S42=""),"",$G42-$S42) -> -0.35893372 | U42: =IFERROR(IF(ISBLANK(INDIRECT("'"&$Q$2&"'!K"&ROW())),"",INDIRECT("'"&$Q$2&"'!K"&ROW())),"") -> -0.46370968 | V42: =IF(OR($K42="",$U42=""),"",$K42-$U42) -> 0.087769828 | W42: =IFERROR(IF(ISBLANK(INDIRECT("'"&$Q$2&"'!O"&ROW())),"",INDIRECT("'"&$Q$2&"'!O"&ROW())),"") -> 1 | X42: =IF(OR($O42="",$W42=""),"",$O42-$W42) -> 1
A43: Одноклассники | B43: Ямальский | C43: 43 | D43: 2452 | E43: =IF($D43="","",IFERROR(IF(ISBLANK(INDIRECT("'"&$Q$2&"'!D"&ROW())),"",INDIRECT("'"&$Q$2&"'!D"&ROW())),"")) -> 3667 | F43: =IF(OR(D43="",E43=""),"",D43-E43) -> -1215 | G43: =IFERROR(F43/E43,"") -> -0.33133352 | H43: 11 | I43: =IF($H43="","",IFERROR(IF(ISBLANK(INDIRECT("'"&$Q$2&"'!H"&ROW())),"",INDIRECT("'"&$Q$2&"'!H"&ROW())),"")) -> 25 | J43: =IF(OR(H43="",I43=""),"",H43-I43) -> -14 | K43: =IFERROR(J43/I43,"") -> -0.56 | L43: =IFERROR(D43/C43,"") -> 57.023256 | M43: =IFERROR(H43/D43*1000,"") -> 4.4861338 | N43: 1952 | O43: =IFERROR(IF(OR(N43="",ISBLANK(INDIRECT("'"&$Q$2&"'!N"&ROW()))),"",N43-INDIRECT("'"&$Q$2&"'!N"&ROW())),"") -> 0 | S43: =IFERROR(IF(ISBLANK(INDIRECT("'"&$Q$2&"'!G"&ROW())),"",INDIRECT("'"&$Q$2&"'!G"&ROW())),"") -> -0.27558277 | T43: =IF(OR($G43="",$S43=""),"",$G43-$S43) -> -0.055750742 | U43: =IFERROR(IF(ISBLANK(INDIRECT("'"&$Q$2&"'!K"&ROW())),"",INDIRECT("'"&$Q$2&"'!K"&ROW())),"") -> -0.56140351 | V43: =IF(OR($K43="",$U43=""),"",$K43-$U43) -> 0.0014035088 | W43: =IFERROR(IF(ISBLANK(INDIRECT("'"&$Q$2&"'!O"&ROW())),"",INDIRECT("'"&$Q$2&"'!O"&ROW())),"") -> 0 | X43: =IF(OR($O43="",$W43=""),"",$O43-$W43) -> 0
A44: Одноклассники | B44: Шурышкарский | E44: =IF($D44="","",IFERROR(IF(ISBLANK(INDIRECT("'"&$Q$2&"'!D"&ROW())),"",INDIRECT("'"&$Q$2&"'!D"&ROW())),"")) | F44: =IF(OR(D44="",E44=""),"",D44-E44) | G44: =IFERROR(F44/E44,"") | I44: =IF($H44="","",IFERROR(IF(ISBLANK(INDIRECT("'"&$Q$2&"'!H"&ROW())),"",INDIRECT("'"&$Q$2&"'!H"&ROW())),"")) | J44: =IF(OR(H44="",I44=""),"",H44-I44) | K44: =IFERROR(J44/I44,"") | L44: =IFERROR(D44/C44,"") | M44: =IFERROR(H44/D44*1000,"") | O44: =IFERROR(IF(OR(N44="",ISBLANK(INDIRECT("'"&$Q$2&"'!N"&ROW()))),"",N44-INDIRECT("'"&$Q$2&"'!N"&ROW())),"") | S44: =IFERROR(IF(ISBLANK(INDIRECT("'"&$Q$2&"'!G"&ROW())),"",INDIRECT("'"&$Q$2&"'!G"&ROW())),"") -> -0.51842024 | T44: =IF(OR($G44="",$S44=""),"",$G44-$S44) | U44: =IFERROR(IF(ISBLANK(INDIRECT("'"&$Q$2&"'!K"&ROW())),"",INDIRECT("'"&$Q$2&"'!K"&ROW())),"") -> -0.40669014 | V44: =IF(OR($K44="",$U44=""),"",$K44-$U44) | W44: =IFERROR(IF(ISBLANK(INDIRECT("'"&$Q$2&"'!O"&ROW())),"",INDIRECT("'"&$Q$2&"'!O"&ROW())),"") -> 5 | X44: =IF(OR($O44="",$W44=""),"",$O44-$W44)
A45: Одноклассники | B45: Муравленко | C45: 50 | D45: 14463 | E45: =IF($D45="","",IFERROR(IF(ISBLANK(INDIRECT("'"&$Q$2&"'!D"&ROW())),"",INDIRECT("'"&$Q$2&"'!D"&ROW())),"")) -> 21536 | F45: =IF(OR(D45="",E45=""),"",D45-E45) -> -7073 | G45: =IFERROR(F45/E45,"") -> -0.32842682 | H45: 201 | I45: =IF($H45="","",IFERROR(IF(ISBLANK(INDIRECT("'"&$Q$2&"'!H"&ROW())),"",INDIRECT("'"&$Q$2&"'!H"&ROW())),"")) -> 308 | J45: =IF(OR(H45="",I45=""),"",H45-I45) -> -107 | K45: =IFERROR(J45/I45,"") -> -0.3474026 | L45: =IFERROR(D45/C45,"") -> 289.26 | M45: =IFERROR(H45/D45*1000,"") -> 13.897532 | N45: 3747 | O45: =IFERROR(IF(OR(N45="",ISBLANK(INDIRECT("'"&$Q$2&"'!N"&ROW()))),"",N45-INDIRECT("'"&$Q$2&"'!N"&ROW())),"") -> 1 | S45: =IFERROR(IF(ISBLANK(INDIRECT("'"&$Q$2&"'!G"&ROW())),"",INDIRECT("'"&$Q$2&"'!G"&ROW())),"") -> 0.061880578 | T45: =IF(OR($G45="",$S45=""),"",$G45-$S45) -> -0.3903074 | U45: =IFERROR(IF(ISBLANK(INDIRECT("'"&$Q$2&"'!K"&ROW())),"",INDIRECT("'"&$Q$2&"'!K"&ROW())),"") -> -0.16531165 | V45: =IF(OR($K45="",$U45=""),"",$K45-$U45) -> -0.18209094 | W45: =IFERROR(IF(ISBLANK(INDIRECT("'"&$Q$2&"'!O"&ROW())),"",INDIRECT("'"&$Q$2&"'!O"&ROW())),"") -> 3 | X45: =IF(OR($O45="",$W45=""),"",$O45-$W45) -> -2
A46: Одноклассники | B46: Губкинский | C46: 62 | D46: 22558 | E46: =IF($D46="","",IFERROR(IF(ISBLANK(INDIRECT("'"&$Q$2&"'!D"&ROW())),"",INDIRECT("'"&$Q$2&"'!D"&ROW())),"")) -> 29521 | F46: =IF(OR(D46="",E46=""),"",D46-E46) -> -6963 | G46: =IFERROR(F46/E46,"") -> -0.23586599 | H46: 342 | I46: =IF($H46="","",IFERROR(IF(ISBLANK(INDIRECT("'"&$Q$2&"'!H"&ROW())),"",INDIRECT("'"&$Q$2&"'!H"&ROW())),"")) -> 351 | J46: =IF(OR(H46="",I46=""),"",H46-I46) -> -9 | K46: =IFERROR(J46/I46,"") -> -0.025641026 | L46: =IFERROR(D46/C46,"") -> 363.83871 | M46: =IFERROR(H46/D46*1000,"") -> 15.160919 | N46: 4507 | O46: =IFERROR(IF(OR(N46="",ISBLANK(INDIRECT("'"&$Q$2&"'!N"&ROW()))),"",N46-INDIRECT("'"&$Q$2&"'!N"&ROW())),"") -> 3 | S46: =IFERROR(IF(ISBLANK(INDIRECT("'"&$Q$2&"'!G"&ROW())),"",INDIRECT("'"&$Q$2&"'!G"&ROW())),"") -> 0.51265628 | T46: =IF(OR($G46="",$S46=""),"",$G46-$S46) -> -0.74852228 | U46: =IFERROR(IF(ISBLANK(INDIRECT("'"&$Q$2&"'!K"&ROW())),"",INDIRECT("'"&$Q$2&"'!K"&ROW())),"") -> 0.017391304 | V46: =IF(OR($K46="",$U46=""),"",$K46-$U46) -> -0.04303233 | W46: =IFERROR(IF(ISBLANK(INDIRECT("'"&$Q$2&"'!O"&ROW())),"",INDIRECT("'"&$Q$2&"'!O"&ROW())),"") -> 0 | X46: =IF(OR($O46="",$W46=""),"",$O46-$W46) -> 3
A47: Одноклассники | B47: Нярьяна Нгэрм | E47: =IF($D47="","",IFERROR(IF(ISBLANK(INDIRECT("'"&$Q$2&"'!D"&ROW())),"",INDIRECT("'"&$Q$2&"'!D"&ROW())),"")) | F47: =IF(OR(D47="",E47=""),"",D47-E47) | G47: =IFERROR(F47/E47,"") | I47: =IF($H47="","",IFERROR(IF(ISBLANK(INDIRECT("'"&$Q$2&"'!H"&ROW())),"",INDIRECT("'"&$Q$2&"'!H"&ROW())),"")) | J47: =IF(OR(H47="",I47=""),"",H47-I47) | K47: =IFERROR(J47/I47,"") | L47: =IFERROR(D47/C47,"") | M47: =IFERROR(H47/D47*1000,"") | O47: =IFERROR(IF(OR(N47="",ISBLANK(INDIRECT("'"&$Q$2&"'!N"&ROW()))),"",N47-INDIRECT("'"&$Q$2&"'!N"&ROW())),"") | S47: =IFERROR(IF(ISBLANK(INDIRECT("'"&$Q$2&"'!G"&ROW())),"",INDIRECT("'"&$Q$2&"'!G"&ROW())),"") -> 0.5045045 | T47: =IF(OR($G47="",$S47=""),"",$G47-$S47) | U47: =IFERROR(IF(ISBLANK(INDIRECT("'"&$Q$2&"'!K"&ROW())),"",INDIRECT("'"&$Q$2&"'!K"&ROW())),"") -> 0.071428571 | V47: =IF(OR($K47="",$U47=""),"",$K47-$U47) | W47: =IFERROR(IF(ISBLANK(INDIRECT("'"&$Q$2&"'!O"&ROW())),"",INDIRECT("'"&$Q$2&"'!O"&ROW())),"") -> 1 | X47: =IF(OR($O47="",$W47=""),"",$O47-$W47)
A48: Одноклассники | B48: Лух Авт | E48: =IF($D48="","",IFERROR(IF(ISBLANK(INDIRECT("'"&$Q$2&"'!D"&ROW())),"",INDIRECT("'"&$Q$2&"'!D"&ROW())),"")) | F48: =IF(OR(D48="",E48=""),"",D48-E48) | G48: =IFERROR(F48/E48,"") | I48: =IF($H48="","",IFERROR(IF(ISBLANK(INDIRECT("'"&$Q$2&"'!H"&ROW())),"",INDIRECT("'"&$Q$2&"'!H"&ROW())),"")) | J48: =IF(OR(H48="",I48=""),"",H48-I48) | K48: =IFERROR(J48/I48,"") | L48: =IFERROR(D48/C48,"") | M48: =IFERROR(H48/D48*1000,"") | O48: =IFERROR(IF(OR(N48="",ISBLANK(INDIRECT("'"&$Q$2&"'!N"&ROW()))),"",N48-INDIRECT("'"&$Q$2&"'!N"&ROW())),"") | S48: =IFERROR(IF(ISBLANK(INDIRECT("'"&$Q$2&"'!G"&ROW())),"",INDIRECT("'"&$Q$2&"'!G"&ROW())),"") -> -0.19645293 | T48: =IF(OR($G48="",$S48=""),"",$G48-$S48) | U48: =IFERROR(IF(ISBLANK(INDIRECT("'"&$Q$2&"'!K"&ROW())),"",INDIRECT("'"&$Q$2&"'!K"&ROW())),"") -> 0.36893204 | V48: =IF(OR($K48="",$U48=""),"",$K48-$U48) | W48: =IFERROR(IF(ISBLANK(INDIRECT("'"&$Q$2&"'!O"&ROW())),"",INDIRECT("'"&$Q$2&"'!O"&ROW())),"") -> 3 | X48: =IF(OR($O48="",$W48=""),"",$O48-$W48)
A49: Одноклассники | B49: МК-Ямал | C49: 214 | D49: 10157 | E49: =IF($D49="","",IFERROR(IF(ISBLANK(INDIRECT("'"&$Q$2&"'!D"&ROW())),"",INDIRECT("'"&$Q$2&"'!D"&ROW())),"")) -> 7973 | F49: =IF(OR(D49="",E49=""),"",D49-E49) -> 2184 | G49: =IFERROR(F49/E49,"") -> 0.2739245 | H49: 1 | I49: =IF($H49="","",IFERROR(IF(ISBLANK(INDIRECT("'"&$Q$2&"'!H"&ROW())),"",INDIRECT("'"&$Q$2&"'!H"&ROW())),"")) -> 2 | J49: =IF(OR(H49="",I49=""),"",H49-I49) -> -1 | K49: =IFERROR(J49/I49,"") -> -0.5 | L49: =IFERROR(D49/C49,"") -> 47.462617 | M49: =IFERROR(H49/D49*1000,"") -> 0.098454268 | N49: 4820 | O49: =IFERROR(IF(OR(N49="",ISBLANK(INDIRECT("'"&$Q$2&"'!N"&ROW()))),"",N49-INDIRECT("'"&$Q$2&"'!N"&ROW())),"") -> 0 | S49: =IFERROR(IF(ISBLANK(INDIRECT("'"&$Q$2&"'!G"&ROW())),"",INDIRECT("'"&$Q$2&"'!G"&ROW())),"") -> 0.25955766 | T49: =IF(OR($G49="",$S49=""),"",$G49-$S49) -> 0.014366833 | U49: =IFERROR(IF(ISBLANK(INDIRECT("'"&$Q$2&"'!K"&ROW())),"",INDIRECT("'"&$Q$2&"'!K"&ROW())),"") -> 0 | V49: =IF(OR($K49="",$U49=""),"",$K49-$U49) -> -0.5 | W49: =IFERROR(IF(ISBLANK(INDIRECT("'"&$Q$2&"'!O"&ROW())),"",INDIRECT("'"&$Q$2&"'!O"&ROW())),"") -> 3 | X49: =IF(OR($O49="",$W49=""),"",$O49-$W49) -> -3
A50: Одноклассники | B50: Морошка | E50: =IF($D50="","",IFERROR(IF(ISBLANK(INDIRECT("'"&$Q$2&"'!D"&ROW())),"",INDIRECT("'"&$Q$2&"'!D"&ROW())),"")) | F50: =IF(OR(D50="",E50=""),"",D50-E50) | G50: =IFERROR(F50/E50,"") | I50: =IF($H50="","",IFERROR(IF(ISBLANK(INDIRECT("'"&$Q$2&"'!H"&ROW())),"",INDIRECT("'"&$Q$2&"'!H"&ROW())),"")) | J50: =IF(OR(H50="",I50=""),"",H50-I50) | K50: =IFERROR(J50/I50,"") | L50: =IFERROR(D50/C50,"") | M50: =IFERROR(H50/D50*1000,"") | O50: =IFERROR(IF(OR(N50="",ISBLANK(INDIRECT("'"&$Q$2&"'!N"&ROW()))),"",N50-INDIRECT("'"&$Q$2&"'!N"&ROW())),"") | S50: =IFERROR(IF(ISBLANK(INDIRECT("'"&$Q$2&"'!G"&ROW())),"",INDIRECT("'"&$Q$2&"'!G"&ROW())),"") -> 3.037037 | T50: =IF(OR($G50="",$S50=""),"",$G50-$S50) | U50: =IFERROR(IF(ISBLANK(INDIRECT("'"&$Q$2&"'!K"&ROW())),"",INDIRECT("'"&$Q$2&"'!K"&ROW())),"") -> -0.25 | V50: =IF(OR($K50="",$U50=""),"",$K50-$U50) | W50: =IFERROR(IF(ISBLANK(INDIRECT("'"&$Q$2&"'!O"&ROW())),"",INDIRECT("'"&$Q$2&"'!O"&ROW())),"") -> 0 | X50: =IF(OR($O50="",$W50=""),"",$O50-$W50)
B51: Итого Одноклассники | C51: =SUM(C31:C50) -> 1190 | D51: =SUM(D31:D50) -> 177893 | E51: =SUM(E31:E50) -> 210483 | F51: =SUM(F31:F50) -> -32590 | G51: =IF(C51=0,"",IFERROR(F51/E51,"")) -> -0.15483436 | H51: =SUM(H31:H50) -> 1166 | I51: =SUM(I31:I50) -> 1421 | J51: =SUM(J31:J50) -> -255 | K51: =IF(C51=0,"",IFERROR(J51/I51,"")) -> -0.17945109 | L51: =IFERROR(D51/C51,"") -> 149.48992 | M51: =IFERROR(H51/D51*1000,"") -> 6.5545019 | N51: =SUM(N31:N50) -> 89518 | O51: =SUM(O31:O50) -> 14 | S51: =IFERROR(IF(ISBLANK(INDIRECT("'"&$Q$2&"'!G"&ROW())),"",INDIRECT("'"&$Q$2&"'!G"&ROW())),"") -> -0.47715808 | T51: =IF(OR($G51="",$S51=""),"",$G51-$S51) -> 0.32232372 | U51: =IFERROR(IF(ISBLANK(INDIRECT("'"&$Q$2&"'!K"&ROW())),"",INDIRECT("'"&$Q$2&"'!K"&ROW())),"") -> -0.24364766 | V51: =IF(OR($K51="",$U51=""),"",$K51-$U51) -> 0.064196566 | W51: =IFERROR(IF(ISBLANK(INDIRECT("'"&$Q$2&"'!O"&ROW())),"",INDIRECT("'"&$Q$2&"'!O"&ROW())),"") -> 48 | X51: =IF(OR(C51=0,$O51="",$W51=""),"",$O51-$W51) -> -34
A52: Telegram | B52: Ямал-Медиа | C52: 141 | D52: 86846 | E52: =IF($D52="","",IFERROR(IF(ISBLANK(INDIRECT("'"&$Q$2&"'!D"&ROW())),"",INDIRECT("'"&$Q$2&"'!D"&ROW())),"")) -> 41618 | F52: =IF(OR(D52="",E52=""),"",D52-E52) -> 45228 | G52: =IFERROR(F52/E52,"") -> 1.0867413 | H52: 262 | I52: =IF($H52="","",IFERROR(IF(ISBLANK(INDIRECT("'"&$Q$2&"'!H"&ROW())),"",INDIRECT("'"&$Q$2&"'!H"&ROW())),"")) -> 257 | J52: =IF(OR(H52="",I52=""),"",H52-I52) -> 5 | K52: =IFERROR(J52/I52,"") -> 0.019455253 | L52: =IFERROR(D52/C52,"") -> 615.92908 | M52: =IFERROR(H52/D52*1000,"") -> 3.0168344 | N52: 11764 | O52: =IFERROR(IF(OR(N52="",ISBLANK(INDIRECT("'"&$Q$2&"'!N"&ROW()))),"",N52-INDIRECT("'"&$Q$2&"'!N"&ROW())),"") -> -25 | S52: =IFERROR(IF(ISBLANK(INDIRECT("'"&$Q$2&"'!G"&ROW())),"",INDIRECT("'"&$Q$2&"'!G"&ROW())),"") -> -0.46944239 | T52: =IF(OR($G52="",$S52=""),"",$G52-$S52) -> 1.5561837 | U52: =IFERROR(IF(ISBLANK(INDIRECT("'"&$Q$2&"'!K"&ROW())),"",INDIRECT("'"&$Q$2&"'!K"&ROW())),"") -> -0.29781421 | V52: =IF(OR($K52="",$U52=""),"",$K52-$U52) -> 0.31726946 | W52: =IFERROR(IF(ISBLANK(INDIRECT("'"&$Q$2&"'!O"&ROW())),"",INDIRECT("'"&$Q$2&"'!O"&ROW())),"") -> -22 | X52: =IF(OR($O52="",$W52=""),"",$O52-$W52) -> -3
A53: Telegram | B53: Север-Пресс | C53: 135 | D53: 15751 | E53: =IF($D53="","",IFERROR(IF(ISBLANK(INDIRECT("'"&$Q$2&"'!D"&ROW())),"",INDIRECT("'"&$Q$2&"'!D"&ROW())),"")) -> 34910 | F53: =IF(OR(D53="",E53=""),"",D53-E53) -> -19159 | G53: =IFERROR(F53/E53,"") -> -0.54881123 | H53: 58 | I53: =IF($H53="","",IFERROR(IF(ISBLANK(INDIRECT("'"&$Q$2&"'!H"&ROW())),"",INDIRECT("'"&$Q$2&"'!H"&ROW())),"")) -> 41 | J53: =IF(OR(H53="",I53=""),"",H53-I53) -> 17 | K53: =IFERROR(J53/I53,"") -> 0.41463415 | L53: =IFERROR(D53/C53,"") -> 116.67407 | M53: =IFERROR(H53/D53*1000,"") -> 3.6823059 | N53: 4811 | O53: =IFERROR(IF(OR(N53="",ISBLANK(INDIRECT("'"&$Q$2&"'!N"&ROW()))),"",N53-INDIRECT("'"&$Q$2&"'!N"&ROW())),"") -> -6 | S53: =IFERROR(IF(ISBLANK(INDIRECT("'"&$Q$2&"'!G"&ROW())),"",INDIRECT("'"&$Q$2&"'!G"&ROW())),"") -> 0.94311477 | T53: =IF(OR($G53="",$S53=""),"",$G53-$S53) -> -1.491926 | U53: =IFERROR(IF(ISBLANK(INDIRECT("'"&$Q$2&"'!K"&ROW())),"",INDIRECT("'"&$Q$2&"'!K"&ROW())),"") -> -0.18 | V53: =IF(OR($K53="",$U53=""),"",$K53-$U53) -> 0.59463415 | W53: =IFERROR(IF(ISBLANK(INDIRECT("'"&$Q$2&"'!O"&ROW())),"",INDIRECT("'"&$Q$2&"'!O"&ROW())),"") -> 2 | X53: =IF(OR($O53="",$W53=""),"",$O53-$W53) -> -8
A54: Telegram | B54: Красный Север | C54: 85 | D54: 2041 | E54: =IF($D54="","",IFERROR(IF(ISBLANK(INDIRECT("'"&$Q$2&"'!D"&ROW())),"",INDIRECT("'"&$Q$2&"'!D"&ROW())),"")) -> 2614 | F54: =IF(OR(D54="",E54=""),"",D54-E54) -> -573 | G54: =IFERROR(F54/E54,"") -> -0.21920428 | H54: 2 | I54: =IF($H54="","",IFERROR(IF(ISBLANK(INDIRECT("'"&$Q$2&"'!H"&ROW())),"",INDIRECT("'"&$Q$2&"'!H"&ROW())),"")) -> 1 | J54: =IF(OR(H54="",I54=""),"",H54-I54) -> 1 | K54: =IFERROR(J54/I54,"") -> 1 | L54: =IFERROR(D54/C54,"") -> 24.011765 | M54: =IFERROR(H54/D54*1000,"") -> 0.97991181 | N54: 870 | O54: =IFERROR(IF(OR(N54="",ISBLANK(INDIRECT("'"&$Q$2&"'!N"&ROW()))),"",N54-INDIRECT("'"&$Q$2&"'!N"&ROW())),"") -> -3 | S54: =IFERROR(IF(ISBLANK(INDIRECT("'"&$Q$2&"'!G"&ROW())),"",INDIRECT("'"&$Q$2&"'!G"&ROW())),"") -> 0.12478485 | T54: =IF(OR($G54="",$S54=""),"",$G54-$S54) -> -0.34398914 | U54: =IFERROR(IF(ISBLANK(INDIRECT("'"&$Q$2&"'!K"&ROW())),"",INDIRECT("'"&$Q$2&"'!K"&ROW())),"") -> -0.5 | V54: =IF(OR($K54="",$U54=""),"",$K54-$U54) -> 1.5 | W54: =IFERROR(IF(ISBLANK(INDIRECT("'"&$Q$2&"'!O"&ROW())),"",INDIRECT("'"&$Q$2&"'!O"&ROW())),"") -> -3 | X54: =IF(OR($O54="",$W54=""),"",$O54-$W54) -> 0
A55: Telegram | B55: СМП | C55: 8 | D55: 6440 | E55: =IF($D55="","",IFERROR(IF(ISBLANK(INDIRECT("'"&$Q$2&"'!D"&ROW())),"",INDIRECT("'"&$Q$2&"'!D"&ROW())),"")) -> 34446 | F55: =IF(OR(D55="",E55=""),"",D55-E55) -> -28006 | G55: =IFERROR(F55/E55,"") -> -0.8130407 | H55: 59 | I55: =IF($H55="","",IFERROR(IF(ISBLANK(INDIRECT("'"&$Q$2&"'!H"&ROW())),"",INDIRECT("'"&$Q$2&"'!H"&ROW())),"")) -> 28 | J55: =IF(OR(H55="",I55=""),"",H55-I55) -> 31 | K55: =IFERROR(J55/I55,"") -> 1.1071429 | L55: =IFERROR(D55/C55,"") -> 805 | M55: =IFERROR(H55/D55*1000,"") -> 9.1614907 | N55: 13799 | O55: =IFERROR(IF(OR(N55="",ISBLANK(INDIRECT("'"&$Q$2&"'!N"&ROW()))),"",N55-INDIRECT("'"&$Q$2&"'!N"&ROW())),"") -> -20 | S55: =IFERROR(IF(ISBLANK(INDIRECT("'"&$Q$2&"'!G"&ROW())),"",INDIRECT("'"&$Q$2&"'!G"&ROW())),"") -> 0.35603496 | T55: =IF(OR($G55="",$S55=""),"",$G55-$S55) -> -1.1690757 | U55: =IFERROR(IF(ISBLANK(INDIRECT("'"&$Q$2&"'!K"&ROW())),"",INDIRECT("'"&$Q$2&"'!K"&ROW())),"") -> -0.096774194 | V55: =IF(OR($K55="",$U55=""),"",$K55-$U55) -> 1.2039171 | W55: =IFERROR(IF(ISBLANK(INDIRECT("'"&$Q$2&"'!O"&ROW())),"",INDIRECT("'"&$Q$2&"'!O"&ROW())),"") -> -16 | X55: =IF(OR($O55="",$W55=""),"",$O55-$W55) -> -4
A56: Telegram | B56: СШХ | C56: 8 | D56: 2278 | E56: =IF($D56="","",IFERROR(IF(ISBLANK(INDIRECT("'"&$Q$2&"'!D"&ROW())),"",INDIRECT("'"&$Q$2&"'!D"&ROW())),"")) -> 1684 | F56: =IF(OR(D56="",E56=""),"",D56-E56) -> 594 | G56: =IFERROR(F56/E56,"") -> 0.35273159 | H56: 12 | I56: =IF($H56="","",IFERROR(IF(ISBLANK(INDIRECT("'"&$Q$2&"'!H"&ROW())),"",INDIRECT("'"&$Q$2&"'!H"&ROW())),"")) -> 10 | J56: =IF(OR(H56="",I56=""),"",H56-I56) -> 2 | K56: =IFERROR(J56/I56,"") -> 0.2 | L56: =IFERROR(D56/C56,"") -> 284.75 | M56: =IFERROR(H56/D56*1000,"") -> 5.2677788 | N56: 8658 | O56: =IFERROR(IF(OR(N56="",ISBLANK(INDIRECT("'"&$Q$2&"'!N"&ROW()))),"",N56-INDIRECT("'"&$Q$2&"'!N"&ROW())),"") -> -2 | S56: =IFERROR(IF(ISBLANK(INDIRECT("'"&$Q$2&"'!G"&ROW())),"",INDIRECT("'"&$Q$2&"'!G"&ROW())),"") -> 3.2632911 | T56: =IF(OR($G56="",$S56=""),"",$G56-$S56) -> -2.9105595 | U56: =IFERROR(IF(ISBLANK(INDIRECT("'"&$Q$2&"'!K"&ROW())),"",INDIRECT("'"&$Q$2&"'!K"&ROW())),"") -> -0.33333333 | V56: =IF(OR($K56="",$U56=""),"",$K56-$U56) -> 0.53333333 | W56: =IFERROR(IF(ISBLANK(INDIRECT("'"&$Q$2&"'!O"&ROW())),"",INDIRECT("'"&$Q$2&"'!O"&ROW())),"") -> -4 | X56: =IF(OR($O56="",$W56=""),"",$O56-$W56) -> 2
A57: Telegram | B57: Новый Уренгой | C57: 104 | D57: 63521 | E57: =IF($D57="","",IFERROR(IF(ISBLANK(INDIRECT("'"&$Q$2&"'!D"&ROW())),"",INDIRECT("'"&$Q$2&"'!D"&ROW())),"")) -> 80456 | F57: =IF(OR(D57="",E57=""),"",D57-E57) -> -16935 | G57: =IFERROR(F57/E57,"") -> -0.21048772 | H57: 249 | I57: =IF($H57="","",IFERROR(IF(ISBLANK(INDIRECT("'"&$Q$2&"'!H"&ROW())),"",INDIRECT("'"&$Q$2&"'!H"&ROW())),"")) -> 347 | J57: =IF(OR(H57="",I57=""),"",H57-I57) -> -98 | K57: =IFERROR(J57/I57,"") -> -0.28242075 | L57: =IFERROR(D57/C57,"") -> 610.77885 | M57: =IFERROR(H57/D57*1000,"") -> 3.9199635 | N57: 10881 | O57: =IFERROR(IF(OR(N57="",ISBLANK(INDIRECT("'"&$Q$2&"'!N"&ROW()))),"",N57-INDIRECT("'"&$Q$2&"'!N"&ROW())),"") -> -31 | S57: =IFERROR(IF(ISBLANK(INDIRECT("'"&$Q$2&"'!G"&ROW())),"",INDIRECT("'"&$Q$2&"'!G"&ROW())),"") -> -0.31016625 | T57: =IF(OR($G57="",$S57=""),"",$G57-$S57) -> 0.099678531 | U57: =IFERROR(IF(ISBLANK(INDIRECT("'"&$Q$2&"'!K"&ROW())),"",INDIRECT("'"&$Q$2&"'!K"&ROW())),"") -> -0.38365897 | V57: =IF(OR($K57="",$U57=""),"",$K57-$U57) -> 0.10123822 | W57: =IFERROR(IF(ISBLANK(INDIRECT("'"&$Q$2&"'!O"&ROW())),"",INDIRECT("'"&$Q$2&"'!O"&ROW())),"") -> -16 | X57: =IF(OR($O57="",$W57=""),"",$O57-$W57) -> -15
A58: Telegram | B58: Надым | C58: 93 | D58: 21693 | E58: =IF($D58="","",IFERROR(IF(ISBLANK(INDIRECT("'"&$Q$2&"'!D"&ROW())),"",INDIRECT("'"&$Q$2&"'!D"&ROW())),"")) -> 24487 | F58: =IF(OR(D58="",E58=""),"",D58-E58) -> -2794 | G58: =IFERROR(F58/E58,"") -> -0.11410136 | H58: 359 | I58: =IF($H58="","",IFERROR(IF(ISBLANK(INDIRECT("'"&$Q$2&"'!H"&ROW())),"",INDIRECT("'"&$Q$2&"'!H"&ROW())),"")) -> 280 | J58: =IF(OR(H58="",I58=""),"",H58-I58) -> 79 | K58: =IFERROR(J58/I58,"") -> 0.28214286 | L58: =IFERROR(D58/C58,"") -> 233.25806 | M58: =IFERROR(H58/D58*1000,"") -> 16.549117 | N58: 4101 | O58: =IFERROR(IF(OR(N58="",ISBLANK(INDIRECT("'"&$Q$2&"'!N"&ROW()))),"",N58-INDIRECT("'"&$Q$2&"'!N"&ROW())),"") -> -8 | S58: =IFERROR(IF(ISBLANK(INDIRECT("'"&$Q$2&"'!G"&ROW())),"",INDIRECT("'"&$Q$2&"'!G"&ROW())),"") -> 0.1282772 | T58: =IF(OR($G58="",$S58=""),"",$G58-$S58) -> -0.24237856 | U58: =IFERROR(IF(ISBLANK(INDIRECT("'"&$Q$2&"'!K"&ROW())),"",INDIRECT("'"&$Q$2&"'!K"&ROW())),"") -> -0.044368601 | V58: =IF(OR($K58="",$U58=""),"",$K58-$U58) -> 0.32651146 | W58: =IFERROR(IF(ISBLANK(INDIRECT("'"&$Q$2&"'!O"&ROW())),"",INDIRECT("'"&$Q$2&"'!O"&ROW())),"") -> -11 | X58: =IF(OR($O58="",$W58=""),"",$O58-$W58) -> 3
A59: Telegram | B59: Ноябрьск | C59: 101 | D59: 33790 | E59: =IF($D59="","",IFERROR(IF(ISBLANK(INDIRECT("'"&$Q$2&"'!D"&ROW())),"",INDIRECT("'"&$Q$2&"'!D"&ROW())),"")) -> 37935 | F59: =IF(OR(D59="",E59=""),"",D59-E59) -> -4145 | G59: =IFERROR(F59/E59,"") -> -0.10926585 | H59: 258 | I59: =IF($H59="","",IFERROR(IF(ISBLANK(INDIRECT("'"&$Q$2&"'!H"&ROW())),"",INDIRECT("'"&$Q$2&"'!H"&ROW())),"")) -> 235 | J59: =IF(OR(H59="",I59=""),"",H59-I59) -> 23 | K59: =IFERROR(J59/I59,"") -> 0.09787234 | L59: =IFERROR(D59/C59,"") -> 334.55446 | M59: =IFERROR(H59/D59*1000,"") -> 7.6353951 | N59: 5519 | O59: =IFERROR(IF(OR(N59="",ISBLANK(INDIRECT("'"&$Q$2&"'!N"&ROW()))),"",N59-INDIRECT("'"&$Q$2&"'!N"&ROW())),"") -> -8 | S59: =IFERROR(IF(ISBLANK(INDIRECT("'"&$Q$2&"'!G"&ROW())),"",INDIRECT("'"&$Q$2&"'!G"&ROW())),"") -> 0.074371973 | T59: =IF(OR($G59="",$S59=""),"",$G59-$S59) -> -0.18363782 | U59: =IFERROR(IF(ISBLANK(INDIRECT("'"&$Q$2&"'!K"&ROW())),"",INDIRECT("'"&$Q$2&"'!K"&ROW())),"") -> -0.12639405 | V59: =IF(OR($K59="",$U59=""),"",$K59-$U59) -> 0.22426639 | W59: =IFERROR(IF(ISBLANK(INDIRECT("'"&$Q$2&"'!O"&ROW())),"",INDIRECT("'"&$Q$2&"'!O"&ROW())),"") -> -22 | X59: =IF(OR($O59="",$W59=""),"",$O59-$W59) -> 14
A60: Telegram | B60: Салехард | C60: 138 | D60: 61713 | E60: =IF($D60="","",IFERROR(IF(ISBLANK(INDIRECT("'"&$Q$2&"'!D"&ROW())),"",INDIRECT("'"&$Q$2&"'!D"&ROW())),"")) -> 65888 | F60: =IF(OR(D60="",E60=""),"",D60-E60) -> -4175 | G60: =IFERROR(F60/E60,"") -> -0.063365104 | H60: 260 | I60: =IF($H60="","",IFERROR(IF(ISBLANK(INDIRECT("'"&$Q$2&"'!H"&ROW())),"",INDIRECT("'"&$Q$2&"'!H"&ROW())),"")) -> 167 | J60: =IF(OR(H60="",I60=""),"",H60-I60) -> 93 | K60: =IFERROR(J60/I60,"") -> 0.55688623 | L60: =IFERROR(D60/C60,"") -> 447.19565 | M60: =IFERROR(H60/D60*1000,"") -> 4.2130507 | N60: 10403 | O60: =IFERROR(IF(OR(N60="",ISBLANK(INDIRECT("'"&$Q$2&"'!N"&ROW()))),"",N60-INDIRECT("'"&$Q$2&"'!N"&ROW())),"") -> -19 | S60: =IFERROR(IF(ISBLANK(INDIRECT("'"&$Q$2&"'!G"&ROW())),"",INDIRECT("'"&$Q$2&"'!G"&ROW())),"") -> -0.08279971 | T60: =IF(OR($G60="",$S60=""),"",$G60-$S60) -> 0.019434606 | U60: =IFERROR(IF(ISBLANK(INDIRECT("'"&$Q$2&"'!K"&ROW())),"",INDIRECT("'"&$Q$2&"'!K"&ROW())),"") -> -0.37453184 | V60: =IF(OR($K60="",$U60=""),"",$K60-$U60) -> 0.93141806 | W60: =IFERROR(IF(ISBLANK(INDIRECT("'"&$Q$2&"'!O"&ROW())),"",INDIRECT("'"&$Q$2&"'!O"&ROW())),"") -> -25 | X60: =IF(OR($O60="",$W60=""),"",$O60-$W60) -> 6
A61: Telegram | B61: Приуралье | C61: 112 | D61: 13926 | E61: =IF($D61="","",IFERROR(IF(ISBLANK(INDIRECT("'"&$Q$2&"'!D"&ROW())),"",INDIRECT("'"&$Q$2&"'!D"&ROW())),"")) -> 42793 | F61: =IF(OR(D61="",E61=""),"",D61-E61) -> -28867 | G61: =IFERROR(F61/E61,"") -> -0.67457294 | H61: 164 | I61: =IF($H61="","",IFERROR(IF(ISBLANK(INDIRECT("'"&$Q$2&"'!H"&ROW())),"",INDIRECT("'"&$Q$2&"'!H"&ROW())),"")) -> 131 | J61: =IF(OR(H61="",I61=""),"",H61-I61) -> 33 | K61: =IFERROR(J61/I61,"") -> 0.2519084 | L61: =IFERROR(D61/C61,"") -> 124.33929 | M61: =IFERROR(H61/D61*1000,"") -> 11.776533 | N61: 2312 | O61: =IFERROR(IF(OR(N61="",ISBLANK(INDIRECT("'"&$Q$2&"'!N"&ROW()))),"",N61-INDIRECT("'"&$Q$2&"'!N"&ROW())),"") -> -5 | S61: =IFERROR(IF(ISBLANK(INDIRECT("'"&$Q$2&"'!G"&ROW())),"",INDIRECT("'"&$Q$2&"'!G"&ROW())),"") -> 3.183089 | T61: =IF(OR($G61="",$S61=""),"",$G61-$S61) -> -3.8576619 | U61: =IFERROR(IF(ISBLANK(INDIRECT("'"&$Q$2&"'!K"&ROW())),"",INDIRECT("'"&$Q$2&"'!K"&ROW())),"") -> 0.48863636 | V61: =IF(OR($K61="",$U61=""),"",$K61-$U61) -> -0.23672797 | W61: =IFERROR(IF(ISBLANK(INDIRECT("'"&$Q$2&"'!O"&ROW())),"",INDIRECT("'"&$Q$2&"'!O"&ROW())),"") -> -2 | X61: =IF(OR($O61="",$W61=""),"",$O61-$W61) -> -3
A62: Telegram | B62: Лабытнанги | C62: 65 | D62: 5247 | E62: =IF($D62="","",IFERROR(IF(ISBLANK(INDIRECT("'"&$Q$2&"'!D"&ROW())),"",INDIRECT("'"&$Q$2&"'!D"&ROW())),"")) -> 6106 | F62: =IF(OR(D62="",E62=""),"",D62-E62) -> -859 | G62: =IFERROR(F62/E62,"") -> -0.1406813 | H62: 18 | I62: =IF($H62="","",IFERROR(IF(ISBLANK(INDIRECT("'"&$Q$2&"'!H"&ROW())),"",INDIRECT("'"&$Q$2&"'!H"&ROW())),"")) -> 43 | J62: =IF(OR(H62="",I62=""),"",H62-I62) -> -25 | K62: =IFERROR(J62/I62,"") -> -0.58139535 | L62: =IFERROR(D62/C62,"") -> 80.723077 | M62: =IFERROR(H62/D62*1000,"") -> 3.4305317 | N62: 1372 | O62: =IFERROR(IF(OR(N62="",ISBLANK(INDIRECT("'"&$Q$2&"'!N"&ROW()))),"",N62-INDIRECT("'"&$Q$2&"'!N"&ROW())),"") -> -4 | S62: =IFERROR(IF(ISBLANK(INDIRECT("'"&$Q$2&"'!G"&ROW())),"",INDIRECT("'"&$Q$2&"'!G"&ROW())),"") -> 0.57411704 | T62: =IF(OR($G62="",$S62=""),"",$G62-$S62) -> -0.71479834 | U62: =IFERROR(IF(ISBLANK(INDIRECT("'"&$Q$2&"'!K"&ROW())),"",INDIRECT("'"&$Q$2&"'!K"&ROW())),"") -> -0.42666667 | V62: =IF(OR($K62="",$U62=""),"",$K62-$U62) -> -0.15472868 | W62: =IFERROR(IF(ISBLANK(INDIRECT("'"&$Q$2&"'!O"&ROW())),"",INDIRECT("'"&$Q$2&"'!O"&ROW())),"") -> -6 | X62: =IF(OR($O62="",$W62=""),"",$O62-$W62) -> 2
A63: Telegram | B63: Пуровский | C63: 58 | D63: 19689 | E63: =IF($D63="","",IFERROR(IF(ISBLANK(INDIRECT("'"&$Q$2&"'!D"&ROW())),"",INDIRECT("'"&$Q$2&"'!D"&ROW())),"")) -> 26252 | F63: =IF(OR(D63="",E63=""),"",D63-E63) -> -6563 | G63: =IFERROR(F63/E63,"") -> -0.25 | H63: 58 | I63: =IF($H63="","",IFERROR(IF(ISBLANK(INDIRECT("'"&$Q$2&"'!H"&ROW())),"",INDIRECT("'"&$Q$2&"'!H"&ROW())),"")) -> 80 | J63: =IF(OR(H63="",I63=""),"",H63-I63) -> -22 | K63: =IFERROR(J63/I63,"") -> -0.275 | L63: =IFERROR(D63/C63,"") -> 339.46552 | M63: =IFERROR(H63/D63*1000,"") -> 2.9458073 | N63: 5634 | O63: =IFERROR(IF(OR(N63="",ISBLANK(INDIRECT("'"&$Q$2&"'!N"&ROW()))),"",N63-INDIRECT("'"&$Q$2&"'!N"&ROW())),"") -> -23 | S63: =IFERROR(IF(ISBLANK(INDIRECT("'"&$Q$2&"'!G"&ROW())),"",INDIRECT("'"&$Q$2&"'!G"&ROW())),"") -> 0.19484775 | T63: =IF(OR($G63="",$S63=""),"",$G63-$S63) -> -0.44484775 | U63: =IFERROR(IF(ISBLANK(INDIRECT("'"&$Q$2&"'!K"&ROW())),"",INDIRECT("'"&$Q$2&"'!K"&ROW())),"") -> -0.29824561 | V63: =IF(OR($K63="",$U63=""),"",$K63-$U63) -> 0.023245614 | W63: =IFERROR(IF(ISBLANK(INDIRECT("'"&$Q$2&"'!O"&ROW())),"",INDIRECT("'"&$Q$2&"'!O"&ROW())),"") -> -9 | X63: =IF(OR($O63="",$W63=""),"",$O63-$W63) -> -14
... A73: Telegram | B73: Морошка | C73: 7 | D73: 1846 | E73: =IF($D73="","",IFERROR(IF(ISBLANK(INDIRECT("'"&$Q$2&"'!D"&ROW())),"",INDIRECT("'"&$Q$2&"'!D"&ROW())),"")) -> 826 | F73: =IF(OR(D73="",E73=""),"",D73-E73) -> 1020 | G73: =IFERROR(F73/E73,"") -> 1.2348668 | H73: 41 | I73: =IF($H73="","",IFERROR(IF(ISBLANK(INDIRECT("'"&$Q$2&"'!H"&ROW())),"",INDIRECT("'"&$Q$2&"'!H"&ROW())),"")) -> 14 | J73: =IF(OR(H73="",I73=""),"",H73-I73) -> 27 | K73: =IFERROR(J73/I73,"") -> 1.9285714 | L73: =IFERROR(D73/C73,"") -> 263.71429 | M73: =IFERROR(H73/D73*1000,"") -> 22.210184 | N73: 57 | O73: =IFERROR(IF(OR(N73="",ISBLANK(INDIRECT("'"&$Q$2&"'!N"&ROW()))),"",N73-INDIRECT("'"&$Q$2&"'!N"&ROW())),"") -> 3 | S73: =IFERROR(IF(ISBLANK(INDIRECT("'"&$Q$2&"'!G"&ROW())),"",INDIRECT("'"&$Q$2&"'!G"&ROW())),"") -> 5.8833333 | T73: =IF(OR($G73="",$S73=""),"",$G73-$S73) -> -4.6484665 | U73: =IFERROR(IF(ISBLANK(INDIRECT("'"&$Q$2&"'!K"&ROW())),"",INDIRECT("'"&$Q$2&"'!K"&ROW())),"") -> -0.22222222 | V73: =IF(OR($K73="",$U73=""),"",$K73-$U73) -> 2.1507937 | W73: =IFERROR(IF(ISBLANK(INDIRECT("'"&$Q$2&"'!O"&ROW())),"",INDIRECT("'"&$Q$2&"'!O"&ROW())),"") -> 1 | X73: =IF(OR($O73="",$W73=""),"",$O73-$W73) -> 2
B74: Итого Telegram | C74: =SUM(C52:C73) -> 1665 | D74: =SUM(D52:D73) -> 419798 | E74: =SUM(E52:E73) -> 485768 | F74: =SUM(F52:F73) -> -65970 | G74: =IF(C74=0,"",IFERROR(F74/E74,"")) -> -0.13580557 | H74: =SUM(H52:H73) -> 2673 | I74: =SUM(I52:I73) -> 2618 | J74: =SUM(J52:J73) -> 55 | K74: =IF(C74=0,"",IFERROR(J74/I74,"")) -> 0.021008403 | L74: =IFERROR(D74/C74,"") -> 252.13093 | M74: =IFERROR(H74/D74*1000,"") -> 6.3673481 | N74: =SUM(N52:N73) -> 98109 | O74: =SUM(O52:O73) -> -210 | S74: =IFERROR(IF(ISBLANK(INDIRECT("'"&$Q$2&"'!G"&ROW())),"",INDIRECT("'"&$Q$2&"'!G"&ROW())),"") -> 0.018439199 | T74: =IF(OR($G74="",$S74=""),"",$G74-$S74) -> -0.15424477 | U74: =IFERROR(IF(ISBLANK(INDIRECT("'"&$Q$2&"'!K"&ROW())),"",INDIRECT("'"&$Q$2&"'!K"&ROW())),"") -> -0.18059468 | V74: =IF(OR($K74="",$U74=""),"",$K74-$U74) -> 0.20160308 | W74: =IFERROR(IF(ISBLANK(INDIRECT("'"&$Q$2&"'!O"&ROW())),"",INDIRECT("'"&$Q$2&"'!O"&ROW())),"") -> -179 | X74: =IF(OR(C74=0,$O74="",$W74=""),"",$O74-$W74) -> -31
A75: МАКС | B75: Ямал-Медиа | C75: 150 | D75: 157919 | E75: =IF($D75="","",IFERROR(IF(ISBLANK(INDIRECT("'"&$Q$2&"'!D"&ROW())),"",INDIRECT("'"&$Q$2&"'!D"&ROW())),"")) -> 166032 | F75: =IF(OR(D75="",E75=""),"",D75-E75) -> -8113 | G75: =IFERROR(F75/E75,"") -> -0.048864074 | H75: 1522 | I75: =IF($H75="","",IFERROR(IF(ISBLANK(INDIRECT("'"&$Q$2&"'!H"&ROW())),"",INDIRECT("'"&$Q$2&"'!H"&ROW())),"")) -> 1755 | J75: =IF(OR(H75="",I75=""),"",H75-I75) -> -233 | K75: =IFERROR(J75/I75,"") -> -0.13276353 | L75: =IFERROR(D75/C75,"") -> 1052.7933 | M75: =IFERROR(H75/D75*1000,"") -> 9.6378523 | N75: 4445 | O75: =IFERROR(IF(OR(N75="",ISBLANK(INDIRECT("'"&$Q$2&"'!N"&ROW()))),"",N75-INDIRECT("'"&$Q$2&"'!N"&ROW())),"") -> 44 | S75: =IFERROR(IF(ISBLANK(INDIRECT("'"&$Q$2&"'!G"&ROW())),"",INDIRECT("'"&$Q$2&"'!G"&ROW())),"") -> 0.11767676 | T75: =IF(OR($G75="",$S75=""),"",$G75-$S75) -> -0.16654083 | U75: =IFERROR(IF(ISBLANK(INDIRECT("'"&$Q$2&"'!K"&ROW())),"",INDIRECT("'"&$Q$2&"'!K"&ROW())),"") -> -0.014044944 | V75: =IF(OR($K75="",$U75=""),"",$K75-$U75) -> -0.11871859 | W75: =IFERROR(IF(ISBLANK(INDIRECT("'"&$Q$2&"'!O"&ROW())),"",INDIRECT("'"&$Q$2&"'!O"&ROW())),"") -> 120 | X75: =IF(OR($O75="",$W75=""),"",$O75-$W75) -> -76
A76: МАКС | B76: Север-Пресс | C76: 147 | D76: 70495 | E76: =IF($D76="","",IFERROR(IF(ISBLANK(INDIRECT("'"&$Q$2&"'!D"&ROW())),"",INDIRECT("'"&$Q$2&"'!D"&ROW())),"")) -> 74136 | F76: =IF(OR(D76="",E76=""),"",D76-E76) -> -3641 | G76: =IFERROR(F76/E76,"") -> -0.049112442 | H76: 338 | I76: =IF($H76="","",IFERROR(IF(ISBLANK(INDIRECT("'"&$Q$2&"'!H"&ROW())),"",INDIRECT("'"&$Q$2&"'!H"&ROW())),"")) -> 264 | J76: =IF(OR(H76="",I76=""),"",H76-I76) -> 74 | K76: =IFERROR(J76/I76,"") -> 0.28030303 | L76: =IFERROR(D76/C76,"") -> 479.55782 | M76: =IFERROR(H76/D76*1000,"") -> 4.7946663 | N76: 2247 | O76: =IFERROR(IF(OR(N76="",ISBLANK(INDIRECT("'"&$Q$2&"'!N"&ROW()))),"",N76-INDIRECT("'"&$Q$2&"'!N"&ROW())),"") -> 8 | S76: =IFERROR(IF(ISBLANK(INDIRECT("'"&$Q$2&"'!G"&ROW())),"",INDIRECT("'"&$Q$2&"'!G"&ROW())),"") -> 0.058375091 | T76: =IF(OR($G76="",$S76=""),"",$G76-$S76) -> -0.10748753 | U76: =IFERROR(IF(ISBLANK(INDIRECT("'"&$Q$2&"'!K"&ROW())),"",INDIRECT("'"&$Q$2&"'!K"&ROW())),"") -> -0.10508475 | V76: =IF(OR($K76="",$U76=""),"",$K76-$U76) -> 0.38538778 | W76: =IFERROR(IF(ISBLANK(INDIRECT("'"&$Q$2&"'!O"&ROW())),"",INDIRECT("'"&$Q$2&"'!O"&ROW())),"") -> 18 | X76: =IF(OR($O76="",$W76=""),"",$O76-$W76) -> -10
A77: МАКС | B77: Красный Север | C77: 88 | D77: 6505 | E77: =IF($D77="","",IFERROR(IF(ISBLANK(INDIRECT("'"&$Q$2&"'!D"&ROW())),"",INDIRECT("'"&$Q$2&"'!D"&ROW())),"")) -> 7964 | F77: =IF(OR(D77="",E77=""),"",D77-E77) -> -1459 | G77: =IFERROR(F77/E77,"") -> -0.1831994 | H77: 20 | I77: =IF($H77="","",IFERROR(IF(ISBLANK(INDIRECT("'"&$Q$2&"'!H"&ROW())),"",INDIRECT("'"&$Q$2&"'!H"&ROW())),"")) -> 3 | J77: =IF(OR(H77="",I77=""),"",H77-I77) -> 17 | K77: =IFERROR(J77/I77,"") -> 5.6666667 | L77: =IFERROR(D77/C77,"") -> 73.920455 | M77: =IFERROR(H77/D77*1000,"") -> 3.074558 | N77: 273 | O77: =IFERROR(IF(OR(N77="",ISBLANK(INDIRECT("'"&$Q$2&"'!N"&ROW()))),"",N77-INDIRECT("'"&$Q$2&"'!N"&ROW())),"") -> 0 | S77: =IFERROR(IF(ISBLANK(INDIRECT("'"&$Q$2&"'!G"&ROW())),"",INDIRECT("'"&$Q$2&"'!G"&ROW())),"") -> 0.32160637 | T77: =IF(OR($G77="",$S77=""),"",$G77-$S77) -> -0.50480577 | U77: =IFERROR(IF(ISBLANK(INDIRECT("'"&$Q$2&"'!K"&ROW())),"",INDIRECT("'"&$Q$2&"'!K"&ROW())),"") -> -0.76923077 | V77: =IF(OR($K77="",$U77=""),"",$K77-$U77) -> 6.4358974 | W77: =IFERROR(IF(ISBLANK(INDIRECT("'"&$Q$2&"'!O"&ROW())),"",INDIRECT("'"&$Q$2&"'!O"&ROW())),"") -> 3 | X77: =IF(OR($O77="",$W77=""),"",$O77-$W77) -> -3
A78: МАКС | B78: СМП | C78: 7 | D78: 826 | E78: =IF($D78="","",IFERROR(IF(ISBLANK(INDIRECT("'"&$Q$2&"'!D"&ROW())),"",INDIRECT("'"&$Q$2&"'!D"&ROW())),"")) -> 1186 | F78: =IF(OR(D78="",E78=""),"",D78-E78) -> -360 | G78: =IFERROR(F78/E78,"") -> -0.30354132 | H78: 37 | I78: =IF($H78="","",IFERROR(IF(ISBLANK(INDIRECT("'"&$Q$2&"'!H"&ROW())),"",INDIRECT("'"&$Q$2&"'!H"&ROW())),"")) -> 26 | J78: =IF(OR(H78="",I78=""),"",H78-I78) -> 11 | K78: =IFERROR(J78/I78,"") -> 0.42307692 | L78: =IFERROR(D78/C78,"") -> 118 | M78: =IFERROR(H78/D78*1000,"") -> 44.794189 | N78: 212 | O78: =IFERROR(IF(OR(N78="",ISBLANK(INDIRECT("'"&$Q$2&"'!N"&ROW()))),"",N78-INDIRECT("'"&$Q$2&"'!N"&ROW())),"") -> 4 | S78: =IFERROR(IF(ISBLANK(INDIRECT("'"&$Q$2&"'!G"&ROW())),"",INDIRECT("'"&$Q$2&"'!G"&ROW())),"") -> -0.82548558 | T78: =IF(OR($G78="",$S78=""),"",$G78-$S78) -> 0.52194426 | U78: =IFERROR(IF(ISBLANK(INDIRECT("'"&$Q$2&"'!K"&ROW())),"",INDIRECT("'"&$Q$2&"'!K"&ROW())),"") -> 0.3 | V78: =IF(OR($K78="",$U78=""),"",$K78-$U78) -> 0.12307692 | W78: =IFERROR(IF(ISBLANK(INDIRECT("'"&$Q$2&"'!O"&ROW())),"",INDIRECT("'"&$Q$2&"'!O"&ROW())),"") -> 1 | X78: =IF(OR($O78="",$W78=""),"",$O78-$W78) -> 3
A79: МАКС | B79: СШХ | C79: 4 | D79: 85 | E79: =IF($D79="","",IFERROR(IF(ISBLANK(INDIRECT("'"&$Q$2&"'!D"&ROW())),"",INDIRECT("'"&$Q$2&"'!D"&ROW())),"")) -> 170 | F79: =IF(OR(D79="",E79=""),"",D79-E79) -> -85 | G79: =IFERROR(F79/E79,"") -> -0.5 | H79: 1 | I79: =IF($H79="","",IFERROR(IF(ISBLANK(INDIRECT("'"&$Q$2&"'!H"&ROW())),"",INDIRECT("'"&$Q$2&"'!H"&ROW())),"")) -> 2 | J79: =IF(OR(H79="",I79=""),"",H79-I79) -> -1 | K79: =IFERROR(J79/I79,"") -> -0.5 | L79: =IFERROR(D79/C79,"") -> 21.25 | M79: =IFERROR(H79/D79*1000,"") -> 11.764706 | N79: 37 | O79: =IFERROR(IF(OR(N79="",ISBLANK(INDIRECT("'"&$Q$2&"'!N"&ROW()))),"",N79-INDIRECT("'"&$Q$2&"'!N"&ROW())),"") -> 1 | S79: =IFERROR(IF(ISBLANK(INDIRECT("'"&$Q$2&"'!G"&ROW())),"",INDIRECT("'"&$Q$2&"'!G"&ROW())),"") -> 1.6153846 | T79: =IF(OR($G79="",$S79=""),"",$G79-$S79) -> -2.1153846 | U79: =IFERROR(IF(ISBLANK(INDIRECT("'"&$Q$2&"'!K"&ROW())),"",INDIRECT("'"&$Q$2&"'!K"&ROW())),"") | V79: =IF(OR($K79="",$U79=""),"",$K79-$U79) | W79: =IFERROR(IF(ISBLANK(INDIRECT("'"&$Q$2&"'!O"&ROW())),"",INDIRECT("'"&$Q$2&"'!O"&ROW())),"") -> 0 | X79: =IF(OR($O79="",$W79=""),"",$O79-$W79) -> 1
A80: МАКС | B80: Новый Уренгой | C80: 99 | D80: 165080 | E80: =IF($D80="","",IFERROR(IF(ISBLANK(INDIRECT("'"&$Q$2&"'!D"&ROW())),"",INDIRECT("'"&$Q$2&"'!D"&ROW())),"")) -> 208151 | F80: =IF(OR(D80="",E80=""),"",D80-E80) -> -43071 | G80: =IFERROR(F80/E80,"") -> -0.2069219 | H80: 1556 | I80: =IF($H80="","",IFERROR(IF(ISBLANK(INDIRECT("'"&$Q$2&"'!H"&ROW())),"",INDIRECT("'"&$Q$2&"'!H"&ROW())),"")) -> 1845 | J80: =IF(OR(H80="",I80=""),"",H80-I80) -> -289 | K80: =IFERROR(J80/I80,"") -> -0.15663957 | L80: =IFERROR(D80/C80,"") -> 1667.4747 | M80: =IFERROR(H80/D80*1000,"") -> 9.425733 | N80: 4351 | O80: =IFERROR(IF(OR(N80="",ISBLANK(INDIRECT("'"&$Q$2&"'!N"&ROW()))),"",N80-INDIRECT("'"&$Q$2&"'!N"&ROW())),"") -> 0 | S80: =IFERROR(IF(ISBLANK(INDIRECT("'"&$Q$2&"'!G"&ROW())),"",INDIRECT("'"&$Q$2&"'!G"&ROW())),"") -> 0.19714389 | T80: =IF(OR($G80="",$S80=""),"",$G80-$S80) -> -0.40406579 | U80: =IFERROR(IF(ISBLANK(INDIRECT("'"&$Q$2&"'!K"&ROW())),"",INDIRECT("'"&$Q$2&"'!K"&ROW())),"") -> -0.056748466 | V80: =IF(OR($K80="",$U80=""),"",$K80-$U80) -> -0.0998911 | W80: =IFERROR(IF(ISBLANK(INDIRECT("'"&$Q$2&"'!O"&ROW())),"",INDIRECT("'"&$Q$2&"'!O"&ROW())),"") -> 37 | X80: =IF(OR($O80="",$W80=""),"",$O80-$W80) -> -37
A81: МАКС | B81: Надым | C81: 89 | D81: 80151 | E81: =IF($D81="","",IFERROR(IF(ISBLANK(INDIRECT("'"&$Q$2&"'!D"&ROW())),"",INDIRECT("'"&$Q$2&"'!D"&ROW())),"")) -> 99097 | F81: =IF(OR(D81="",E81=""),"",D81-E81) -> -18946 | G81: =IFERROR(F81/E81,"") -> -0.19118641 | H81: 1699 | I81: =IF($H81="","",IFERROR(IF(ISBLANK(INDIRECT("'"&$Q$2&"'!H"&ROW())),"",INDIRECT("'"&$Q$2&"'!H"&ROW())),"")) -> 1986 | J81: =IF(OR(H81="",I81=""),"",H81-I81) -> -287 | K81: =IFERROR(J81/I81,"") -> -0.14451158 | L81: =IFERROR(D81/C81,"") -> 900.57303 | M81: =IFERROR(H81/D81*1000,"") -> 21.19749 | N81: 2513 | O81: =IFERROR(IF(OR(N81="",ISBLANK(INDIRECT("'"&$Q$2&"'!N"&ROW()))),"",N81-INDIRECT("'"&$Q$2&"'!N"&ROW())),"") -> 9 | S81: =IFERROR(IF(ISBLANK(INDIRECT("'"&$Q$2&"'!G"&ROW())),"",INDIRECT("'"&$Q$2&"'!G"&ROW())),"") -> 0.22453847 | T81: =IF(OR($G81="",$S81=""),"",$G81-$S81) -> -0.41572488 | U81: =IFERROR(IF(ISBLANK(INDIRECT("'"&$Q$2&"'!K"&ROW())),"",INDIRECT("'"&$Q$2&"'!K"&ROW())),"") -> -0.020226936 | V81: =IF(OR($K81="",$U81=""),"",$K81-$U81) -> -0.12428464 | W81: =IFERROR(IF(ISBLANK(INDIRECT("'"&$Q$2&"'!O"&ROW())),"",INDIRECT("'"&$Q$2&"'!O"&ROW())),"") -> 73 | X81: =IF(OR($O81="",$W81=""),"",$O81-$W81) -> -64
A82: МАКС | B82: Ноябрьск | C82: 95 | D82: 154133 | E82: =IF($D82="","",IFERROR(IF(ISBLANK(INDIRECT("'"&$Q$2&"'!D"&ROW())),"",INDIRECT("'"&$Q$2&"'!D"&ROW())),"")) -> 193342 | F82: =IF(OR(D82="",E82=""),"",D82-E82) -> -39209 | G82: =IFERROR(F82/E82,"") -> -0.20279608 | H82: 3296 | I82: =IF($H82="","",IFERROR(IF(ISBLANK(INDIRECT("'"&$Q$2&"'!H"&ROW())),"",INDIRECT("'"&$Q$2&"'!H"&ROW())),"")) -> 3704 | J82: =IF(OR(H82="",I82=""),"",H82-I82) -> -408 | K82: =IFERROR(J82/I82,"") -> -0.11015119 | L82: =IFERROR(D82/C82,"") -> 1622.4526 | M82: =IFERROR(H82/D82*1000,"") -> 21.384129 | N82: 3764 | O82: =IFERROR(IF(OR(N82="",ISBLANK(INDIRECT("'"&$Q$2&"'!N"&ROW()))),"",N82-INDIRECT("'"&$Q$2&"'!N"&ROW())),"") -> 52 | S82: =IFERROR(IF(ISBLANK(INDIRECT("'"&$Q$2&"'!G"&ROW())),"",INDIRECT("'"&$Q$2&"'!G"&ROW())),"") -> 0.16876632 | T82: =IF(OR($G82="",$S82=""),"",$G82-$S82) -> -0.3715624 | U82: =IFERROR(IF(ISBLANK(INDIRECT("'"&$Q$2&"'!K"&ROW())),"",INDIRECT("'"&$Q$2&"'!K"&ROW())),"") -> 0.094886196 | V82: =IF(OR($K82="",$U82=""),"",$K82-$U82) -> -0.20503738 | W82: =IFERROR(IF(ISBLANK(INDIRECT("'"&$Q$2&"'!O"&ROW())),"",INDIRECT("'"&$Q$2&"'!O"&ROW())),"") -> 54 | X82: =IF(OR($O82="",$W82=""),"",$O82-$W82) -> -2
A83: МАКС | B83: Салехард | C83: 141 | D83: 85318 | E83: =IF($D83="","",IFERROR(IF(ISBLANK(INDIRECT("'"&$Q$2&"'!D"&ROW())),"",INDIRECT("'"&$Q$2&"'!D"&ROW())),"")) -> 97576 | F83: =IF(OR(D83="",E83=""),"",D83-E83) -> -12258 | G83: =IFERROR(F83/E83,"") -> -0.12562515 | H83: 546 | I83: =IF($H83="","",IFERROR(IF(ISBLANK(INDIRECT("'"&$Q$2&"'!H"&ROW())),"",INDIRECT("'"&$Q$2&"'!H"&ROW())),"")) -> 648 | J83: =IF(OR(H83="",I83=""),"",H83-I83) -> -102 | K83: =IFERROR(J83/I83,"") -> -0.15740741 | L83: =IFERROR(D83/C83,"") -> 605.0922 | M83: =IFERROR(H83/D83*1000,"") -> 6.3995874 | N83: 1797 | O83: =IFERROR(IF(OR(N83="",ISBLANK(INDIRECT("'"&$Q$2&"'!N"&ROW()))),"",N83-INDIRECT("'"&$Q$2&"'!N"&ROW())),"") -> 0 | S83: =IFERROR(IF(ISBLANK(INDIRECT("'"&$Q$2&"'!G"&ROW())),"",INDIRECT("'"&$Q$2&"'!G"&ROW())),"") -> -0.0019332072 | T83: =IF(OR($G83="",$S83=""),"",$G83-$S83) -> -0.12369195 | U83: =IFERROR(IF(ISBLANK(INDIRECT("'"&$Q$2&"'!K"&ROW())),"",INDIRECT("'"&$Q$2&"'!K"&ROW())),"") -> -0.15183246 | V83: =IF(OR($K83="",$U83=""),"",$K83-$U83) -> -0.0055749467 | W83: =IFERROR(IF(ISBLANK(INDIRECT("'"&$Q$2&"'!O"&ROW())),"",INDIRECT("'"&$Q$2&"'!O"&ROW())),"") -> 15 | X83: =IF(OR($O83="",$W83=""),"",$O83-$W83) -> -15
A84: МАКС | B84: Приуралье | C84: 106 | D84: 27813 | E84: =IF($D84="","",IFERROR(IF(ISBLANK(INDIRECT("'"&$Q$2&"'!D"&ROW())),"",INDIRECT("'"&$Q$2&"'!D"&ROW())),"")) -> 38457 | F84: =IF(OR(D84="",E84=""),"",D84-E84) -> -10644 | G84: =IFERROR(F84/E84,"") -> -0.27677666 | H84: 400 | I84: =IF($H84="","",IFERROR(IF(ISBLANK(INDIRECT("'"&$Q$2&"'!H"&ROW())),"",INDIRECT("'"&$Q$2&"'!H"&ROW())),"")) -> 460 | J84: =IF(OR(H84="",I84=""),"",H84-I84) -> -60 | K84: =IFERROR(J84/I84,"") -> -0.13043478 | L84: =IFERROR(D84/C84,"") -> 262.38679 | M84: =IFERROR(H84/D84*1000,"") -> 14.381764 | N84: 760 | O84: =IFERROR(IF(OR(N84="",ISBLANK(INDIRECT("'"&$Q$2&"'!N"&ROW()))),"",N84-INDIRECT("'"&$Q$2&"'!N"&ROW())),"") -> 5 | S84: =IFERROR(IF(ISBLANK(INDIRECT("'"&$Q$2&"'!G"&ROW())),"",INDIRECT("'"&$Q$2&"'!G"&ROW())),"") -> 0.54874955 | T84: =IF(OR($G84="",$S84=""),"",$G84-$S84) -> -0.82552621 | U84: =IFERROR(IF(ISBLANK(INDIRECT("'"&$Q$2&"'!K"&ROW())),"",INDIRECT("'"&$Q$2&"'!K"&ROW())),"") -> 0.73584906 | V84: =IF(OR($K84="",$U84=""),"",$K84-$U84) -> -0.86628384 | W84: =IFERROR(IF(ISBLANK(INDIRECT("'"&$Q$2&"'!O"&ROW())),"",INDIRECT("'"&$Q$2&"'!O"&ROW())),"") -> 20 | X84: =IF(OR($O84="",$W84=""),"",$O84-$W84) -> -15
A85: МАКС | B85: Лабытнанги | C85: 66 | D85: 8781 | E85: =IF($D85="","",IFERROR(IF(ISBLANK(INDIRECT("'"&$Q$2&"'!D"&ROW())),"",INDIRECT("'"&$Q$2&"'!D"&ROW())),"")) -> 12861 | F85: =IF(OR(D85="",E85=""),"",D85-E85) -> -4080 | G85: =IFERROR(F85/E85,"") -> -0.31723816 | H85: 612 | I85: =IF($H85="","",IFERROR(IF(ISBLANK(INDIRECT("'"&$Q$2&"'!H"&ROW())),"",INDIRECT("'"&$Q$2&"'!H"&ROW())),"")) -> 1019 | J85: =IF(OR(H85="",I85=""),"",H85-I85) -> -407 | K85: =IFERROR(J85/I85,"") -> -0.39941119 | L85: =IFERROR(D85/C85,"") -> 133.04545 | M85: =IFERROR(H85/D85*1000,"") -> 69.695934 | N85: 307 | O85: =IFERROR(IF(OR(N85="",ISBLANK(INDIRECT("'"&$Q$2&"'!N"&ROW()))),"",N85-INDIRECT("'"&$Q$2&"'!N"&ROW())),"") -> 8 | S85: =IFERROR(IF(ISBLANK(INDIRECT("'"&$Q$2&"'!G"&ROW())),"",INDIRECT("'"&$Q$2&"'!G"&ROW())),"") -> 0.20162571 | T85: =IF(OR($G85="",$S85=""),"",$G85-$S85) -> -0.51886387 | U85: =IFERROR(IF(ISBLANK(INDIRECT("'"&$Q$2&"'!K"&ROW())),"",INDIRECT("'"&$Q$2&"'!K"&ROW())),"") -> 0.17126437 | V85: =IF(OR($K85="",$U85=""),"",$K85-$U85) -> -0.57067556 | W85: =IFERROR(IF(ISBLANK(INDIRECT("'"&$Q$2&"'!O"&ROW())),"",INDIRECT("'"&$Q$2&"'!O"&ROW())),"") -> 17 | X85: =IF(OR($O85="",$W85=""),"",$O85-$W85) -> -9
A86: МАКС | B86: Пуровский | C86: 62 | D86: 46599 | E86: =IF($D86="","",IFERROR(IF(ISBLANK(INDIRECT("'"&$Q$2&"'!D"&ROW())),"",INDIRECT("'"&$Q$2&"'!D"&ROW())),"")) -> 70605 | F86: =IF(OR(D86="",E86=""),"",D86-E86) -> -24006 | G86: =IFERROR(F86/E86,"") -> -0.34000425 | H86: 423 | I86: =IF($H86="","",IFERROR(IF(ISBLANK(INDIRECT("'"&$Q$2&"'!H"&ROW())),"",INDIRECT("'"&$Q$2&"'!H"&ROW())),"")) -> 523 | J86: =IF(OR(H86="",I86=""),"",H86-I86) -> -100 | K86: =IFERROR(J86/I86,"") -> -0.19120459 | L86: =IFERROR(D86/C86,"") -> 751.59677 | M86: =IFERROR(H86/D86*1000,"") -> 9.077448 | N86: 1917 | O86: =IFERROR(IF(OR(N86="",ISBLANK(INDIRECT("'"&$Q$2&"'!N"&ROW()))),"",N86-INDIRECT("'"&$Q$2&"'!N"&ROW())),"") -> 10 | S86: =IFERROR(IF(ISBLANK(INDIRECT("'"&$Q$2&"'!G"&ROW())),"",INDIRECT("'"&$Q$2&"'!G"&ROW())),"") -> 0.39983742 | T86: =IF(OR($G86="",$S86=""),"",$G86-$S86) -> -0.73984167 | U86: =IFERROR(IF(ISBLANK(INDIRECT("'"&$Q$2&"'!K"&ROW())),"",INDIRECT("'"&$Q$2&"'!K"&ROW())),"") -> -0.031481481 | V86: =IF(OR($K86="",$U86=""),"",$K86-$U86) -> -0.15972311 | W86: =IFERROR(IF(ISBLANK(INDIRECT("'"&$Q$2&"'!O"&ROW())),"",INDIRECT("'"&$Q$2&"'!O"&ROW())),"") -> 17 | X86: =IF(OR($O86="",$W86=""),"",$O86-$W86) -> -7
... A95: МАКС | B95: Морошка | C95: 7 | D95: 4119 | E95: =IF($D95="","",IFERROR(IF(ISBLANK(INDIRECT("'"&$Q$2&"'!D"&ROW())),"",INDIRECT("'"&$Q$2&"'!D"&ROW())),"")) -> 2103 | F95: =IF(OR(D95="",E95=""),"",D95-E95) -> 2016 | G95: =IFERROR(F95/E95,"") -> 0.95863053 | H95: 95 | I95: =IF($H95="","",IFERROR(IF(ISBLANK(INDIRECT("'"&$Q$2&"'!H"&ROW())),"",INDIRECT("'"&$Q$2&"'!H"&ROW())),"")) -> 57 | J95: =IF(OR(H95="",I95=""),"",H95-I95) -> 38 | K95: =IFERROR(J95/I95,"") -> 0.66666667 | L95: =IFERROR(D95/C95,"") -> 588.42857 | M95: =IFERROR(H95/D95*1000,"") -> 23.06385 | N95: 334 | O95: =IFERROR(IF(OR(N95="",ISBLANK(INDIRECT("'"&$Q$2&"'!N"&ROW()))),"",N95-INDIRECT("'"&$Q$2&"'!N"&ROW())),"") -> 26 | S95: =IFERROR(IF(ISBLANK(INDIRECT("'"&$Q$2&"'!G"&ROW())),"",INDIRECT("'"&$Q$2&"'!G"&ROW())),"") -> 1.1503067 | T95: =IF(OR($G95="",$S95=""),"",$G95-$S95) -> -0.19167622 | U95: =IFERROR(IF(ISBLANK(INDIRECT("'"&$Q$2&"'!K"&ROW())),"",INDIRECT("'"&$Q$2&"'!K"&ROW())),"") -> 0.055555556 | V95: =IF(OR($K95="",$U95=""),"",$K95-$U95) -> 0.61111111 | W95: =IFERROR(IF(ISBLANK(INDIRECT("'"&$Q$2&"'!O"&ROW())),"",INDIRECT("'"&$Q$2&"'!O"&ROW())),"") -> 13 | X95: =IF(OR($O95="",$W95=""),"",$O95-$W95) -> 13
B96: Итого МАКС | C96: =SUM(C75:C95) -> 1428 | D96: =SUM(D75:D95) -> 1003512 | E96: =SUM(E75:E95) -> 1238429 | F96: =SUM(F75:F95) -> -234917 | G96: =IF(C96=0,"",IFERROR(F96/E96,"")) -> -0.18968952 | H96: =SUM(H75:H95) -> 13864 | I96: =SUM(I75:I95) -> 16231 | J96: =SUM(J75:J95) -> -2367 | K96: =IF(C96=0,"",IFERROR(J96/I96,"")) -> -0.14583205 | L96: =IFERROR(D96/C96,"") -> 702.7395 | M96: =IFERROR(H96/D96*1000,"") -> 13.81548 | N96: =SUM(N75:N95) -> 31298 | O96: =SUM(O75:O95) -> 242 | S96: =IFERROR(IF(ISBLANK(INDIRECT("'"&$Q$2&"'!G"&ROW())),"",INDIRECT("'"&$Q$2&"'!G"&ROW())),"") -> 0.19045028 | T96: =IF(OR($G96="",$S96=""),"",$G96-$S96) -> -0.3801398 | U96: =IFERROR(IF(ISBLANK(INDIRECT("'"&$Q$2&"'!K"&ROW())),"",INDIRECT("'"&$Q$2&"'!K"&ROW())),"") -> 0.027278481 | V96: =IF(OR($K96="",$U96=""),"",$K96-$U96) -> -0.17311053 | W96: =IFERROR(IF(ISBLANK(INDIRECT("'"&$Q$2&"'!O"&ROW())),"",INDIRECT("'"&$Q$2&"'!O"&ROW())),"") -> 560 | X96: =IF(OR(C96=0,$O96="",$W96=""),"",$O96-$W96) -> -318
B97: ИТОГО по холдингу | C97: =C30+C51+C74+C96 -> 6166 | D97: =D30+D51+D74+D96 -> 5874642 | E97: =E30+E51+E74+E96 -> 5628268 | F97: =F30+F51+F74+F96 -> 246374 | G97: =IF(OR(C30=0,C51=0,C74=0,C96=0),"",IFERROR(F97/E97,"")) -> 0.04377439 | H97: =H30+H51+H74+H96 -> 47610 | I97: =I30+I51+I74+I96 -> 53732 | J97: =J30+J51+J74+J96 -> -6122 | K97: =IF(OR(C30=0,C51=0,C74=0,C96=0),"",IFERROR(J97/I97,"")) -> -0.11393583 | L97: =IFERROR(D97/C97,"") -> 952.74765 | M97: =IFERROR(H97/D97*1000,"") -> 8.1043236 | N97: =N30+N51+N74+N96 -> 684206 | O97: =O30+O51+O74+O96 -> 774 | S97: =IFERROR(IF(ISBLANK(INDIRECT("'"&$Q$2&"'!G"&ROW())),"",INDIRECT("'"&$Q$2&"'!G"&ROW())),"") -> 0.12525281 | T97: =IF(OR($G97="",$S97=""),"",$G97-$S97) -> -0.081478424 | U97: =IFERROR(IF(ISBLANK(INDIRECT("'"&$Q$2&"'!K"&ROW())),"",INDIRECT("'"&$Q$2&"'!K"&ROW())),"") -> -0.00067239719 | V97: =IF(OR($K97="",$U97=""),"",$K97-$U97) -> -0.11326343 | W97: =IFERROR(IF(ISBLANK(INDIRECT("'"&$Q$2&"'!O"&ROW())),"",INDIRECT("'"&$Q$2&"'!O"&ROW())),"") -> 3507 | X97: =IF(OR(C30=0,C51=0,C74=0,C96=0),"",$O97-$W97) -> -2733

Sheet 14-20.09
A1: Недельный съём · 14–20.09.2026 | Q1: Лист прошлой недели (питает колонки E, I, O):
A2: Площадка | B2: Ресурс | C2: Публикаций | D2: Просмотры | E2: Просмотры пред. неделя | F2: Δ просмотров | G2: Δ % | H2: Лайки | I2: Лайки пред. неделя | J2: Δ лайков | K2: Δ % | L2: Ср. просмотров на пост | M2: Лайков на 1000 просмотров | N2: Подписчики | O2: Прирост подписчиков | Q2: 07-13.09 | S2: Δ % просмотров пред. неделя | T2: Ускорение просмотров, п.п. | U2: Δ % лайков пред. неделя | V2: Ускорение лайков, п.п. | W2: Прирост подписч. пред. неделя | X2: Ускорение подписчиков, чел.
A3: ВКонтакте | B3: Ямал-Медиа | C3: 123 | D3: 516875 | E3: =IF($D3="","",IFERROR(IF(ISBLANK(INDIRECT("'"&$Q$2&"'!D"&ROW())),"",INDIRECT("'"&$Q$2&"'!D"&ROW())),"")) -> 367169 | F3: =IF(OR(D3="",E3=""),"",D3-E3) -> 149706 | G3: =IFERROR(F3/E3,"") -> 0.4077305 | H3: 1943 | I3: =IF($H3="","",IFERROR(IF(ISBLANK(INDIRECT("'"&$Q$2&"'!H"&ROW())),"",INDIRECT("'"&$Q$2&"'!H"&ROW())),"")) -> 1463 | J3: =IF(OR(H3="",I3=""),"",H3-I3) -> 480 | K3: =IFERROR(J3/I3,"") -> 0.32809296 | L3: =IFERROR(D3/C3,"") -> 4202.2358 | M3: =IFERROR(H3/D3*1000,"") -> 3.7591294 | N3: 89076 | O3: =IFERROR(IF(OR(N3="",ISBLANK(INDIRECT("'"&$Q$2&"'!N"&ROW()))),"",N3-INDIRECT("'"&$Q$2&"'!N"&ROW())),"") -> 1085 | Q3: Колонки E и I берут прошлую неделю только по строкам, снятым в текущей — сравнение идёт по сопоставимому периметру. | S3: =IFERROR(IF(ISBLANK(INDIRECT("'"&$Q$2&"'!G"&ROW())),"",INDIRECT("'"&$Q$2&"'!G"&ROW())),"") -> -0.083594152 | T3: =IF(OR($G3="",$S3=""),"",$G3-$S3) -> 0.49132465 | U3: =IFERROR(IF(ISBLANK(INDIRECT("'"&$Q$2&"'!K"&ROW())),"",INDIRECT("'"&$Q$2&"'!K"&ROW())),"") -> -0.24470831 | V3: =IF(OR($K3="",$U3=""),"",$K3-$U3) -> 0.57280127 | W3: =IFERROR(IF(ISBLANK(INDIRECT("'"&$Q$2&"'!O"&ROW())),"",INDIRECT("'"&$Q$2&"'!O"&ROW())),"") -> 193 | X3: =IF(OR($O3="",$W3=""),"",$O3-$W3) -> 892
A4: ВКонтакте | B4: Север-Пресс | C4: 144 | D4: 216205 | E4: =IF($D4="","",IFERROR(IF(ISBLANK(INDIRECT("'"&$Q$2&"'!D"&ROW())),"",INDIRECT("'"&$Q$2&"'!D"&ROW())),"")) -> 131208 | F4: =IF(OR(D4="",E4=""),"",D4-E4) -> 84997 | G4: =IFERROR(F4/E4,"") -> 0.64780349 | H4: 695 | I4: =IF($H4="","",IFERROR(IF(ISBLANK(INDIRECT("'"&$Q$2&"'!H"&ROW())),"",INDIRECT("'"&$Q$2&"'!H"&ROW())),"")) -> 570 | J4: =IF(OR(H4="",I4=""),"",H4-I4) -> 125 | K4: =IFERROR(J4/I4,"") -> 0.21929825 | L4: =IFERROR(D4/C4,"") -> 1501.4236 | M4: =IFERROR(H4/D4*1000,"") -> 3.2145418 | N4: 26249 | O4: =IFERROR(IF(OR(N4="",ISBLANK(INDIRECT("'"&$Q$2&"'!N"&ROW()))),"",N4-INDIRECT("'"&$Q$2&"'!N"&ROW())),"") -> 25 | Q4: ОК: «просмотры» = VIEWS листа Topics, лайки = сумма LIKES листа Actions (по группе, как в прошлых съёмах). | S4: =IFERROR(IF(ISBLANK(INDIRECT("'"&$Q$2&"'!G"&ROW())),"",INDIRECT("'"&$Q$2&"'!G"&ROW())),"") -> 0.32282131 | T4: =IF(OR($G4="",$S4=""),"",$G4-$S4) -> 0.32498218 | U4: =IFERROR(IF(ISBLANK(INDIRECT("'"&$Q$2&"'!K"&ROW())),"",INDIRECT("'"&$Q$2&"'!K"&ROW())),"") -> 0.21535181 | V4: =IF(OR($K4="",$U4=""),"",$K4-$U4) -> 0.0039464332 | W4: =IFERROR(IF(ISBLANK(INDIRECT("'"&$Q$2&"'!O"&ROW())),"",INDIRECT("'"&$Q$2&"'!O"&ROW())),"") -> 21 | X4: =IF(OR($O4="",$W4=""),"",$O4-$W4) -> 4
A5: ВКонтакте | B5: Лента СП | C5: 245 | D5: 4223 | E5: =IF($D5="","",IFERROR(IF(ISBLANK(INDIRECT("'"&$Q$2&"'!D"&ROW())),"",INDIRECT("'"&$Q$2&"'!D"&ROW())),"")) -> 6090 | F5: =IF(OR(D5="",E5=""),"",D5-E5) -> -1867 | G5: =IFERROR(F5/E5,"") -> -0.30656814 | H5: 10 | I5: =IF($H5="","",IFERROR(IF(ISBLANK(INDIRECT("'"&$Q$2&"'!H"&ROW())),"",INDIRECT("'"&$Q$2&"'!H"&ROW())),"")) -> 14 | J5: =IF(OR(H5="",I5=""),"",H5-I5) -> -4 | K5: =IFERROR(J5/I5,"") -> -0.28571429 | L5: =IFERROR(D5/C5,"") -> 17.236735 | M5: =IFERROR(H5/D5*1000,"") -> 2.3679848 | N5: 3501 | O5: =IFERROR(IF(OR(N5="",ISBLANK(INDIRECT("'"&$Q$2&"'!N"&ROW()))),"",N5-INDIRECT("'"&$Q$2&"'!N"&ROW())),"") -> -2 | S5: =IFERROR(IF(ISBLANK(INDIRECT("'"&$Q$2&"'!G"&ROW())),"",INDIRECT("'"&$Q$2&"'!G"&ROW())),"") -> 0.16644321 | T5: =IF(OR($G5="",$S5=""),"",$G5-$S5) -> -0.47301135 | U5: =IFERROR(IF(ISBLANK(INDIRECT("'"&$Q$2&"'!K"&ROW())),"",INDIRECT("'"&$Q$2&"'!K"&ROW())),"") -> 0.076923077 | V5: =IF(OR($K5="",$U5=""),"",$K5-$U5) -> -0.36263736 | W5: =IFERROR(IF(ISBLANK(INDIRECT("'"&$Q$2&"'!O"&ROW())),"",INDIRECT("'"&$Q$2&"'!O"&ROW())),"") -> 2 | X5: =IF(OR($O5="",$W5=""),"",$O5-$W5) -> -4
A6: ВКонтакте | B6: Красный Север | C6: 96 | D6: 52347 | E6: =IF($D6="","",IFERROR(IF(ISBLANK(INDIRECT("'"&$Q$2&"'!D"&ROW())),"",INDIRECT("'"&$Q$2&"'!D"&ROW())),"")) -> 56436 | F6: =IF(OR(D6="",E6=""),"",D6-E6) -> -4089 | G6: =IFERROR(F6/E6,"") -> -0.072453753 | H6: 291 | I6: =IF($H6="","",IFERROR(IF(ISBLANK(INDIRECT("'"&$Q$2&"'!H"&ROW())),"",INDIRECT("'"&$Q$2&"'!H"&ROW())),"")) -> 269 | J6: =IF(OR(H6="",I6=""),"",H6-I6) -> 22 | K6: =IFERROR(J6/I6,"") -> 0.081784387 | L6: =IFERROR(D6/C6,"") -> 545.28125 | M6: =IFERROR(H6/D6*1000,"") -> 5.5590578 | N6: 22931 | O6: =IFERROR(IF(OR(N6="",ISBLANK(INDIRECT("'"&$Q$2&"'!N"&ROW()))),"",N6-INDIRECT("'"&$Q$2&"'!N"&ROW())),"") -> -4 | S6: =IFERROR(IF(ISBLANK(INDIRECT("'"&$Q$2&"'!G"&ROW())),"",INDIRECT("'"&$Q$2&"'!G"&ROW())),"") -> -0.14980416 | T6: =IF(OR($G6="",$S6=""),"",$G6-$S6) -> 0.077350405 | U6: =IFERROR(IF(ISBLANK(INDIRECT("'"&$Q$2&"'!K"&ROW())),"",INDIRECT("'"&$Q$2&"'!K"&ROW())),"") -> -0.085034014 | V6: =IF(OR($K6="",$U6=""),"",$K6-$U6) -> 0.1668184 | W6: =IFERROR(IF(ISBLANK(INDIRECT("'"&$Q$2&"'!O"&ROW())),"",INDIRECT("'"&$Q$2&"'!O"&ROW())),"") -> 11 | X6: =IF(OR($O6="",$W6=""),"",$O6-$W6) -> -15
A7: ВКонтакте | B7: Новый Уренгой | C7: 125 | D7: 108141 | E7: =IF($D7="","",IFERROR(IF(ISBLANK(INDIRECT("'"&$Q$2&"'!D"&ROW())),"",INDIRECT("'"&$Q$2&"'!D"&ROW())),"")) -> 105221 | F7: =IF(OR(D7="",E7=""),"",D7-E7) -> 2920 | G7: =IFERROR(F7/E7,"") -> 0.027751114 | H7: 1025 | I7: =IF($H7="","",IFERROR(IF(ISBLANK(INDIRECT("'"&$Q$2&"'!H"&ROW())),"",INDIRECT("'"&$Q$2&"'!H"&ROW())),"")) -> 1220 | J7: =IF(OR(H7="",I7=""),"",H7-I7) -> -195 | K7: =IFERROR(J7/I7,"") -> -0.15983607 | L7: =IFERROR(D7/C7,"") -> 865.128 | M7: =IFERROR(H7/D7*1000,"") -> 9.4783662 | N7: 24832 | O7: =IFERROR(IF(OR(N7="",ISBLANK(INDIRECT("'"&$Q$2&"'!N"&ROW()))),"",N7-INDIRECT("'"&$Q$2&"'!N"&ROW())),"") -> 317 | S7: =IFERROR(IF(ISBLANK(INDIRECT("'"&$Q$2&"'!G"&ROW())),"",INDIRECT("'"&$Q$2&"'!G"&ROW())),"") -> -0.47512845 | T7: =IF(OR($G7="",$S7=""),"",$G7-$S7) -> 0.50287956 | U7: =IFERROR(IF(ISBLANK(INDIRECT("'"&$Q$2&"'!K"&ROW())),"",INDIRECT("'"&$Q$2&"'!K"&ROW())),"") -> -0.44970681 | V7: =IF(OR($K7="",$U7=""),"",$K7-$U7) -> 0.28987075 | W7: =IFERROR(IF(ISBLANK(INDIRECT("'"&$Q$2&"'!O"&ROW())),"",INDIRECT("'"&$Q$2&"'!O"&ROW())),"") -> 73 | X7: =IF(OR($O7="",$W7=""),"",$O7-$W7) -> 244
A8: ВКонтакте | B8: Надым | C8: 117 | D8: 347976 | E8: =IF($D8="","",IFERROR(IF(ISBLANK(INDIRECT("'"&$Q$2&"'!D"&ROW())),"",INDIRECT("'"&$Q$2&"'!D"&ROW())),"")) -> 272210 | F8: =IF(OR(D8="",E8=""),"",D8-E8) -> 75766 | G8: =IFERROR(F8/E8,"") -> 0.27833658 | H8: 3740 | I8: =IF($H8="","",IFERROR(IF(ISBLANK(INDIRECT("'"&$Q$2&"'!H"&ROW())),"",INDIRECT("'"&$Q$2&"'!H"&ROW())),"")) -> 4342 | J8: =IF(OR(H8="",I8=""),"",H8-I8) -> -602 | K8: =IFERROR(J8/I8,"") -> -0.13864579 | L8: =IFERROR(D8/C8,"") -> 2974.1538 | M8: =IFERROR(H8/D8*1000,"") -> 10.747868 | N8: 21715 | O8: =IFERROR(IF(OR(N8="",ISBLANK(INDIRECT("'"&$Q$2&"'!N"&ROW()))),"",N8-INDIRECT("'"&$Q$2&"'!N"&ROW())),"") -> 218 | S8: =IFERROR(IF(ISBLANK(INDIRECT("'"&$Q$2&"'!G"&ROW())),"",INDIRECT("'"&$Q$2&"'!G"&ROW())),"") -> -0.26824875 | T8: =IF(OR($G8="",$S8=""),"",$G8-$S8) -> 0.54658533 | U8: =IFERROR(IF(ISBLANK(INDIRECT("'"&$Q$2&"'!K"&ROW())),"",INDIRECT("'"&$Q$2&"'!K"&ROW())),"") -> -0.29087049 | V8: =IF(OR($K8="",$U8=""),"",$K8-$U8) -> 0.1522247 | W8: =IFERROR(IF(ISBLANK(INDIRECT("'"&$Q$2&"'!O"&ROW())),"",INDIRECT("'"&$Q$2&"'!O"&ROW())),"") -> 60 | X8: =IF(OR($O8="",$W8=""),"",$O8-$W8) -> 158
A9: ВКонтакте | B9: Ноябрьск | C9: 119 | D9: 424827 | E9: =IF($D9="","",IFERROR(IF(ISBLANK(INDIRECT("'"&$Q$2&"'!D"&ROW())),"",INDIRECT("'"&$Q$2&"'!D"&ROW())),"")) -> 319358 | F9: =IF(OR(D9="",E9=""),"",D9-E9) -> 105469 | G9: =IFERROR(F9/E9,"") -> 0.3302532 | H9: 4187 | I9: =IF($H9="","",IFERROR(IF(ISBLANK(INDIRECT("'"&$Q$2&"'!H"&ROW())),"",INDIRECT("'"&$Q$2&"'!H"&ROW())),"")) -> 4035 | J9: =IF(OR(H9="",I9=""),"",H9-I9) -> 152 | K9: =IFERROR(J9/I9,"") -> 0.037670384 | L9: =IFERROR(D9/C9,"") -> 3569.9748 | M9: =IFERROR(H9/D9*1000,"") -> 9.8557766 | N9: 31301 | O9: =IFERROR(IF(OR(N9="",ISBLANK(INDIRECT("'"&$Q$2&"'!N"&ROW()))),"",N9-INDIRECT("'"&$Q$2&"'!N"&ROW())),"") -> 271 | S9: =IFERROR(IF(ISBLANK(INDIRECT("'"&$Q$2&"'!G"&ROW())),"",INDIRECT("'"&$Q$2&"'!G"&ROW())),"") -> -0.32202087 | T9: =IF(OR($G9="",$S9=""),"",$G9-$S9) -> 0.65227407 | U9: =IFERROR(IF(ISBLANK(INDIRECT("'"&$Q$2&"'!K"&ROW())),"",INDIRECT("'"&$Q$2&"'!K"&ROW())),"") -> -0.40071291 | V9: =IF(OR($K9="",$U9=""),"",$K9-$U9) -> 0.43838329 | W9: =IFERROR(IF(ISBLANK(INDIRECT("'"&$Q$2&"'!O"&ROW())),"",INDIRECT("'"&$Q$2&"'!O"&ROW())),"") -> 47 | X9: =IF(OR($O9="",$W9=""),"",$O9-$W9) -> 224
A10: ВКонтакте | B10: Салехард | C10: 154 | D10: 202830 | E10: =IF($D10="","",IFERROR(IF(ISBLANK(INDIRECT("'"&$Q$2&"'!D"&ROW())),"",INDIRECT("'"&$Q$2&"'!D"&ROW())),"")) -> 197749 | F10: =IF(OR(D10="",E10=""),"",D10-E10) -> 5081 | G10: =IFERROR(F10/E10,"") -> 0.025694188 | H10: 1305 | I10: =IF($H10="","",IFERROR(IF(ISBLANK(INDIRECT("'"&$Q$2&"'!H"&ROW())),"",INDIRECT("'"&$Q$2&"'!H"&ROW())),"")) -> 1527 | J10: =IF(OR(H10="",I10=""),"",H10-I10) -> -222 | K10: =IFERROR(J10/I10,"") -> -0.1453831 | L10: =IFERROR(D10/C10,"") -> 1317.0779 | M10: =IFERROR(H10/D10*1000,"") -> 6.4339595 | N10: 21574 | O10: =IFERROR(IF(OR(N10="",ISBLANK(INDIRECT("'"&$Q$2&"'!N"&ROW()))),"",N10-INDIRECT("'"&$Q$2&"'!N"&ROW())),"") -> 199 | S10: =IFERROR(IF(ISBLANK(INDIRECT("'"&$Q$2&"'!G"&ROW())),"",INDIRECT("'"&$Q$2&"'!G"&ROW())),"") -> 0.26417772 | T10: =IF(OR($G10="",$S10=""),"",$G10-$S10) -> -0.23848353 | U10: =IFERROR(IF(ISBLANK(INDIRECT("'"&$Q$2&"'!K"&ROW())),"",INDIRECT("'"&$Q$2&"'!K"&ROW())),"") -> 0.52091633 | V10: =IF(OR($K10="",$U10=""),"",$K10-$U10) -> -0.66629944 | W10: =IFERROR(IF(ISBLANK(INDIRECT("'"&$Q$2&"'!O"&ROW())),"",INDIRECT("'"&$Q$2&"'!O"&ROW())),"") -> 96 | X10: =IF(OR($O10="",$W10=""),"",$O10-$W10) -> 103
A11: ВКонтакте | B11: Приуралье | C11: 145 | D11: 572378 | E11: =IF($D11="","",IFERROR(IF(ISBLANK(INDIRECT("'"&$Q$2&"'!D"&ROW())),"",INDIRECT("'"&$Q$2&"'!D"&ROW())),"")) -> 383862 | F11: =IF(OR(D11="",E11=""),"",D11-E11) -> 188516 | G11: =IFERROR(F11/E11,"") -> 0.49110357 | H11: 4467 | I11: =IF($H11="","",IFERROR(IF(ISBLANK(INDIRECT("'"&$Q$2&"'!H"&ROW())),"",INDIRECT("'"&$Q$2&"'!H"&ROW())),"")) -> 3494 | J11: =IF(OR(H11="",I11=""),"",H11-I11) -> 973 | K11: =IFERROR(J11/I11,"") -> 0.27847739 | L11: =IFERROR(D11/C11,"") -> 3947.4345 | M11: =IFERROR(H11/D11*1000,"") -> 7.8042832 | N11: 20774 | O11: =IFERROR(IF(OR(N11="",ISBLANK(INDIRECT("'"&$Q$2&"'!N"&ROW()))),"",N11-INDIRECT("'"&$Q$2&"'!N"&ROW())),"") -> 138 | S11: =IFERROR(IF(ISBLANK(INDIRECT("'"&$Q$2&"'!G"&ROW())),"",INDIRECT("'"&$Q$2&"'!G"&ROW())),"") -> -0.14474015 | T11: =IF(OR($G11="",$S11=""),"",$G11-$S11) -> 0.63584373 | U11: =IFERROR(IF(ISBLANK(INDIRECT("'"&$Q$2&"'!K"&ROW())),"",INDIRECT("'"&$Q$2&"'!K"&ROW())),"") -> -0.19585731 | V11: =IF(OR($K11="",$U11=""),"",$K11-$U11) -> 0.4743347 | W11: =IFERROR(IF(ISBLANK(INDIRECT("'"&$Q$2&"'!O"&ROW())),"",INDIRECT("'"&$Q$2&"'!O"&ROW())),"") -> 46 | X11: =IF(OR($O11="",$W11=""),"",$O11-$W11) -> 92
A12: ВКонтакте | B12: Лабытнанги | C12: 97 | D12: 151998 | E12: =IF($D12="","",IFERROR(IF(ISBLANK(INDIRECT("'"&$Q$2&"'!D"&ROW())),"",INDIRECT("'"&$Q$2&"'!D"&ROW())),"")) -> 150944 | F12: =IF(OR(D12="",E12=""),"",D12-E12) -> 1054 | G12: =IFERROR(F12/E12,"") -> 0.0069827221 | H12: 2359 | I12: =IF($H12="","",IFERROR(IF(ISBLANK(INDIRECT("'"&$Q$2&"'!H"&ROW())),"",INDIRECT("'"&$Q$2&"'!H"&ROW())),"")) -> 2726 | J12: =IF(OR(H12="",I12=""),"",H12-I12) -> -367 | K12: =IFERROR(J12/I12,"") -> -0.13462949 | L12: =IFERROR(D12/C12,"") -> 1566.9897 | M12: =IFERROR(H12/D12*1000,"") -> 15.519941 | N12: 15454 | O12: =IFERROR(IF(OR(N12="",ISBLANK(INDIRECT("'"&$Q$2&"'!N"&ROW()))),"",N12-INDIRECT("'"&$Q$2&"'!N"&ROW())),"") -> 76 | S12: =IFERROR(IF(ISBLANK(INDIRECT("'"&$Q$2&"'!G"&ROW())),"",INDIRECT("'"&$Q$2&"'!G"&ROW())),"") -> 0.65416269 | T12: =IF(OR($G12="",$S12=""),"",$G12-$S12) -> -0.64717997 | U12: =IFERROR(IF(ISBLANK(INDIRECT("'"&$Q$2&"'!K"&ROW())),"",INDIRECT("'"&$Q$2&"'!K"&ROW())),"") -> 0.65412621 | V12: =IF(OR($K12="",$U12=""),"",$K12-$U12) -> -0.78875571 | W12: =IFERROR(IF(ISBLANK(INDIRECT("'"&$Q$2&"'!O"&ROW())),"",INDIRECT("'"&$Q$2&"'!O"&ROW())),"") -> 59 | X12: =IF(OR($O12="",$W12=""),"",$O12-$W12) -> 17
A13: ВКонтакте | B13: Пуровский | C13: 85 | D13: 48629 | E13: =IF($D13="","",IFERROR(IF(ISBLANK(INDIRECT("'"&$Q$2&"'!D"&ROW())),"",INDIRECT("'"&$Q$2&"'!D"&ROW())),"")) -> 29162 | F13: =IF(OR(D13="",E13=""),"",D13-E13) -> 19467 | G13: =IFERROR(F13/E13,"") -> 0.66754681 | H13: 706 | I13: =IF($H13="","",IFERROR(IF(ISBLANK(INDIRECT("'"&$Q$2&"'!H"&ROW())),"",INDIRECT("'"&$Q$2&"'!H"&ROW())),"")) -> 487 | J13: =IF(OR(H13="",I13=""),"",H13-I13) -> 219 | K13: =IFERROR(J13/I13,"") -> 0.44969199 | L13: =IFERROR(D13/C13,"") -> 572.10588 | M13: =IFERROR(H13/D13*1000,"") -> 14.518086 | N13: 16447 | O13: =IFERROR(IF(OR(N13="",ISBLANK(INDIRECT("'"&$Q$2&"'!N"&ROW()))),"",N13-INDIRECT("'"&$Q$2&"'!N"&ROW())),"") -> 101 | S13: =IFERROR(IF(ISBLANK(INDIRECT("'"&$Q$2&"'!G"&ROW())),"",INDIRECT("'"&$Q$2&"'!G"&ROW())),"") -> -0.5576891 | T13: =IF(OR($G13="",$S13=""),"",$G13-$S13) -> 1.2252359 | U13: =IFERROR(IF(ISBLANK(INDIRECT("'"&$Q$2&"'!K"&ROW())),"",INDIRECT("'"&$Q$2&"'!K"&ROW())),"") -> -0.53882576 | V13: =IF(OR($K13="",$U13=""),"",$K13-$U13) -> 0.98851775 | W13: =IFERROR(IF(ISBLANK(INDIRECT("'"&$Q$2&"'!O"&ROW())),"",INDIRECT("'"&$Q$2&"'!O"&ROW())),"") -> 4 | X13: =IF(OR($O13="",$W13=""),"",$O13-$W13) -> 97
A14: ВКонтакте | B14: Тазовский | C14: 78 | D14: 82265 | E14: =IF($D14="","",IFERROR(IF(ISBLANK(INDIRECT("'"&$Q$2&"'!D"&ROW())),"",INDIRECT("'"&$Q$2&"'!D"&ROW())),"")) -> 52435 | F14: =IF(OR(D14="",E14=""),"",D14-E14) -> 29830 | G14: =IFERROR(F14/E14,"") -> 0.56889482 | H14: 787 | I14: =IF($H14="","",IFERROR(IF(ISBLANK(INDIRECT("'"&$Q$2&"'!H"&ROW())),"",INDIRECT("'"&$Q$2&"'!H"&ROW())),"")) -> 477 | J14: =IF(OR(H14="",I14=""),"",H14-I14) -> 310 | K14: =IFERROR(J14/I14,"") -> 0.64989518 | L14: =IFERROR(D14/C14,"") -> 1054.6795 | M14: =IFERROR(H14/D14*1000,"") -> 9.5666444 | N14: 6402 | O14: =IFERROR(IF(OR(N14="",ISBLANK(INDIRECT("'"&$Q$2&"'!N"&ROW()))),"",N14-INDIRECT("'"&$Q$2&"'!N"&ROW())),"") -> 74 | S14: =IFERROR(IF(ISBLANK(INDIRECT("'"&$Q$2&"'!G"&ROW())),"",INDIRECT("'"&$Q$2&"'!G"&ROW())),"") -> 0.38595935 | T14: =IF(OR($G14="",$S14=""),"",$G14-$S14) -> 0.18293547 | U14: =IFERROR(IF(ISBLANK(INDIRECT("'"&$Q$2&"'!K"&ROW())),"",INDIRECT("'"&$Q$2&"'!K"&ROW())),"") -> 0.14939759 | V14: =IF(OR($K14="",$U14=""),"",$K14-$U14) -> 0.50049759 | W14: =IFERROR(IF(ISBLANK(INDIRECT("'"&$Q$2&"'!O"&ROW())),"",INDIRECT("'"&$Q$2&"'!O"&ROW())),"") -> 29 | X14: =IF(OR($O14="",$W14=""),"",$O14-$W14) -> 45
A15: ВКонтакте | B15: Красноселькуп | C15: 44 | D15: 43212 | E15: =IF($D15="","",IFERROR(IF(ISBLANK(INDIRECT("'"&$Q$2&"'!D"&ROW())),"",INDIRECT("'"&$Q$2&"'!D"&ROW())),"")) -> 31393 | F15: =IF(OR(D15="",E15=""),"",D15-E15) -> 11819 | G15: =IFERROR(F15/E15,"") -> 0.3764852 | H15: 348 | I15: =IF($H15="","",IFERROR(IF(ISBLANK(INDIRECT("'"&$Q$2&"'!H"&ROW())),"",INDIRECT("'"&$Q$2&"'!H"&ROW())),"")) -> 543 | J15: =IF(OR(H15="",I15=""),"",H15-I15) -> -195 | K15: =IFERROR(J15/I15,"") -> -0.35911602 | L15: =IFERROR(D15/C15,"") -> 982.09091 | M15: =IFERROR(H15/D15*1000,"") -> 8.0533185 | N15: 3679 | O15: =IFERROR(IF(OR(N15="",ISBLANK(INDIRECT("'"&$Q$2&"'!N"&ROW()))),"",N15-INDIRECT("'"&$Q$2&"'!N"&ROW())),"") -> 24 | S15: =IFERROR(IF(ISBLANK(INDIRECT("'"&$Q$2&"'!G"&ROW())),"",INDIRECT("'"&$Q$2&"'!G"&ROW())),"") -> -0.20433405 | T15: =IF(OR($G15="",$S15=""),"",$G15-$S15) -> 0.58081926 | U15: =IFERROR(IF(ISBLANK(INDIRECT("'"&$Q$2&"'!K"&ROW())),"",INDIRECT("'"&$Q$2&"'!K"&ROW())),"") -> 0.11270492 | V15: =IF(OR($K15="",$U15=""),"",$K15-$U15) -> -0.47182094 | W15: =IFERROR(IF(ISBLANK(INDIRECT("'"&$Q$2&"'!O"&ROW())),"",INDIRECT("'"&$Q$2&"'!O"&ROW())),"") -> 7 | X15: =IF(OR($O15="",$W15=""),"",$O15-$W15) -> 17
A16: ВКонтакте | B16: Ямальский | C16: 73 | D16: 158474 | E16: =IF($D16="","",IFERROR(IF(ISBLANK(INDIRECT("'"&$Q$2&"'!D"&ROW())),"",INDIRECT("'"&$Q$2&"'!D"&ROW())),"")) -> 136318 | F16: =IF(OR(D16="",E16=""),"",D16-E16) -> 22156 | G16: =IFERROR(F16/E16,"") -> 0.16253173 | H16: 1498 | I16: =IF($H16="","",IFERROR(IF(ISBLANK(INDIRECT("'"&$Q$2&"'!H"&ROW())),"",INDIRECT("'"&$Q$2&"'!H"&ROW())),"")) -> 1960 | J16: =IF(OR(H16="",I16=""),"",H16-I16) -> -462 | K16: =IFERROR(J16/I16,"") -> -0.23571429 | L16: =IFERROR(D16/C16,"") -> 2170.8767 | M16: =IFERROR(H16/D16*1000,"") -> 9.4526547 | N16: 12733 | O16: =IFERROR(IF(OR(N16="",ISBLANK(INDIRECT("'"&$Q$2&"'!N"&ROW()))),"",N16-INDIRECT("'"&$Q$2&"'!N"&ROW())),"") -> 268 | S16: =IFERROR(IF(ISBLANK(INDIRECT("'"&$Q$2&"'!G"&ROW())),"",INDIRECT("'"&$Q$2&"'!G"&ROW())),"") -> 0.35056572 | T16: =IF(OR($G16="",$S16=""),"",$G16-$S16) -> -0.18803399 | U16: =IFERROR(IF(ISBLANK(INDIRECT("'"&$Q$2&"'!K"&ROW())),"",INDIRECT("'"&$Q$2&"'!K"&ROW())),"") -> 1.052356 | V16: =IF(OR($K16="",$U16=""),"",$K16-$U16) -> -1.2880703 | W16: =IFERROR(IF(ISBLANK(INDIRECT("'"&$Q$2&"'!O"&ROW())),"",INDIRECT("'"&$Q$2&"'!O"&ROW())),"") -> 180 | X16: =IF(OR($O16="",$W16=""),"",$O16-$W16) -> 88
... A29: ВКонтакте | B29: Морошка | C29: 6 | D29: 3666 | E29: =IF($D29="","",IFERROR(IF(ISBLANK(INDIRECT("'"&$Q$2&"'!D"&ROW())),"",INDIRECT("'"&$Q$2&"'!D"&ROW())),"")) -> 37678 | F29: =IF(OR(D29="",E29=""),"",D29-E29) -> -34012 | G29: =IFERROR(F29/E29,"") -> -0.90270184 | H29: 85 | I29: =IF($H29="","",IFERROR(IF(ISBLANK(INDIRECT("'"&$Q$2&"'!H"&ROW())),"",INDIRECT("'"&$Q$2&"'!H"&ROW())),"")) -> 52 | J29: =IF(OR(H29="",I29=""),"",H29-I29) -> 33 | K29: =IFERROR(J29/I29,"") -> 0.63461538 | L29: =IFERROR(D29/C29,"") -> 611 | M29: =IFERROR(H29/D29*1000,"") -> 23.186034 | N29: 9602 | O29: =IFERROR(IF(OR(N29="",ISBLANK(INDIRECT("'"&$Q$2&"'!N"&ROW()))),"",N29-INDIRECT("'"&$Q$2&"'!N"&ROW())),"") -> 30 | S29: =IFERROR(IF(ISBLANK(INDIRECT("'"&$Q$2&"'!G"&ROW())),"",INDIRECT("'"&$Q$2&"'!G"&ROW())),"") -> 1.6250958 | T29: =IF(OR($G29="",$S29=""),"",$G29-$S29) -> -2.5277976 | U29: =IFERROR(IF(ISBLANK(INDIRECT("'"&$Q$2&"'!K"&ROW())),"",INDIRECT("'"&$Q$2&"'!K"&ROW())),"") -> -0.85269122 | V29: =IF(OR($K29="",$U29=""),"",$K29-$U29) -> 1.4873066 | W29: =IFERROR(IF(ISBLANK(INDIRECT("'"&$Q$2&"'!O"&ROW())),"",INDIRECT("'"&$Q$2&"'!O"&ROW())),"") -> 34 | X29: =IF(OR($O29="",$W29=""),"",$O29-$W29) -> -4
B30: Итого ВКонтакте | C30: =SUM(C3:C29) -> 2266 | D30: =SUM(D3:D29) -> 3693588 | E30: =SUM(E3:E29) -> 3019940 | F30: =SUM(F3:F29) -> 673648 | G30: =IF(C30=0,"",IFERROR(F30/E30,"")) -> 0.22306668 | H30: =SUM(H3:H29) -> 33462 | I30: =SUM(I3:I29) -> 32490 | J30: =SUM(J3:J29) -> 972 | K30: =IF(C30=0,"",IFERROR(J30/I30,"")) -> 0.029916898 | L30: =IFERROR(D30/C30,"") -> 1630.0035 | M30: =IFERROR(H30/D30*1000,"") -> 9.0594836 | N30: =SUM(N3:N29) -> 464553 | O30: =SUM(O3:O29) -> 3078 | S30: =IFERROR(IF(ISBLANK(INDIRECT("'"&$Q$2&"'!G"&ROW())),"",INDIRECT("'"&$Q$2&"'!G"&ROW())),"") -> -0.078953548 | T30: =IF(OR($G30="",$S30=""),"",$G30-$S30) -> 0.30202023 | U30: =IFERROR(IF(ISBLANK(INDIRECT("'"&$Q$2&"'!K"&ROW())),"",INDIRECT("'"&$Q$2&"'!K"&ROW())),"") -> -0.09855169 | V30: =IF(OR($K30="",$U30=""),"",$K30-$U30) -> 0.12846859 | W30: =IFERROR(IF(ISBLANK(INDIRECT("'"&$Q$2&"'!O"&ROW())),"",INDIRECT("'"&$Q$2&"'!O"&ROW())),"") -> 1014 | X30: =IF(OR(C30=0,$O30="",$W30=""),"",$O30-$W30) -> 2064
A31: Одноклассники | B31: Ямал-Медиа | C31: 156 | D31: 36700 | E31: =IF($D31="","",IFERROR(IF(ISBLANK(INDIRECT("'"&$Q$2&"'!D"&ROW())),"",INDIRECT("'"&$Q$2&"'!D"&ROW())),"")) -> 291577 | F31: =IF(OR(D31="",E31=""),"",D31-E31) -> -254877 | G31: =IFERROR(F31/E31,"") -> -0.87413273 | H31: 116 | I31: =IF($H31="","",IFERROR(IF(ISBLANK(INDIRECT("'"&$Q$2&"'!H"&ROW())),"",INDIRECT("'"&$Q$2&"'!H"&ROW())),"")) -> 127 | J31: =IF(OR(H31="",I31=""),"",H31-I31) -> -11 | K31: =IFERROR(J31/I31,"") -> -0.086614173 | L31: =IFERROR(D31/C31,"") -> 235.25641 | M31: =IFERROR(H31/D31*1000,"") -> 3.1607629 | N31: 32488 | O31: =IFERROR(IF(OR(N31="",ISBLANK(INDIRECT("'"&$Q$2&"'!N"&ROW()))),"",N31-INDIRECT("'"&$Q$2&"'!N"&ROW())),"") -> 15 | S31: =IFERROR(IF(ISBLANK(INDIRECT("'"&$Q$2&"'!G"&ROW())),"",INDIRECT("'"&$Q$2&"'!G"&ROW())),"") -> 10.937157 | T31: =IF(OR($G31="",$S31=""),"",$G31-$S31) -> -11.81129 | U31: =IFERROR(IF(ISBLANK(INDIRECT("'"&$Q$2&"'!K"&ROW())),"",INDIRECT("'"&$Q$2&"'!K"&ROW())),"") -> 0.60759494 | V31: =IF(OR($K31="",$U31=""),"",$K31-$U31) -> -0.69420911 | W31: =IFERROR(IF(ISBLANK(INDIRECT("'"&$Q$2&"'!O"&ROW())),"",INDIRECT("'"&$Q$2&"'!O"&ROW())),"") -> 10 | X31: =IF(OR($O31="",$W31=""),"",$O31-$W31) -> 5
A32: Одноклассники | B32: Север-Пресс | C32: 155 | D32: 42212 | E32: =IF($D32="","",IFERROR(IF(ISBLANK(INDIRECT("'"&$Q$2&"'!D"&ROW())),"",INDIRECT("'"&$Q$2&"'!D"&ROW())),"")) -> 40747 | F32: =IF(OR(D32="",E32=""),"",D32-E32) -> 1465 | G32: =IFERROR(F32/E32,"") -> 0.035953567 | H32: 92 | I32: =IF($H32="","",IFERROR(IF(ISBLANK(INDIRECT("'"&$Q$2&"'!H"&ROW())),"",INDIRECT("'"&$Q$2&"'!H"&ROW())),"")) -> 68 | J32: =IF(OR(H32="",I32=""),"",H32-I32) -> 24 | K32: =IFERROR(J32/I32,"") -> 0.35294118 | L32: =IFERROR(D32/C32,"") -> 272.33548 | M32: =IFERROR(H32/D32*1000,"") -> 2.179475 | N32: 21737 | O32: =IFERROR(IF(OR(N32="",ISBLANK(INDIRECT("'"&$Q$2&"'!N"&ROW()))),"",N32-INDIRECT("'"&$Q$2&"'!N"&ROW())),"") -> 2 | S32: =IFERROR(IF(ISBLANK(INDIRECT("'"&$Q$2&"'!G"&ROW())),"",INDIRECT("'"&$Q$2&"'!G"&ROW())),"") -> 0.14387176 | T32: =IF(OR($G32="",$S32=""),"",$G32-$S32) -> -0.1079182 | U32: =IFERROR(IF(ISBLANK(INDIRECT("'"&$Q$2&"'!K"&ROW())),"",INDIRECT("'"&$Q$2&"'!K"&ROW())),"") -> 0.65853659 | V32: =IF(OR($K32="",$U32=""),"",$K32-$U32) -> -0.30559541 | W32: =IFERROR(IF(ISBLANK(INDIRECT("'"&$Q$2&"'!O"&ROW())),"",INDIRECT("'"&$Q$2&"'!O"&ROW())),"") -> 3 | X32: =IF(OR($O32="",$W32=""),"",$O32-$W32) -> -1
A33: Одноклассники | B33: Красный Север | C33: 98 | D33: 16771 | E33: =IF($D33="","",IFERROR(IF(ISBLANK(INDIRECT("'"&$Q$2&"'!D"&ROW())),"",INDIRECT("'"&$Q$2&"'!D"&ROW())),"")) -> 18335 | F33: =IF(OR(D33="",E33=""),"",D33-E33) -> -1564 | G33: =IFERROR(F33/E33,"") -> -0.085301336 | H33: 5 | I33: =IF($H33="","",IFERROR(IF(ISBLANK(INDIRECT("'"&$Q$2&"'!H"&ROW())),"",INDIRECT("'"&$Q$2&"'!H"&ROW())),"")) -> 4 | J33: =IF(OR(H33="",I33=""),"",H33-I33) -> 1 | K33: =IFERROR(J33/I33,"") -> 0.25 | L33: =IFERROR(D33/C33,"") -> 171.13265 | M33: =IFERROR(H33/D33*1000,"") -> 0.29813368 | N33: 8957 | O33: =IFERROR(IF(OR(N33="",ISBLANK(INDIRECT("'"&$Q$2&"'!N"&ROW()))),"",N33-INDIRECT("'"&$Q$2&"'!N"&ROW())),"") -> -4 | S33: =IFERROR(IF(ISBLANK(INDIRECT("'"&$Q$2&"'!G"&ROW())),"",INDIRECT("'"&$Q$2&"'!G"&ROW())),"") -> -0.28704748 | T33: =IF(OR($G33="",$S33=""),"",$G33-$S33) -> 0.20174614 | U33: =IFERROR(IF(ISBLANK(INDIRECT("'"&$Q$2&"'!K"&ROW())),"",INDIRECT("'"&$Q$2&"'!K"&ROW())),"") -> -0.33333333 | V33: =IF(OR($K33="",$U33=""),"",$K33-$U33) -> 0.58333333 | W33: =IFERROR(IF(ISBLANK(INDIRECT("'"&$Q$2&"'!O"&ROW())),"",INDIRECT("'"&$Q$2&"'!O"&ROW())),"") -> -1 | X33: =IF(OR($O33="",$W33=""),"",$O33-$W33) -> -3
A34: Одноклассники | B34: Новый Уренгой | C34: 121 | D34: 721 | E34: =IF($D34="","",IFERROR(IF(ISBLANK(INDIRECT("'"&$Q$2&"'!D"&ROW())),"",INDIRECT("'"&$Q$2&"'!D"&ROW())),"")) -> 905 | F34: =IF(OR(D34="",E34=""),"",D34-E34) -> -184 | G34: =IFERROR(F34/E34,"") -> -0.20331492 | H34: 0 | I34: =IF($H34="","",IFERROR(IF(ISBLANK(INDIRECT("'"&$Q$2&"'!H"&ROW())),"",INDIRECT("'"&$Q$2&"'!H"&ROW())),"")) -> 0 | J34: =IF(OR(H34="",I34=""),"",H34-I34) -> 0 | K34: =IFERROR(J34/I34,"") | L34: =IFERROR(D34/C34,"") -> 5.9586777 | M34: =IFERROR(H34/D34*1000,"") -> 0 | N34: 6 | O34: =IFERROR(IF(OR(N34="",ISBLANK(INDIRECT("'"&$Q$2&"'!N"&ROW()))),"",N34-INDIRECT("'"&$Q$2&"'!N"&ROW())),"") -> 0 | S34: =IFERROR(IF(ISBLANK(INDIRECT("'"&$Q$2&"'!G"&ROW())),"",INDIRECT("'"&$Q$2&"'!G"&ROW())),"") -> -0.45317221 | T34: =IF(OR($G34="",$S34=""),"",$G34-$S34) -> 0.24985729 | U34: =IFERROR(IF(ISBLANK(INDIRECT("'"&$Q$2&"'!K"&ROW())),"",INDIRECT("'"&$Q$2&"'!K"&ROW())),"") | V34: =IF(OR($K34="",$U34=""),"",$K34-$U34) | W34: =IFERROR(IF(ISBLANK(INDIRECT("'"&$Q$2&"'!O"&ROW())),"",INDIRECT("'"&$Q$2&"'!O"&ROW())),"") -> 0 | X34: =IF(OR($O34="",$W34=""),"",$O34-$W34) -> 0
A35: Одноклассники | B35: Надым | C35: 138 | D35: 9472 | E35: =IF($D35="","",IFERROR(IF(ISBLANK(INDIRECT("'"&$Q$2&"'!D"&ROW())),"",INDIRECT("'"&$Q$2&"'!D"&ROW())),"")) -> 10237 | F35: =IF(OR(D35="",E35=""),"",D35-E35) -> -765 | G35: =IFERROR(F35/E35,"") -> -0.074728924 | H35: 48 | I35: =IF($H35="","",IFERROR(IF(ISBLANK(INDIRECT("'"&$Q$2&"'!H"&ROW())),"",INDIRECT("'"&$Q$2&"'!H"&ROW())),"")) -> 126 | J35: =IF(OR(H35="",I35=""),"",H35-I35) -> -78 | K35: =IFERROR(J35/I35,"") -> -0.61904762 | L35: =IFERROR(D35/C35,"") -> 68.637681 | M35: =IFERROR(H35/D35*1000,"") -> 5.0675676 | N35: 1941 | O35: =IFERROR(IF(OR(N35="",ISBLANK(INDIRECT("'"&$Q$2&"'!N"&ROW()))),"",N35-INDIRECT("'"&$Q$2&"'!N"&ROW())),"") -> 4 | S35: =IFERROR(IF(ISBLANK(INDIRECT("'"&$Q$2&"'!G"&ROW())),"",INDIRECT("'"&$Q$2&"'!G"&ROW())),"") -> 0.0031357178 | T35: =IF(OR($G35="",$S35=""),"",$G35-$S35) -> -0.077864642 | U35: =IFERROR(IF(ISBLANK(INDIRECT("'"&$Q$2&"'!K"&ROW())),"",INDIRECT("'"&$Q$2&"'!K"&ROW())),"") -> -0.20253165 | V35: =IF(OR($K35="",$U35=""),"",$K35-$U35) -> -0.41651597 | W35: =IFERROR(IF(ISBLANK(INDIRECT("'"&$Q$2&"'!O"&ROW())),"",INDIRECT("'"&$Q$2&"'!O"&ROW())),"") -> 1 | X35: =IF(OR($O35="",$W35=""),"",$O35-$W35) -> 3
A36: Одноклассники | B36: Ноябрьск | C36: 120 | D36: 39135 | E36: =IF($D36="","",IFERROR(IF(ISBLANK(INDIRECT("'"&$Q$2&"'!D"&ROW())),"",INDIRECT("'"&$Q$2&"'!D"&ROW())),"")) -> 40666 | F36: =IF(OR(D36="",E36=""),"",D36-E36) -> -1531 | G36: =IFERROR(F36/E36,"") -> -0.037648158 | H36: 552 | I36: =IF($H36="","",IFERROR(IF(ISBLANK(INDIRECT("'"&$Q$2&"'!H"&ROW())),"",INDIRECT("'"&$Q$2&"'!H"&ROW())),"")) -> 944 | J36: =IF(OR(H36="",I36=""),"",H36-I36) -> -392 | K36: =IFERROR(J36/I36,"") -> -0.41525424 | L36: =IFERROR(D36/C36,"") -> 326.125 | M36: =IFERROR(H36/D36*1000,"") -> 14.105021 | N36: 5888 | O36: =IFERROR(IF(OR(N36="",ISBLANK(INDIRECT("'"&$Q$2&"'!N"&ROW()))),"",N36-INDIRECT("'"&$Q$2&"'!N"&ROW())),"") -> 7 | S36: =IFERROR(IF(ISBLANK(INDIRECT("'"&$Q$2&"'!G"&ROW())),"",INDIRECT("'"&$Q$2&"'!G"&ROW())),"") -> -0.063922841 | T36: =IF(OR($G36="",$S36=""),"",$G36-$S36) -> 0.026274683 | U36: =IFERROR(IF(ISBLANK(INDIRECT("'"&$Q$2&"'!K"&ROW())),"",INDIRECT("'"&$Q$2&"'!K"&ROW())),"") -> 0.023861171 | V36: =IF(OR($K36="",$U36=""),"",$K36-$U36) -> -0.43911541 | W36: =IFERROR(IF(ISBLANK(INDIRECT("'"&$Q$2&"'!O"&ROW())),"",INDIRECT("'"&$Q$2&"'!O"&ROW())),"") -> 2 | X36: =IF(OR($O36="",$W36=""),"",$O36-$W36) -> 5
A37: Одноклассники | B37: Салехард | C37: 160 | D37: 6504 | E37: =IF($D37="","",IFERROR(IF(ISBLANK(INDIRECT("'"&$Q$2&"'!D"&ROW())),"",INDIRECT("'"&$Q$2&"'!D"&ROW())),"")) -> 7612 | F37: =IF(OR(D37="",E37=""),"",D37-E37) -> -1108 | G37: =IFERROR(F37/E37,"") -> -0.14555964 | H37: 48 | I37: =IF($H37="","",IFERROR(IF(ISBLANK(INDIRECT("'"&$Q$2&"'!H"&ROW())),"",INDIRECT("'"&$Q$2&"'!H"&ROW())),"")) -> 59 | J37: =IF(OR(H37="",I37=""),"",H37-I37) -> -11 | K37: =IFERROR(J37/I37,"") -> -0.18644068 | L37: =IFERROR(D37/C37,"") -> 40.65 | M37: =IFERROR(H37/D37*1000,"") -> 7.3800738 | N37: 3237 | O37: =IFERROR(IF(OR(N37="",ISBLANK(INDIRECT("'"&$Q$2&"'!N"&ROW()))),"",N37-INDIRECT("'"&$Q$2&"'!N"&ROW())),"") -> 1 | S37: =IFERROR(IF(ISBLANK(INDIRECT("'"&$Q$2&"'!G"&ROW())),"",INDIRECT("'"&$Q$2&"'!G"&ROW())),"") -> 0.38551147 | T37: =IF(OR($G37="",$S37=""),"",$G37-$S37) -> -0.53107111 | U37: =IFERROR(IF(ISBLANK(INDIRECT("'"&$Q$2&"'!K"&ROW())),"",INDIRECT("'"&$Q$2&"'!K"&ROW())),"") -> 1.5652174 | V37: =IF(OR($K37="",$U37=""),"",$K37-$U37) -> -1.7516581 | W37: =IFERROR(IF(ISBLANK(INDIRECT("'"&$Q$2&"'!O"&ROW())),"",INDIRECT("'"&$Q$2&"'!O"&ROW())),"") -> 2 | X37: =IF(OR($O37="",$W37=""),"",$O37-$W37) -> -1
A38: Одноклассники | B38: Приуралье | C38: 197 | D38: 10887 | E38: =IF($D38="","",IFERROR(IF(ISBLANK(INDIRECT("'"&$Q$2&"'!D"&ROW())),"",INDIRECT("'"&$Q$2&"'!D"&ROW())),"")) -> 8056 | F38: =IF(OR(D38="",E38=""),"",D38-E38) -> 2831 | G38: =IFERROR(F38/E38,"") -> 0.35141509 | H38: 183 | I38: =IF($H38="","",IFERROR(IF(ISBLANK(INDIRECT("'"&$Q$2&"'!H"&ROW())),"",INDIRECT("'"&$Q$2&"'!H"&ROW())),"")) -> 172 | J38: =IF(OR(H38="",I38=""),"",H38-I38) -> 11 | K38: =IFERROR(J38/I38,"") -> 0.063953488 | L38: =IFERROR(D38/C38,"") -> 55.263959 | M38: =IFERROR(H38/D38*1000,"") -> 16.809038 | N38: 1711 | O38: =IFERROR(IF(OR(N38="",ISBLANK(INDIRECT("'"&$Q$2&"'!N"&ROW()))),"",N38-INDIRECT("'"&$Q$2&"'!N"&ROW())),"") -> 6 | S38: =IFERROR(IF(ISBLANK(INDIRECT("'"&$Q$2&"'!G"&ROW())),"",INDIRECT("'"&$Q$2&"'!G"&ROW())),"") -> 0.10720176 | T38: =IF(OR($G38="",$S38=""),"",$G38-$S38) -> 0.24421334 | U38: =IFERROR(IF(ISBLANK(INDIRECT("'"&$Q$2&"'!K"&ROW())),"",INDIRECT("'"&$Q$2&"'!K"&ROW())),"") -> 1.0235294 | V38: =IF(OR($K38="",$U38=""),"",$K38-$U38) -> -0.95957592 | W38: =IFERROR(IF(ISBLANK(INDIRECT("'"&$Q$2&"'!O"&ROW())),"",INDIRECT("'"&$Q$2&"'!O"&ROW())),"") -> 10 | X38: =IF(OR($O38="",$W38=""),"",$O38-$W38) -> -4
A39: Одноклассники | B39: Лабытнанги | C39: 81 | D39: 4212 | E39: =IF($D39="","",IFERROR(IF(ISBLANK(INDIRECT("'"&$Q$2&"'!D"&ROW())),"",INDIRECT("'"&$Q$2&"'!D"&ROW())),"")) -> 1941 | F39: =IF(OR(D39="",E39=""),"",D39-E39) -> 2271 | G39: =IFERROR(F39/E39,"") -> 1.1700155 | H39: 8 | I39: =IF($H39="","",IFERROR(IF(ISBLANK(INDIRECT("'"&$Q$2&"'!H"&ROW())),"",INDIRECT("'"&$Q$2&"'!H"&ROW())),"")) -> 10 | J39: =IF(OR(H39="",I39=""),"",H39-I39) -> -2 | K39: =IFERROR(J39/I39,"") -> -0.2 | L39: =IFERROR(D39/C39,"") -> 52 | M39: =IFERROR(H39/D39*1000,"") -> 1.8993352 | N39: 225 | O39: =IFERROR(IF(OR(N39="",ISBLANK(INDIRECT("'"&$Q$2&"'!N"&ROW()))),"",N39-INDIRECT("'"&$Q$2&"'!N"&ROW())),"") -> 1 | S39: =IFERROR(IF(ISBLANK(INDIRECT("'"&$Q$2&"'!G"&ROW())),"",INDIRECT("'"&$Q$2&"'!G"&ROW())),"") -> -0.35429142 | T39: =IF(OR($G39="",$S39=""),"",$G39-$S39) -> 1.5243069 | U39: =IFERROR(IF(ISBLANK(INDIRECT("'"&$Q$2&"'!K"&ROW())),"",INDIRECT("'"&$Q$2&"'!K"&ROW())),"") -> -0.7826087 | V39: =IF(OR($K39="",$U39=""),"",$K39-$U39) -> 0.5826087 | W39: =IFERROR(IF(ISBLANK(INDIRECT("'"&$Q$2&"'!O"&ROW())),"",INDIRECT("'"&$Q$2&"'!O"&ROW())),"") -> 0 | X39: =IF(OR($O39="",$W39=""),"",$O39-$W39) -> 1
A40: Одноклассники | B40: Пуровский | C40: 83 | D40: 6832 | E40: =IF($D40="","",IFERROR(IF(ISBLANK(INDIRECT("'"&$Q$2&"'!D"&ROW())),"",INDIRECT("'"&$Q$2&"'!D"&ROW())),"")) -> 6191 | F40: =IF(OR(D40="",E40=""),"",D40-E40) -> 641 | G40: =IFERROR(F40/E40,"") -> 0.10353739 | H40: 54 | I40: =IF($H40="","",IFERROR(IF(ISBLANK(INDIRECT("'"&$Q$2&"'!H"&ROW())),"",INDIRECT("'"&$Q$2&"'!H"&ROW())),"")) -> 94 | J40: =IF(OR(H40="",I40=""),"",H40-I40) -> -40 | K40: =IFERROR(J40/I40,"") -> -0.42553191 | L40: =IFERROR(D40/C40,"") -> 82.313253 | M40: =IFERROR(H40/D40*1000,"") -> 7.9039813 | N40: 4958 | O40: =IFERROR(IF(OR(N40="",ISBLANK(INDIRECT("'"&$Q$2&"'!N"&ROW()))),"",N40-INDIRECT("'"&$Q$2&"'!N"&ROW())),"") -> 1 | S40: =IFERROR(IF(ISBLANK(INDIRECT("'"&$Q$2&"'!G"&ROW())),"",INDIRECT("'"&$Q$2&"'!G"&ROW())),"") -> -0.24893849 | T40: =IF(OR($G40="",$S40=""),"",$G40-$S40) -> 0.35247589 | U40: =IFERROR(IF(ISBLANK(INDIRECT("'"&$Q$2&"'!K"&ROW())),"",INDIRECT("'"&$Q$2&"'!K"&ROW())),"") -> -0.28787879 | V40: =IF(OR($K40="",$U40=""),"",$K40-$U40) -> -0.13765313 | W40: =IFERROR(IF(ISBLANK(INDIRECT("'"&$Q$2&"'!O"&ROW())),"",INDIRECT("'"&$Q$2&"'!O"&ROW())),"") -> 4 | X40: =IF(OR($O40="",$W40=""),"",$O40-$W40) -> -3
A41: Одноклассники | B41: Тазовский | C41: 77 | D41: 12790 | E41: =IF($D41="","",IFERROR(IF(ISBLANK(INDIRECT("'"&$Q$2&"'!D"&ROW())),"",INDIRECT("'"&$Q$2&"'!D"&ROW())),"")) -> 8540 | F41: =IF(OR(D41="",E41=""),"",D41-E41) -> 4250 | G41: =IFERROR(F41/E41,"") -> 0.49765808 | H41: 102 | I41: =IF($H41="","",IFERROR(IF(ISBLANK(INDIRECT("'"&$Q$2&"'!H"&ROW())),"",INDIRECT("'"&$Q$2&"'!H"&ROW())),"")) -> 111 | J41: =IF(OR(H41="",I41=""),"",H41-I41) -> -9 | K41: =IFERROR(J41/I41,"") -> -0.081081081 | L41: =IFERROR(D41/C41,"") -> 166.1039 | M41: =IFERROR(H41/D41*1000,"") -> 7.9749805 | N41: 3529 | O41: =IFERROR(IF(OR(N41="",ISBLANK(INDIRECT("'"&$Q$2&"'!N"&ROW()))),"",N41-INDIRECT("'"&$Q$2&"'!N"&ROW())),"") -> -1 | S41: =IFERROR(IF(ISBLANK(INDIRECT("'"&$Q$2&"'!G"&ROW())),"",INDIRECT("'"&$Q$2&"'!G"&ROW())),"") -> 0.11911938 | T41: =IF(OR($G41="",$S41=""),"",$G41-$S41) -> 0.3785387 | U41: =IFERROR(IF(ISBLANK(INDIRECT("'"&$Q$2&"'!K"&ROW())),"",INDIRECT("'"&$Q$2&"'!K"&ROW())),"") -> 0.60869565 | V41: =IF(OR($K41="",$U41=""),"",$K41-$U41) -> -0.68977673 | W41: =IFERROR(IF(ISBLANK(INDIRECT("'"&$Q$2&"'!O"&ROW())),"",INDIRECT("'"&$Q$2&"'!O"&ROW())),"") -> 0 | X41: =IF(OR($O41="",$W41=""),"",$O41-$W41) -> -1
A42: Одноклассники | B42: Красноселькуп | C42: 41 | D42: 7517 | E42: =IF($D42="","",IFERROR(IF(ISBLANK(INDIRECT("'"&$Q$2&"'!D"&ROW())),"",INDIRECT("'"&$Q$2&"'!D"&ROW())),"")) -> 6081 | F42: =IF(OR(D42="",E42=""),"",D42-E42) -> 1436 | G42: =IFERROR(F42/E42,"") -> 0.23614537 | H42: 133 | I42: =IF($H42="","",IFERROR(IF(ISBLANK(INDIRECT("'"&$Q$2&"'!H"&ROW())),"",INDIRECT("'"&$Q$2&"'!H"&ROW())),"")) -> 248 | J42: =IF(OR(H42="",I42=""),"",H42-I42) -> -115 | K42: =IFERROR(J42/I42,"") -> -0.46370968 | L42: =IFERROR(D42/C42,"") -> 183.34146 | M42: =IFERROR(H42/D42*1000,"") -> 17.693229 | N42: 651 | O42: =IFERROR(IF(OR(N42="",ISBLANK(INDIRECT("'"&$Q$2&"'!N"&ROW()))),"",N42-INDIRECT("'"&$Q$2&"'!N"&ROW())),"") -> 1 | S42: =IFERROR(IF(ISBLANK(INDIRECT("'"&$Q$2&"'!G"&ROW())),"",INDIRECT("'"&$Q$2&"'!G"&ROW())),"") -> -0.25349865 | T42: =IF(OR($G42="",$S42=""),"",$G42-$S42) -> 0.48964402 | U42: =IFERROR(IF(ISBLANK(INDIRECT("'"&$Q$2&"'!K"&ROW())),"",INDIRECT("'"&$Q$2&"'!K"&ROW())),"") -> -0.15358362 | V42: =IF(OR($K42="",$U42=""),"",$K42-$U42) -> -0.31012606 | W42: =IFERROR(IF(ISBLANK(INDIRECT("'"&$Q$2&"'!O"&ROW())),"",INDIRECT("'"&$Q$2&"'!O"&ROW())),"") -> 2 | X42: =IF(OR($O42="",$W42=""),"",$O42-$W42) -> -1
... A50: Одноклассники | B50: Морошка | C50: 6 | D50: 327 | E50: =IF($D50="","",IFERROR(IF(ISBLANK(INDIRECT("'"&$Q$2&"'!D"&ROW())),"",INDIRECT("'"&$Q$2&"'!D"&ROW())),"")) -> 81 | F50: =IF(OR(D50="",E50=""),"",D50-E50) -> 246 | G50: =IFERROR(F50/E50,"") -> 3.037037 | H50: 3 | I50: =IF($H50="","",IFERROR(IF(ISBLANK(INDIRECT("'"&$Q$2&"'!H"&ROW())),"",INDIRECT("'"&$Q$2&"'!H"&ROW())),"")) -> 4 | J50: =IF(OR(H50="",I50=""),"",H50-I50) -> -1 | K50: =IFERROR(J50/I50,"") -> -0.25 | L50: =IFERROR(D50/C50,"") -> 54.5 | M50: =IFERROR(H50/D50*1000,"") -> 9.1743119 | N50: 42 | O50: =IFERROR(IF(OR(N50="",ISBLANK(INDIRECT("'"&$Q$2&"'!N"&ROW()))),"",N50-INDIRECT("'"&$Q$2&"'!N"&ROW())),"") -> 0 | S50: =IFERROR(IF(ISBLANK(INDIRECT("'"&$Q$2&"'!G"&ROW())),"",INDIRECT("'"&$Q$2&"'!G"&ROW())),"") -> -0.69888476 | T50: =IF(OR($G50="",$S50=""),"",$G50-$S50) -> 3.7359218 | U50: =IFERROR(IF(ISBLANK(INDIRECT("'"&$Q$2&"'!K"&ROW())),"",INDIRECT("'"&$Q$2&"'!K"&ROW())),"") -> -0.55555556 | V50: =IF(OR($K50="",$U50=""),"",$K50-$U50) -> 0.30555556 | W50: =IFERROR(IF(ISBLANK(INDIRECT("'"&$Q$2&"'!O"&ROW())),"",INDIRECT("'"&$Q$2&"'!O"&ROW())),"") -> 0 | X50: =IF(OR($O50="",$W50=""),"",$O50-$W50) -> 0
B51: Итого Одноклассники | C51: =SUM(C31:C50) -> 2008 | D51: =SUM(D31:D50) -> 271024 | E51: =SUM(E31:E50) -> 518367 | F51: =SUM(F31:F50) -> -247343 | G51: =IF(C51=0,"",IFERROR(F51/E51,"")) -> -0.47715808 | H51: =SUM(H31:H50) -> 2679 | I51: =SUM(I31:I50) -> 3542 | J51: =SUM(J31:J50) -> -863 | K51: =IF(C51=0,"",IFERROR(J51/I51,"")) -> -0.24364766 | L51: =IFERROR(D51/C51,"") -> 134.97211 | M51: =IFERROR(H51/D51*1000,"") -> 9.8847335 | N51: =SUM(N31:N50) -> 107004 | O51: =SUM(O31:O50) -> 48 | S51: =IFERROR(IF(ISBLANK(INDIRECT("'"&$Q$2&"'!G"&ROW())),"",INDIRECT("'"&$Q$2&"'!G"&ROW())),"") -> 0.92953259 | T51: =IF(OR($G51="",$S51=""),"",$G51-$S51) -> -1.4066907 | U51: =IFERROR(IF(ISBLANK(INDIRECT("'"&$Q$2&"'!K"&ROW())),"",INDIRECT("'"&$Q$2&"'!K"&ROW())),"") -> -0.056473095 | V51: =IF(OR($K51="",$U51=""),"",$K51-$U51) -> -0.18717456 | W51: =IFERROR(IF(ISBLANK(INDIRECT("'"&$Q$2&"'!O"&ROW())),"",INDIRECT("'"&$Q$2&"'!O"&ROW())),"") -> 49 | X51: =IF(OR(C51=0,$O51="",$W51=""),"",$O51-$W51) -> -1
A52: Telegram | B52: Ямал-Медиа | C52: 149 | D52: 41618 | E52: =IF($D52="","",IFERROR(IF(ISBLANK(INDIRECT("'"&$Q$2&"'!D"&ROW())),"",INDIRECT("'"&$Q$2&"'!D"&ROW())),"")) -> 78442 | F52: =IF(OR(D52="",E52=""),"",D52-E52) -> -36824 | G52: =IFERROR(F52/E52,"") -> -0.46944239 | H52: 257 | I52: =IF($H52="","",IFERROR(IF(ISBLANK(INDIRECT("'"&$Q$2&"'!H"&ROW())),"",INDIRECT("'"&$Q$2&"'!H"&ROW())),"")) -> 366 | J52: =IF(OR(H52="",I52=""),"",H52-I52) -> -109 | K52: =IFERROR(J52/I52,"") -> -0.29781421 | L52: =IFERROR(D52/C52,"") -> 279.31544 | M52: =IFERROR(H52/D52*1000,"") -> 6.1752126 | N52: 11789 | O52: =IFERROR(IF(OR(N52="",ISBLANK(INDIRECT("'"&$Q$2&"'!N"&ROW()))),"",N52-INDIRECT("'"&$Q$2&"'!N"&ROW())),"") -> -22 | S52: =IFERROR(IF(ISBLANK(INDIRECT("'"&$Q$2&"'!G"&ROW())),"",INDIRECT("'"&$Q$2&"'!G"&ROW())),"") -> 1.248266 | T52: =IF(OR($G52="",$S52=""),"",$G52-$S52) -> -1.7177084 | U52: =IFERROR(IF(ISBLANK(INDIRECT("'"&$Q$2&"'!K"&ROW())),"",INDIRECT("'"&$Q$2&"'!K"&ROW())),"") -> 0.59825328 | V52: =IF(OR($K52="",$U52=""),"",$K52-$U52) -> -0.89606748 | W52: =IFERROR(IF(ISBLANK(INDIRECT("'"&$Q$2&"'!O"&ROW())),"",INDIRECT("'"&$Q$2&"'!O"&ROW())),"") -> -10 | X52: =IF(OR($O52="",$W52=""),"",$O52-$W52) -> -12
A53: Telegram | B53: Север-Пресс | C53: 149 | D53: 34910 | E53: =IF($D53="","",IFERROR(IF(ISBLANK(INDIRECT("'"&$Q$2&"'!D"&ROW())),"",INDIRECT("'"&$Q$2&"'!D"&ROW())),"")) -> 17966 | F53: =IF(OR(D53="",E53=""),"",D53-E53) -> 16944 | G53: =IFERROR(F53/E53,"") -> 0.94311477 | H53: 41 | I53: =IF($H53="","",IFERROR(IF(ISBLANK(INDIRECT("'"&$Q$2&"'!H"&ROW())),"",INDIRECT("'"&$Q$2&"'!H"&ROW())),"")) -> 50 | J53: =IF(OR(H53="",I53=""),"",H53-I53) -> -9 | K53: =IFERROR(J53/I53,"") -> -0.18 | L53: =IFERROR(D53/C53,"") -> 234.2953 | M53: =IFERROR(H53/D53*1000,"") -> 1.1744486 | N53: 4817 | O53: =IFERROR(IF(OR(N53="",ISBLANK(INDIRECT("'"&$Q$2&"'!N"&ROW()))),"",N53-INDIRECT("'"&$Q$2&"'!N"&ROW())),"") -> 2 | S53: =IFERROR(IF(ISBLANK(INDIRECT("'"&$Q$2&"'!G"&ROW())),"",INDIRECT("'"&$Q$2&"'!G"&ROW())),"") -> -0.45315639 | T53: =IF(OR($G53="",$S53=""),"",$G53-$S53) -> 1.3962712 | U53: =IFERROR(IF(ISBLANK(INDIRECT("'"&$Q$2&"'!K"&ROW())),"",INDIRECT("'"&$Q$2&"'!K"&ROW())),"") -> 0.38888889 | V53: =IF(OR($K53="",$U53=""),"",$K53-$U53) -> -0.56888889 | W53: =IFERROR(IF(ISBLANK(INDIRECT("'"&$Q$2&"'!O"&ROW())),"",INDIRECT("'"&$Q$2&"'!O"&ROW())),"") -> -10 | X53: =IF(OR($O53="",$W53=""),"",$O53-$W53) -> 12
A54: Telegram | B54: Красный Север | C54: 101 | D54: 2614 | E54: =IF($D54="","",IFERROR(IF(ISBLANK(INDIRECT("'"&$Q$2&"'!D"&ROW())),"",INDIRECT("'"&$Q$2&"'!D"&ROW())),"")) -> 2324 | F54: =IF(OR(D54="",E54=""),"",D54-E54) -> 290 | G54: =IFERROR(F54/E54,"") -> 0.12478485 | H54: 1 | I54: =IF($H54="","",IFERROR(IF(ISBLANK(INDIRECT("'"&$Q$2&"'!H"&ROW())),"",INDIRECT("'"&$Q$2&"'!H"&ROW())),"")) -> 2 | J54: =IF(OR(H54="",I54=""),"",H54-I54) -> -1 | K54: =IFERROR(J54/I54,"") -> -0.5 | L54: =IFERROR(D54/C54,"") -> 25.881188 | M54: =IFERROR(H54/D54*1000,"") -> 0.38255547 | N54: 873 | O54: =IFERROR(IF(OR(N54="",ISBLANK(INDIRECT("'"&$Q$2&"'!N"&ROW()))),"",N54-INDIRECT("'"&$Q$2&"'!N"&ROW())),"") -> -3 | S54: =IFERROR(IF(ISBLANK(INDIRECT("'"&$Q$2&"'!G"&ROW())),"",INDIRECT("'"&$Q$2&"'!G"&ROW())),"") -> 0.52193844 | T54: =IF(OR($G54="",$S54=""),"",$G54-$S54) -> -0.39715359 | U54: =IFERROR(IF(ISBLANK(INDIRECT("'"&$Q$2&"'!K"&ROW())),"",INDIRECT("'"&$Q$2&"'!K"&ROW())),"") -> -0.5 | V54: =IF(OR($K54="",$U54=""),"",$K54-$U54) -> 0 | W54: =IFERROR(IF(ISBLANK(INDIRECT("'"&$Q$2&"'!O"&ROW())),"",INDIRECT("'"&$Q$2&"'!O"&ROW())),"") -> 3 | X54: =IF(OR($O54="",$W54=""),"",$O54-$W54) -> -6
A55: Telegram | B55: СМП | C55: 10 | D55: 34446 | E55: =IF($D55="","",IFERROR(IF(ISBLANK(INDIRECT("'"&$Q$2&"'!D"&ROW())),"",INDIRECT("'"&$Q$2&"'!D"&ROW())),"")) -> 25402 | F55: =IF(OR(D55="",E55=""),"",D55-E55) -> 9044 | G55: =IFERROR(F55/E55,"") -> 0.35603496 | H55: 28 | I55: =IF($H55="","",IFERROR(IF(ISBLANK(INDIRECT("'"&$Q$2&"'!H"&ROW())),"",INDIRECT("'"&$Q$2&"'!H"&ROW())),"")) -> 31 | J55: =IF(OR(H55="",I55=""),"",H55-I55) -> -3 | K55: =IFERROR(J55/I55,"") -> -0.096774194 | L55: =IFERROR(D55/C55,"") -> 3444.6 | M55: =IFERROR(H55/D55*1000,"") -> 0.81286652 | N55: 13819 | O55: =IFERROR(IF(OR(N55="",ISBLANK(INDIRECT("'"&$Q$2&"'!N"&ROW()))),"",N55-INDIRECT("'"&$Q$2&"'!N"&ROW())),"") -> -16 | S55: =IFERROR(IF(ISBLANK(INDIRECT("'"&$Q$2&"'!G"&ROW())),"",INDIRECT("'"&$Q$2&"'!G"&ROW())),"") -> 5.7576483 | T55: =IF(OR($G55="",$S55=""),"",$G55-$S55) -> -5.4016134 | U55: =IFERROR(IF(ISBLANK(INDIRECT("'"&$Q$2&"'!K"&ROW())),"",INDIRECT("'"&$Q$2&"'!K"&ROW())),"") -> 0.72222222 | V55: =IF(OR($K55="",$U55=""),"",$K55-$U55) -> -0.81899642 | W55: =IFERROR(IF(ISBLANK(INDIRECT("'"&$Q$2&"'!O"&ROW())),"",INDIRECT("'"&$Q$2&"'!O"&ROW())),"") -> -22 | X55: =IF(OR($O55="",$W55=""),"",$O55-$W55) -> 6
A56: Telegram | B56: СШХ | C56: 8 | D56: 1684 | E56: =IF($D56="","",IFERROR(IF(ISBLANK(INDIRECT("'"&$Q$2&"'!D"&ROW())),"",INDIRECT("'"&$Q$2&"'!D"&ROW())),"")) -> 395 | F56: =IF(OR(D56="",E56=""),"",D56-E56) -> 1289 | G56: =IFERROR(F56/E56,"") -> 3.2632911 | H56: 10 | I56: =IF($H56="","",IFERROR(IF(ISBLANK(INDIRECT("'"&$Q$2&"'!H"&ROW())),"",INDIRECT("'"&$Q$2&"'!H"&ROW())),"")) -> 15 | J56: =IF(OR(H56="",I56=""),"",H56-I56) -> -5 | K56: =IFERROR(J56/I56,"") -> -0.33333333 | L56: =IFERROR(D56/C56,"") -> 210.5 | M56: =IFERROR(H56/D56*1000,"") -> 5.9382423 | N56: 8660 | O56: =IFERROR(IF(OR(N56="",ISBLANK(INDIRECT("'"&$Q$2&"'!N"&ROW()))),"",N56-INDIRECT("'"&$Q$2&"'!N"&ROW())),"") -> -4 | S56: =IFERROR(IF(ISBLANK(INDIRECT("'"&$Q$2&"'!G"&ROW())),"",INDIRECT("'"&$Q$2&"'!G"&ROW())),"") -> -0.86313236 | T56: =IF(OR($G56="",$S56=""),"",$G56-$S56) -> 4.1264235 | U56: =IFERROR(IF(ISBLANK(INDIRECT("'"&$Q$2&"'!K"&ROW())),"",INDIRECT("'"&$Q$2&"'!K"&ROW())),"") -> 0.66666667 | V56: =IF(OR($K56="",$U56=""),"",$K56-$U56) -> -1 | W56: =IFERROR(IF(ISBLANK(INDIRECT("'"&$Q$2&"'!O"&ROW())),"",INDIRECT("'"&$Q$2&"'!O"&ROW())),"") -> -14 | X56: =IF(OR($O56="",$W56=""),"",$O56-$W56) -> 10
A57: Telegram | B57: Новый Уренгой | C57: 128 | D57: 80456 | E57: =IF($D57="","",IFERROR(IF(ISBLANK(INDIRECT("'"&$Q$2&"'!D"&ROW())),"",INDIRECT("'"&$Q$2&"'!D"&ROW())),"")) -> 116631 | F57: =IF(OR(D57="",E57=""),"",D57-E57) -> -36175 | G57: =IFERROR(F57/E57,"") -> -0.31016625 | H57: 347 | I57: =IF($H57="","",IFERROR(IF(ISBLANK(INDIRECT("'"&$Q$2&"'!H"&ROW())),"",INDIRECT("'"&$Q$2&"'!H"&ROW())),"")) -> 563 | J57: =IF(OR(H57="",I57=""),"",H57-I57) -> -216 | K57: =IFERROR(J57/I57,"") -> -0.38365897 | L57: =IFERROR(D57/C57,"") -> 628.5625 | M57: =IFERROR(H57/D57*1000,"") -> 4.3129164 | N57: 10912 | O57: =IFERROR(IF(OR(N57="",ISBLANK(INDIRECT("'"&$Q$2&"'!N"&ROW()))),"",N57-INDIRECT("'"&$Q$2&"'!N"&ROW())),"") -> -16 | S57: =IFERROR(IF(ISBLANK(INDIRECT("'"&$Q$2&"'!G"&ROW())),"",INDIRECT("'"&$Q$2&"'!G"&ROW())),"") -> 0.33504653 | T57: =IF(OR($G57="",$S57=""),"",$G57-$S57) -> -0.64521278 | U57: =IFERROR(IF(ISBLANK(INDIRECT("'"&$Q$2&"'!K"&ROW())),"",INDIRECT("'"&$Q$2&"'!K"&ROW())),"") -> 0.56824513 | V57: =IF(OR($K57="",$U57=""),"",$K57-$U57) -> -0.9519041 | W57: =IFERROR(IF(ISBLANK(INDIRECT("'"&$Q$2&"'!O"&ROW())),"",INDIRECT("'"&$Q$2&"'!O"&ROW())),"") -> 53 | X57: =IF(OR($O57="",$W57=""),"",$O57-$W57) -> -69
A58: Telegram | B58: Надым | C58: 124 | D58: 24487 | E58: =IF($D58="","",IFERROR(IF(ISBLANK(INDIRECT("'"&$Q$2&"'!D"&ROW())),"",INDIRECT("'"&$Q$2&"'!D"&ROW())),"")) -> 21703 | F58: =IF(OR(D58="",E58=""),"",D58-E58) -> 2784 | G58: =IFERROR(F58/E58,"") -> 0.1282772 | H58: 280 | I58: =IF($H58="","",IFERROR(IF(ISBLANK(INDIRECT("'"&$Q$2&"'!H"&ROW())),"",INDIRECT("'"&$Q$2&"'!H"&ROW())),"")) -> 293 | J58: =IF(OR(H58="",I58=""),"",H58-I58) -> -13 | K58: =IFERROR(J58/I58,"") -> -0.044368601 | L58: =IFERROR(D58/C58,"") -> 197.47581 | M58: =IFERROR(H58/D58*1000,"") -> 11.434639 | N58: 4109 | O58: =IFERROR(IF(OR(N58="",ISBLANK(INDIRECT("'"&$Q$2&"'!N"&ROW()))),"",N58-INDIRECT("'"&$Q$2&"'!N"&ROW())),"") -> -11 | S58: =IFERROR(IF(ISBLANK(INDIRECT("'"&$Q$2&"'!G"&ROW())),"",INDIRECT("'"&$Q$2&"'!G"&ROW())),"") -> -0.1554267 | T58: =IF(OR($G58="",$S58=""),"",$G58-$S58) -> 0.2837039 | U58: =IFERROR(IF(ISBLANK(INDIRECT("'"&$Q$2&"'!K"&ROW())),"",INDIRECT("'"&$Q$2&"'!K"&ROW())),"") -> 0.069343066 | V58: =IF(OR($K58="",$U58=""),"",$K58-$U58) -> -0.11371167 | W58: =IFERROR(IF(ISBLANK(INDIRECT("'"&$Q$2&"'!O"&ROW())),"",INDIRECT("'"&$Q$2&"'!O"&ROW())),"") -> -12 | X58: =IF(OR($O58="",$W58=""),"",$O58-$W58) -> 1
A59: Telegram | B59: Ноябрьск | C59: 119 | D59: 37935 | E59: =IF($D59="","",IFERROR(IF(ISBLANK(INDIRECT("'"&$Q$2&"'!D"&ROW())),"",INDIRECT("'"&$Q$2&"'!D"&ROW())),"")) -> 35309 | F59: =IF(OR(D59="",E59=""),"",D59-E59) -> 2626 | G59: =IFERROR(F59/E59,"") -> 0.074371973 | H59: 235 | I59: =IF($H59="","",IFERROR(IF(ISBLANK(INDIRECT("'"&$Q$2&"'!H"&ROW())),"",INDIRECT("'"&$Q$2&"'!H"&ROW())),"")) -> 269 | J59: =IF(OR(H59="",I59=""),"",H59-I59) -> -34 | K59: =IFERROR(J59/I59,"") -> -0.12639405 | L59: =IFERROR(D59/C59,"") -> 318.78151 | M59: =IFERROR(H59/D59*1000,"") -> 6.1948069 | N59: 5527 | O59: =IFERROR(IF(OR(N59="",ISBLANK(INDIRECT("'"&$Q$2&"'!N"&ROW()))),"",N59-INDIRECT("'"&$Q$2&"'!N"&ROW())),"") -> -22 | S59: =IFERROR(IF(ISBLANK(INDIRECT("'"&$Q$2&"'!G"&ROW())),"",INDIRECT("'"&$Q$2&"'!G"&ROW())),"") -> -0.11263854 | T59: =IF(OR($G59="",$S59=""),"",$G59-$S59) -> 0.18701051 | U59: =IFERROR(IF(ISBLANK(INDIRECT("'"&$Q$2&"'!K"&ROW())),"",INDIRECT("'"&$Q$2&"'!K"&ROW())),"") -> -0.36104513 | V59: =IF(OR($K59="",$U59=""),"",$K59-$U59) -> 0.23465108 | W59: =IFERROR(IF(ISBLANK(INDIRECT("'"&$Q$2&"'!O"&ROW())),"",INDIRECT("'"&$Q$2&"'!O"&ROW())),"") -> 0 | X59: =IF(OR($O59="",$W59=""),"",$O59-$W59) -> -22
A60: Telegram | B60: Салехард | C60: 155 | D60: 65888 | E60: =IF($D60="","",IFERROR(IF(ISBLANK(INDIRECT("'"&$Q$2&"'!D"&ROW())),"",INDIRECT("'"&$Q$2&"'!D"&ROW())),"")) -> 71836 | F60: =IF(OR(D60="",E60=""),"",D60-E60) -> -5948 | G60: =IFERROR(F60/E60,"") -> -0.08279971 | H60: 167 | I60: =IF($H60="","",IFERROR(IF(ISBLANK(INDIRECT("'"&$Q$2&"'!H"&ROW())),"",INDIRECT("'"&$Q$2&"'!H"&ROW())),"")) -> 267 | J60: =IF(OR(H60="",I60=""),"",H60-I60) -> -100 | K60: =IFERROR(J60/I60,"") -> -0.37453184 | L60: =IFERROR(D60/C60,"") -> 425.08387 | M60: =IFERROR(H60/D60*1000,"") -> 2.5346042 | N60: 10422 | O60: =IFERROR(IF(OR(N60="",ISBLANK(INDIRECT("'"&$Q$2&"'!N"&ROW()))),"",N60-INDIRECT("'"&$Q$2&"'!N"&ROW())),"") -> -25 | S60: =IFERROR(IF(ISBLANK(INDIRECT("'"&$Q$2&"'!G"&ROW())),"",INDIRECT("'"&$Q$2&"'!G"&ROW())),"") -> 0.39238642 | T60: =IF(OR($G60="",$S60=""),"",$G60-$S60) -> -0.47518613 | U60: =IFERROR(IF(ISBLANK(INDIRECT("'"&$Q$2&"'!K"&ROW())),"",INDIRECT("'"&$Q$2&"'!K"&ROW())),"") -> 0.18141593 | V60: =IF(OR($K60="",$U60=""),"",$K60-$U60) -> -0.55594776 | W60: =IFERROR(IF(ISBLANK(INDIRECT("'"&$Q$2&"'!O"&ROW())),"",INDIRECT("'"&$Q$2&"'!O"&ROW())),"") -> -12 | X60: =IF(OR($O60="",$W60=""),"",$O60-$W60) -> -13
A61: Telegram | B61: Приуралье | C61: 114 | D61: 42793 | E61: =IF($D61="","",IFERROR(IF(ISBLANK(INDIRECT("'"&$Q$2&"'!D"&ROW())),"",INDIRECT("'"&$Q$2&"'!D"&ROW())),"")) -> 10230 | F61: =IF(OR(D61="",E61=""),"",D61-E61) -> 32563 | G61: =IFERROR(F61/E61,"") -> 3.183089 | H61: 131 | I61: =IF($H61="","",IFERROR(IF(ISBLANK(INDIRECT("'"&$Q$2&"'!H"&ROW())),"",INDIRECT("'"&$Q$2&"'!H"&ROW())),"")) -> 88 | J61: =IF(OR(H61="",I61=""),"",H61-I61) -> 43 | K61: =IFERROR(J61/I61,"") -> 0.48863636 | L61: =IFERROR(D61/C61,"") -> 375.37719 | M61: =IFERROR(H61/D61*1000,"") -> 3.0612483 | N61: 2317 | O61: =IFERROR(IF(OR(N61="",ISBLANK(INDIRECT("'"&$Q$2&"'!N"&ROW()))),"",N61-INDIRECT("'"&$Q$2&"'!N"&ROW())),"") -> -2 | S61: =IFERROR(IF(ISBLANK(INDIRECT("'"&$Q$2&"'!G"&ROW())),"",INDIRECT("'"&$Q$2&"'!G"&ROW())),"") -> 0.25876707 | T61: =IF(OR($G61="",$S61=""),"",$G61-$S61) -> 2.9243219 | U61: =IFERROR(IF(ISBLANK(INDIRECT("'"&$Q$2&"'!K"&ROW())),"",INDIRECT("'"&$Q$2&"'!K"&ROW())),"") -> 5.7692308 | V61: =IF(OR($K61="",$U61=""),"",$K61-$U61) -> -5.2805944 | W61: =IFERROR(IF(ISBLANK(INDIRECT("'"&$Q$2&"'!O"&ROW())),"",INDIRECT("'"&$Q$2&"'!O"&ROW())),"") -> 1 | X61: =IF(OR($O61="",$W61=""),"",$O61-$W61) -> -3
A62: Telegram | B62: Лабытнанги | C62: 77 | D62: 6106 | E62: =IF($D62="","",IFERROR(IF(ISBLANK(INDIRECT("'"&$Q$2&"'!D"&ROW())),"",INDIRECT("'"&$Q$2&"'!D"&ROW())),"")) -> 3879 | F62: =IF(OR(D62="",E62=""),"",D62-E62) -> 2227 | G62: =IFERROR(F62/E62,"") -> 0.57411704 | H62: 43 | I62: =IF($H62="","",IFERROR(IF(ISBLANK(INDIRECT("'"&$Q$2&"'!H"&ROW())),"",INDIRECT("'"&$Q$2&"'!H"&ROW())),"")) -> 75 | J62: =IF(OR(H62="",I62=""),"",H62-I62) -> -32 | K62: =IFERROR(J62/I62,"") -> -0.42666667 | L62: =IFERROR(D62/C62,"") -> 79.298701 | M62: =IFERROR(H62/D62*1000,"") -> 7.0422535 | N62: 1376 | O62: =IFERROR(IF(OR(N62="",ISBLANK(INDIRECT("'"&$Q$2&"'!N"&ROW()))),"",N62-INDIRECT("'"&$Q$2&"'!N"&ROW())),"") -> -6 | S62: =IFERROR(IF(ISBLANK(INDIRECT("'"&$Q$2&"'!G"&ROW())),"",INDIRECT("'"&$Q$2&"'!G"&ROW())),"") -> 0.049229105 | T62: =IF(OR($G62="",$S62=""),"",$G62-$S62) -> 0.52488794 | U62: =IFERROR(IF(ISBLANK(INDIRECT("'"&$Q$2&"'!K"&ROW())),"",INDIRECT("'"&$Q$2&"'!K"&ROW())),"") -> 1.4193548 | V62: =IF(OR($K62="",$U62=""),"",$K62-$U62) -> -1.8460215 | W62: =IFERROR(IF(ISBLANK(INDIRECT("'"&$Q$2&"'!O"&ROW())),"",INDIRECT("'"&$Q$2&"'!O"&ROW())),"") -> 4 | X62: =IF(OR($O62="",$W62=""),"",$O62-$W62) -> -10
A63: Telegram | B63: Пуровский | C63: 90 | D63: 26252 | E63: =IF($D63="","",IFERROR(IF(ISBLANK(INDIRECT("'"&$Q$2&"'!D"&ROW())),"",INDIRECT("'"&$Q$2&"'!D"&ROW())),"")) -> 21971 | F63: =IF(OR(D63="",E63=""),"",D63-E63) -> 4281 | G63: =IFERROR(F63/E63,"") -> 0.19484775 | H63: 80 | I63: =IF($H63="","",IFERROR(IF(ISBLANK(INDIRECT("'"&$Q$2&"'!H"&ROW())),"",INDIRECT("'"&$Q$2&"'!H"&ROW())),"")) -> 114 | J63: =IF(OR(H63="",I63=""),"",H63-I63) -> -34 | K63: =IFERROR(J63/I63,"") -> -0.29824561 | L63: =IFERROR(D63/C63,"") -> 291.68889 | M63: =IFERROR(H63/D63*1000,"") -> 3.0473869 | N63: 5657 | O63: =IFERROR(IF(OR(N63="",ISBLANK(INDIRECT("'"&$Q$2&"'!N"&ROW()))),"",N63-INDIRECT("'"&$Q$2&"'!N"&ROW())),"") -> -9 | S63: =IFERROR(IF(ISBLANK(INDIRECT("'"&$Q$2&"'!G"&ROW())),"",INDIRECT("'"&$Q$2&"'!G"&ROW())),"") -> -0.29575614 | T63: =IF(OR($G63="",$S63=""),"",$G63-$S63) -> 0.49060389 | U63: =IFERROR(IF(ISBLANK(INDIRECT("'"&$Q$2&"'!K"&ROW())),"",INDIRECT("'"&$Q$2&"'!K"&ROW())),"") -> -0.21917808 | V63: =IF(OR($K63="",$U63=""),"",$K63-$U63) -> -0.079067532 | W63: =IFERROR(IF(ISBLANK(INDIRECT("'"&$Q$2&"'!O"&ROW())),"",INDIRECT("'"&$Q$2&"'!O"&ROW())),"") -> -21 | X63: =IF(OR($O63="",$W63=""),"",$O63-$W63) -> 12
... A73: Telegram | B73: Морошка | C73: 6 | D73: 826 | E73: =IF($D73="","",IFERROR(IF(ISBLANK(INDIRECT("'"&$Q$2&"'!D"&ROW())),"",INDIRECT("'"&$Q$2&"'!D"&ROW())),"")) -> 120 | F73: =IF(OR(D73="",E73=""),"",D73-E73) -> 706 | G73: =IFERROR(F73/E73,"") -> 5.8833333 | H73: 14 | I73: =IF($H73="","",IFERROR(IF(ISBLANK(INDIRECT("'"&$Q$2&"'!H"&ROW())),"",INDIRECT("'"&$Q$2&"'!H"&ROW())),"")) -> 18 | J73: =IF(OR(H73="",I73=""),"",H73-I73) -> -4 | K73: =IFERROR(J73/I73,"") -> -0.22222222 | L73: =IFERROR(D73/C73,"") -> 137.66667 | M73: =IFERROR(H73/D73*1000,"") -> 16.949153 | N73: 54 | O73: =IFERROR(IF(OR(N73="",ISBLANK(INDIRECT("'"&$Q$2&"'!N"&ROW()))),"",N73-INDIRECT("'"&$Q$2&"'!N"&ROW())),"") -> 1 | S73: =IFERROR(IF(ISBLANK(INDIRECT("'"&$Q$2&"'!G"&ROW())),"",INDIRECT("'"&$Q$2&"'!G"&ROW())),"") -> -0.95776135 | T73: =IF(OR($G73="",$S73=""),"",$G73-$S73) -> 6.8410947 | U73: =IFERROR(IF(ISBLANK(INDIRECT("'"&$Q$2&"'!K"&ROW())),"",INDIRECT("'"&$Q$2&"'!K"&ROW())),"") -> -0.59090909 | V73: =IF(OR($K73="",$U73=""),"",$K73-$U73) -> 0.36868687 | W73: =IFERROR(IF(ISBLANK(INDIRECT("'"&$Q$2&"'!O"&ROW())),"",INDIRECT("'"&$Q$2&"'!O"&ROW())),"") -> 0 | X73: =IF(OR($O73="",$W73=""),"",$O73-$W73) -> 1
B74: Итого Telegram | C74: =SUM(C52:C73) -> 1844 | D74: =SUM(D52:D73) -> 485768 | E74: =SUM(E52:E73) -> 476973 | F74: =SUM(F52:F73) -> 8795 | G74: =IF(C74=0,"",IFERROR(F74/E74,"")) -> 0.018439199 | H74: =SUM(H52:H73) -> 2618 | I74: =SUM(I52:I73) -> 3195 | J74: =SUM(J52:J73) -> -577 | K74: =IF(C74=0,"",IFERROR(J74/I74,"")) -> -0.18059468 | L74: =IFERROR(D74/C74,"") -> 263.43167 | M74: =IFERROR(H74/D74*1000,"") -> 5.389404 | N74: =SUM(N52:N73) -> 98319 | O74: =SUM(O52:O73) -> -179 | S74: =IFERROR(IF(ISBLANK(INDIRECT("'"&$Q$2&"'!G"&ROW())),"",INDIRECT("'"&$Q$2&"'!G"&ROW())),"") -> 0.10590895 | T74: =IF(OR($G74="",$S74=""),"",$G74-$S74) -> -0.08746975 | U74: =IFERROR(IF(ISBLANK(INDIRECT("'"&$Q$2&"'!K"&ROW())),"",INDIRECT("'"&$Q$2&"'!K"&ROW())),"") -> 0.079756675 | V74: =IF(OR($K74="",$U74=""),"",$K74-$U74) -> -0.26035135 | W74: =IFERROR(IF(ISBLANK(INDIRECT("'"&$Q$2&"'!O"&ROW())),"",INDIRECT("'"&$Q$2&"'!O"&ROW())),"") -> -81 | X74: =IF(OR(C74=0,$O74="",$W74=""),"",$O74-$W74) -> -98
A75: МАКС | B75: Ямал-Медиа | C75: 159 | D75: 166032 | E75: =IF($D75="","",IFERROR(IF(ISBLANK(INDIRECT("'"&$Q$2&"'!D"&ROW())),"",INDIRECT("'"&$Q$2&"'!D"&ROW())),"")) -> 148551 | F75: =IF(OR(D75="",E75=""),"",D75-E75) -> 17481 | G75: =IFERROR(F75/E75,"") -> 0.11767676 | H75: 1755 | I75: =IF($H75="","",IFERROR(IF(ISBLANK(INDIRECT("'"&$Q$2&"'!H"&ROW())),"",INDIRECT("'"&$Q$2&"'!H"&ROW())),"")) -> 1780 | J75: =IF(OR(H75="",I75=""),"",H75-I75) -> -25 | K75: =IFERROR(J75/I75,"") -> -0.014044944 | L75: =IFERROR(D75/C75,"") -> 1044.2264 | M75: =IFERROR(H75/D75*1000,"") -> 10.570252 | N75: 4401 | O75: =IFERROR(IF(OR(N75="",ISBLANK(INDIRECT("'"&$Q$2&"'!N"&ROW()))),"",N75-INDIRECT("'"&$Q$2&"'!N"&ROW())),"") -> 120 | S75: =IFERROR(IF(ISBLANK(INDIRECT("'"&$Q$2&"'!G"&ROW())),"",INDIRECT("'"&$Q$2&"'!G"&ROW())),"") -> 0.094741884 | T75: =IF(OR($G75="",$S75=""),"",$G75-$S75) -> 0.022934873 | U75: =IFERROR(IF(ISBLANK(INDIRECT("'"&$Q$2&"'!K"&ROW())),"",INDIRECT("'"&$Q$2&"'!K"&ROW())),"") -> 0.36817832 | V75: =IF(OR($K75="",$U75=""),"",$K75-$U75) -> -0.38222327 | W75: =IFERROR(IF(ISBLANK(INDIRECT("'"&$Q$2&"'!O"&ROW())),"",INDIRECT("'"&$Q$2&"'!O"&ROW())),"") -> 93 | X75: =IF(OR($O75="",$W75=""),"",$O75-$W75) -> 27
A76: МАКС | B76: Север-Пресс | C76: 160 | D76: 74136 | E76: =IF($D76="","",IFERROR(IF(ISBLANK(INDIRECT("'"&$Q$2&"'!D"&ROW())),"",INDIRECT("'"&$Q$2&"'!D"&ROW())),"")) -> 70047 | F76: =IF(OR(D76="",E76=""),"",D76-E76) -> 4089 | G76: =IFERROR(F76/E76,"") -> 0.058375091 | H76: 264 | I76: =IF($H76="","",IFERROR(IF(ISBLANK(INDIRECT("'"&$Q$2&"'!H"&ROW())),"",INDIRECT("'"&$Q$2&"'!H"&ROW())),"")) -> 295 | J76: =IF(OR(H76="",I76=""),"",H76-I76) -> -31 | K76: =IFERROR(J76/I76,"") -> -0.10508475 | L76: =IFERROR(D76/C76,"") -> 463.35 | M76: =IFERROR(H76/D76*1000,"") -> 3.561023 | N76: 2239 | O76: =IFERROR(IF(OR(N76="",ISBLANK(INDIRECT("'"&$Q$2&"'!N"&ROW()))),"",N76-INDIRECT("'"&$Q$2&"'!N"&ROW())),"") -> 18 | S76: =IFERROR(IF(ISBLANK(INDIRECT("'"&$Q$2&"'!G"&ROW())),"",INDIRECT("'"&$Q$2&"'!G"&ROW())),"") -> 0.16071784 | T76: =IF(OR($G76="",$S76=""),"",$G76-$S76) -> -0.10234275 | U76: =IFERROR(IF(ISBLANK(INDIRECT("'"&$Q$2&"'!K"&ROW())),"",INDIRECT("'"&$Q$2&"'!K"&ROW())),"") -> 0.25531915 | V76: =IF(OR($K76="",$U76=""),"",$K76-$U76) -> -0.36040389 | W76: =IFERROR(IF(ISBLANK(INDIRECT("'"&$Q$2&"'!O"&ROW())),"",INDIRECT("'"&$Q$2&"'!O"&ROW())),"") -> 14 | X76: =IF(OR($O76="",$W76=""),"",$O76-$W76) -> 4
A77: МАКС | B77: Красный Север | C77: 102 | D77: 7964 | E77: =IF($D77="","",IFERROR(IF(ISBLANK(INDIRECT("'"&$Q$2&"'!D"&ROW())),"",INDIRECT("'"&$Q$2&"'!D"&ROW())),"")) -> 6026 | F77: =IF(OR(D77="",E77=""),"",D77-E77) -> 1938 | G77: =IFERROR(F77/E77,"") -> 0.32160637 | H77: 3 | I77: =IF($H77="","",IFERROR(IF(ISBLANK(INDIRECT("'"&$Q$2&"'!H"&ROW())),"",INDIRECT("'"&$Q$2&"'!H"&ROW())),"")) -> 13 | J77: =IF(OR(H77="",I77=""),"",H77-I77) -> -10 | K77: =IFERROR(J77/I77,"") -> -0.76923077 | L77: =IFERROR(D77/C77,"") -> 78.078431 | M77: =IFERROR(H77/D77*1000,"") -> 0.37669513 | N77: 273 | O77: =IFERROR(IF(OR(N77="",ISBLANK(INDIRECT("'"&$Q$2&"'!N"&ROW()))),"",N77-INDIRECT("'"&$Q$2&"'!N"&ROW())),"") -> 3 | S77: =IFERROR(IF(ISBLANK(INDIRECT("'"&$Q$2&"'!G"&ROW())),"",INDIRECT("'"&$Q$2&"'!G"&ROW())),"") -> 0.20592355 | T77: =IF(OR($G77="",$S77=""),"",$G77-$S77) -> 0.11568282 | U77: =IFERROR(IF(ISBLANK(INDIRECT("'"&$Q$2&"'!K"&ROW())),"",INDIRECT("'"&$Q$2&"'!K"&ROW())),"") -> 0.44444444 | V77: =IF(OR($K77="",$U77=""),"",$K77-$U77) -> -1.2136752 | W77: =IFERROR(IF(ISBLANK(INDIRECT("'"&$Q$2&"'!O"&ROW())),"",INDIRECT("'"&$Q$2&"'!O"&ROW())),"") -> 3 | X77: =IF(OR($O77="",$W77=""),"",$O77-$W77) -> 0
A78: МАКС | B78: СМП | C78: 7 | D78: 1186 | E78: =IF($D78="","",IFERROR(IF(ISBLANK(INDIRECT("'"&$Q$2&"'!D"&ROW())),"",INDIRECT("'"&$Q$2&"'!D"&ROW())),"")) -> 6796 | F78: =IF(OR(D78="",E78=""),"",D78-E78) -> -5610 | G78: =IFERROR(F78/E78,"") -> -0.82548558 | H78: 26 | I78: =IF($H78="","",IFERROR(IF(ISBLANK(INDIRECT("'"&$Q$2&"'!H"&ROW())),"",INDIRECT("'"&$Q$2&"'!H"&ROW())),"")) -> 20 | J78: =IF(OR(H78="",I78=""),"",H78-I78) -> 6 | K78: =IFERROR(J78/I78,"") -> 0.3 | L78: =IFERROR(D78/C78,"") -> 169.42857 | M78: =IFERROR(H78/D78*1000,"") -> 21.922428 | N78: 208 | O78: =IFERROR(IF(OR(N78="",ISBLANK(INDIRECT("'"&$Q$2&"'!N"&ROW()))),"",N78-INDIRECT("'"&$Q$2&"'!N"&ROW())),"") -> 1 | S78: =IFERROR(IF(ISBLANK(INDIRECT("'"&$Q$2&"'!G"&ROW())),"",INDIRECT("'"&$Q$2&"'!G"&ROW())),"") -> 5.9065041 | T78: =IF(OR($G78="",$S78=""),"",$G78-$S78) -> -6.7319896 | U78: =IFERROR(IF(ISBLANK(INDIRECT("'"&$Q$2&"'!K"&ROW())),"",INDIRECT("'"&$Q$2&"'!K"&ROW())),"") -> 0.17647059 | V78: =IF(OR($K78="",$U78=""),"",$K78-$U78) -> 0.12352941 | W78: =IFERROR(IF(ISBLANK(INDIRECT("'"&$Q$2&"'!O"&ROW())),"",INDIRECT("'"&$Q$2&"'!O"&ROW())),"") -> 13 | X78: =IF(OR($O78="",$W78=""),"",$O78-$W78) -> -12
A79: МАКС | B79: СШХ | C79: 6 | D79: 170 | E79: =IF($D79="","",IFERROR(IF(ISBLANK(INDIRECT("'"&$Q$2&"'!D"&ROW())),"",INDIRECT("'"&$Q$2&"'!D"&ROW())),"")) -> 65 | F79: =IF(OR(D79="",E79=""),"",D79-E79) -> 105 | G79: =IFERROR(F79/E79,"") -> 1.6153846 | H79: 2 | I79: =IF($H79="","",IFERROR(IF(ISBLANK(INDIRECT("'"&$Q$2&"'!H"&ROW())),"",INDIRECT("'"&$Q$2&"'!H"&ROW())),"")) -> 0 | J79: =IF(OR(H79="",I79=""),"",H79-I79) -> 2 | K79: =IFERROR(J79/I79,"") | L79: =IFERROR(D79/C79,"") -> 28.333333 | M79: =IFERROR(H79/D79*1000,"") -> 11.764706 | N79: 36 | O79: =IFERROR(IF(OR(N79="",ISBLANK(INDIRECT("'"&$Q$2&"'!N"&ROW()))),"",N79-INDIRECT("'"&$Q$2&"'!N"&ROW())),"") -> 0 | S79: =IFERROR(IF(ISBLANK(INDIRECT("'"&$Q$2&"'!G"&ROW())),"",INDIRECT("'"&$Q$2&"'!G"&ROW())),"") -> -0.3627451 | T79: =IF(OR($G79="",$S79=""),"",$G79-$S79) -> 1.9781297 | U79: =IFERROR(IF(ISBLANK(INDIRECT("'"&$Q$2&"'!K"&ROW())),"",INDIRECT("'"&$Q$2&"'!K"&ROW())),"") | V79: =IF(OR($K79="",$U79=""),"",$K79-$U79) | W79: =IFERROR(IF(ISBLANK(INDIRECT("'"&$Q$2&"'!O"&ROW())),"",INDIRECT("'"&$Q$2&"'!O"&ROW())),"") -> 0 | X79: =IF(OR($O79="",$W79=""),"",$O79-$W79) -> 0
A80: МАКС | B80: Новый Уренгой | C80: 127 | D80: 208151 | E80: =IF($D80="","",IFERROR(IF(ISBLANK(INDIRECT("'"&$Q$2&"'!D"&ROW())),"",INDIRECT("'"&$Q$2&"'!D"&ROW())),"")) -> 173873 | F80: =IF(OR(D80="",E80=""),"",D80-E80) -> 34278 | G80: =IFERROR(F80/E80,"") -> 0.19714389 | H80: 1845 | I80: =IF($H80="","",IFERROR(IF(ISBLANK(INDIRECT("'"&$Q$2&"'!H"&ROW())),"",INDIRECT("'"&$Q$2&"'!H"&ROW())),"")) -> 1956 | J80: =IF(OR(H80="",I80=""),"",H80-I80) -> -111 | K80: =IFERROR(J80/I80,"") -> -0.056748466 | L80: =IFERROR(D80/C80,"") -> 1638.9843 | M80: =IFERROR(H80/D80*1000,"") -> 8.8637576 | N80: 4351 | O80: =IFERROR(IF(OR(N80="",ISBLANK(INDIRECT("'"&$Q$2&"'!N"&ROW()))),"",N80-INDIRECT("'"&$Q$2&"'!N"&ROW())),"") -> 37 | S80: =IFERROR(IF(ISBLANK(INDIRECT("'"&$Q$2&"'!G"&ROW())),"",INDIRECT("'"&$Q$2&"'!G"&ROW())),"") -> -0.16032993 | T80: =IF(OR($G80="",$S80=""),"",$G80-$S80) -> 0.35747382 | U80: =IFERROR(IF(ISBLANK(INDIRECT("'"&$Q$2&"'!K"&ROW())),"",INDIRECT("'"&$Q$2&"'!K"&ROW())),"") -> -0.041646252 | V80: =IF(OR($K80="",$U80=""),"",$K80-$U80) -> -0.015102214 | W80: =IFERROR(IF(ISBLANK(INDIRECT("'"&$Q$2&"'!O"&ROW())),"",INDIRECT("'"&$Q$2&"'!O"&ROW())),"") -> 225 | X80: =IF(OR($O80="",$W80=""),"",$O80-$W80) -> -188
A81: МАКС | B81: Надым | C81: 116 | D81: 99097 | E81: =IF($D81="","",IFERROR(IF(ISBLANK(INDIRECT("'"&$Q$2&"'!D"&ROW())),"",INDIRECT("'"&$Q$2&"'!D"&ROW())),"")) -> 80926 | F81: =IF(OR(D81="",E81=""),"",D81-E81) -> 18171 | G81: =IFERROR(F81/E81,"") -> 0.22453847 | H81: 1986 | I81: =IF($H81="","",IFERROR(IF(ISBLANK(INDIRECT("'"&$Q$2&"'!H"&ROW())),"",INDIRECT("'"&$Q$2&"'!H"&ROW())),"")) -> 2027 | J81: =IF(OR(H81="",I81=""),"",H81-I81) -> -41 | K81: =IFERROR(J81/I81,"") -> -0.020226936 | L81: =IFERROR(D81/C81,"") -> 854.28448 | M81: =IFERROR(H81/D81*1000,"") -> 20.04097 | N81: 2504 | O81: =IFERROR(IF(OR(N81="",ISBLANK(INDIRECT("'"&$Q$2&"'!N"&ROW()))),"",N81-INDIRECT("'"&$Q$2&"'!N"&ROW())),"") -> 73 | S81: =IFERROR(IF(ISBLANK(INDIRECT("'"&$Q$2&"'!G"&ROW())),"",INDIRECT("'"&$Q$2&"'!G"&ROW())),"") -> -0.087242418 | T81: =IF(OR($G81="",$S81=""),"",$G81-$S81) -> 0.31178088 | U81: =IFERROR(IF(ISBLANK(INDIRECT("'"&$Q$2&"'!K"&ROW())),"",INDIRECT("'"&$Q$2&"'!K"&ROW())),"") -> -0.21918336 | V81: =IF(OR($K81="",$U81=""),"",$K81-$U81) -> 0.19895642 | W81: =IFERROR(IF(ISBLANK(INDIRECT("'"&$Q$2&"'!O"&ROW())),"",INDIRECT("'"&$Q$2&"'!O"&ROW())),"") -> 261 | X81: =IF(OR($O81="",$W81=""),"",$O81-$W81) -> -188
A82: МАКС | B82: Ноябрьск | C82: 121 | D82: 193342 | E82: =IF($D82="","",IFERROR(IF(ISBLANK(INDIRECT("'"&$Q$2&"'!D"&ROW())),"",INDIRECT("'"&$Q$2&"'!D"&ROW())),"")) -> 165424 | F82: =IF(OR(D82="",E82=""),"",D82-E82) -> 27918 | G82: =IFERROR(F82/E82,"") -> 0.16876632 | H82: 3704 | I82: =IF($H82="","",IFERROR(IF(ISBLANK(INDIRECT("'"&$Q$2&"'!H"&ROW())),"",INDIRECT("'"&$Q$2&"'!H"&ROW())),"")) -> 3383 | J82: =IF(OR(H82="",I82=""),"",H82-I82) -> 321 | K82: =IFERROR(J82/I82,"") -> 0.094886196 | L82: =IFERROR(D82/C82,"") -> 1597.8678 | M82: =IFERROR(H82/D82*1000,"") -> 19.157762 | N82: 3712 | O82: =IFERROR(IF(OR(N82="",ISBLANK(INDIRECT("'"&$Q$2&"'!N"&ROW()))),"",N82-INDIRECT("'"&$Q$2&"'!N"&ROW())),"") -> 54 | S82: =IFERROR(IF(ISBLANK(INDIRECT("'"&$Q$2&"'!G"&ROW())),"",INDIRECT("'"&$Q$2&"'!G"&ROW())),"") -> -0.12338175 | T82: =IF(OR($G82="",$S82=""),"",$G82-$S82) -> 0.29214807 | U82: =IFERROR(IF(ISBLANK(INDIRECT("'"&$Q$2&"'!K"&ROW())),"",INDIRECT("'"&$Q$2&"'!K"&ROW())),"") -> -0.27090517 | V82: =IF(OR($K82="",$U82=""),"",$K82-$U82) -> 0.36579137 | W82: =IFERROR(IF(ISBLANK(INDIRECT("'"&$Q$2&"'!O"&ROW())),"",INDIRECT("'"&$Q$2&"'!O"&ROW())),"") -> 41 | X82: =IF(OR($O82="",$W82=""),"",$O82-$W82) -> 13
A83: МАКС | B83: Салехард | C83: 157 | D83: 97576 | E83: =IF($D83="","",IFERROR(IF(ISBLANK(INDIRECT("'"&$Q$2&"'!D"&ROW())),"",INDIRECT("'"&$Q$2&"'!D"&ROW())),"")) -> 97765 | F83: =IF(OR(D83="",E83=""),"",D83-E83) -> -189 | G83: =IFERROR(F83/E83,"") -> -0.0019332072 | H83: 648 | I83: =IF($H83="","",IFERROR(IF(ISBLANK(INDIRECT("'"&$Q$2&"'!H"&ROW())),"",INDIRECT("'"&$Q$2&"'!H"&ROW())),"")) -> 764 | J83: =IF(OR(H83="",I83=""),"",H83-I83) -> -116 | K83: =IFERROR(J83/I83,"") -> -0.15183246 | L83: =IFERROR(D83/C83,"") -> 621.50318 | M83: =IFERROR(H83/D83*1000,"") -> 6.6409773 | N83: 1797 | O83: =IFERROR(IF(OR(N83="",ISBLANK(INDIRECT("'"&$Q$2&"'!N"&ROW()))),"",N83-INDIRECT("'"&$Q$2&"'!N"&ROW())),"") -> 15 | S83: =IFERROR(IF(ISBLANK(INDIRECT("'"&$Q$2&"'!G"&ROW())),"",INDIRECT("'"&$Q$2&"'!G"&ROW())),"") -> 0.53409804 | T83: =IF(OR($G83="",$S83=""),"",$G83-$S83) -> -0.53603125 | U83: =IFERROR(IF(ISBLANK(INDIRECT("'"&$Q$2&"'!K"&ROW())),"",INDIRECT("'"&$Q$2&"'!K"&ROW())),"") -> 0.30375427 | V83: =IF(OR($K83="",$U83=""),"",$K83-$U83) -> -0.45558673 | W83: =IFERROR(IF(ISBLANK(INDIRECT("'"&$Q$2&"'!O"&ROW())),"",INDIRECT("'"&$Q$2&"'!O"&ROW())),"") -> 186 | X83: =IF(OR($O83="",$W83=""),"",$O83-$W83) -> -171
A84: МАКС | B84: Приуралье | C84: 149 | D84: 38457 | E84: =IF($D84="","",IFERROR(IF(ISBLANK(INDIRECT("'"&$Q$2&"'!D"&ROW())),"",INDIRECT("'"&$Q$2&"'!D"&ROW())),"")) -> 24831 | F84: =IF(OR(D84="",E84=""),"",D84-E84) -> 13626 | G84: =IFERROR(F84/E84,"") -> 0.54874955 | H84: 460 | I84: =IF($H84="","",IFERROR(IF(ISBLANK(INDIRECT("'"&$Q$2&"'!H"&ROW())),"",INDIRECT("'"&$Q$2&"'!H"&ROW())),"")) -> 265 | J84: =IF(OR(H84="",I84=""),"",H84-I84) -> 195 | K84: =IFERROR(J84/I84,"") -> 0.73584906 | L84: =IFERROR(D84/C84,"") -> 258.10067 | M84: =IFERROR(H84/D84*1000,"") -> 11.961411 | N84: 755 | O84: =IFERROR(IF(OR(N84="",ISBLANK(INDIRECT("'"&$Q$2&"'!N"&ROW()))),"",N84-INDIRECT("'"&$Q$2&"'!N"&ROW())),"") -> 20 | S84: =IFERROR(IF(ISBLANK(INDIRECT("'"&$Q$2&"'!G"&ROW())),"",INDIRECT("'"&$Q$2&"'!G"&ROW())),"") -> -0.039419729 | T84: =IF(OR($G84="",$S84=""),"",$G84-$S84) -> 0.58816928 | U84: =IFERROR(IF(ISBLANK(INDIRECT("'"&$Q$2&"'!K"&ROW())),"",INDIRECT("'"&$Q$2&"'!K"&ROW())),"") -> -0.21130952 | V84: =IF(OR($K84="",$U84=""),"",$K84-$U84) -> 0.94715858 | W84: =IFERROR(IF(ISBLANK(INDIRECT("'"&$Q$2&"'!O"&ROW())),"",INDIRECT("'"&$Q$2&"'!O"&ROW())),"") -> 6 | X84: =IF(OR($O84="",$W84=""),"",$O84-$W84) -> 14
A85: МАКС | B85: Лабытнанги | C85: 98 | D85: 12861 | E85: =IF($D85="","",IFERROR(IF(ISBLANK(INDIRECT("'"&$Q$2&"'!D"&ROW())),"",INDIRECT("'"&$Q$2&"'!D"&ROW())),"")) -> 10703 | F85: =IF(OR(D85="",E85=""),"",D85-E85) -> 2158 | G85: =IFERROR(F85/E85,"") -> 0.20162571 | H85: 1019 | I85: =IF($H85="","",IFERROR(IF(ISBLANK(INDIRECT("'"&$Q$2&"'!H"&ROW())),"",INDIRECT("'"&$Q$2&"'!H"&ROW())),"")) -> 870 | J85: =IF(OR(H85="",I85=""),"",H85-I85) -> 149 | K85: =IFERROR(J85/I85,"") -> 0.17126437 | L85: =IFERROR(D85/C85,"") -> 131.23469 | M85: =IFERROR(H85/D85*1000,"") -> 79.231786 | N85: 299 | O85: =IFERROR(IF(OR(N85="",ISBLANK(INDIRECT("'"&$Q$2&"'!N"&ROW()))),"",N85-INDIRECT("'"&$Q$2&"'!N"&ROW())),"") -> 17 | S85: =IFERROR(IF(ISBLANK(INDIRECT("'"&$Q$2&"'!G"&ROW())),"",INDIRECT("'"&$Q$2&"'!G"&ROW())),"") -> 0.29922311 | T85: =IF(OR($G85="",$S85=""),"",$G85-$S85) -> -0.0975974 | U85: =IFERROR(IF(ISBLANK(INDIRECT("'"&$Q$2&"'!K"&ROW())),"",INDIRECT("'"&$Q$2&"'!K"&ROW())),"") -> 0.23404255 | V85: =IF(OR($K85="",$U85=""),"",$K85-$U85) -> -0.062778185 | W85: =IFERROR(IF(ISBLANK(INDIRECT("'"&$Q$2&"'!O"&ROW())),"",INDIRECT("'"&$Q$2&"'!O"&ROW())),"") -> 19 | X85: =IF(OR($O85="",$W85=""),"",$O85-$W85) -> -2
A86: МАКС | B86: Пуровский | C86: 98 | D86: 70605 | E86: =IF($D86="","",IFERROR(IF(ISBLANK(INDIRECT("'"&$Q$2&"'!D"&ROW())),"",INDIRECT("'"&$Q$2&"'!D"&ROW())),"")) -> 50438 | F86: =IF(OR(D86="",E86=""),"",D86-E86) -> 20167 | G86: =IFERROR(F86/E86,"") -> 0.39983742 | H86: 523 | I86: =IF($H86="","",IFERROR(IF(ISBLANK(INDIRECT("'"&$Q$2&"'!H"&ROW())),"",INDIRECT("'"&$Q$2&"'!H"&ROW())),"")) -> 540 | J86: =IF(OR(H86="",I86=""),"",H86-I86) -> -17 | K86: =IFERROR(J86/I86,"") -> -0.031481481 | L86: =IFERROR(D86/C86,"") -> 720.45918 | M86: =IFERROR(H86/D86*1000,"") -> 7.4074074 | N86: 1907 | O86: =IFERROR(IF(OR(N86="",ISBLANK(INDIRECT("'"&$Q$2&"'!N"&ROW()))),"",N86-INDIRECT("'"&$Q$2&"'!N"&ROW())),"") -> 17 | S86: =IFERROR(IF(ISBLANK(INDIRECT("'"&$Q$2&"'!G"&ROW())),"",INDIRECT("'"&$Q$2&"'!G"&ROW())),"") -> -0.34155766 | T86: =IF(OR($G86="",$S86=""),"",$G86-$S86) -> 0.74139509 | U86: =IFERROR(IF(ISBLANK(INDIRECT("'"&$Q$2&"'!K"&ROW())),"",INDIRECT("'"&$Q$2&"'!K"&ROW())),"") -> -0.3059126 | V86: =IF(OR($K86="",$U86=""),"",$K86-$U86) -> 0.27443111 | W86: =IFERROR(IF(ISBLANK(INDIRECT("'"&$Q$2&"'!O"&ROW())),"",INDIRECT("'"&$Q$2&"'!O"&ROW())),"") -> 4 | X86: =IF(OR($O86="",$W86=""),"",$O86-$W86) -> 13
... A95: МАКС | B95: Морошка | C95: 6 | D95: 2103 | E95: =IF($D95="","",IFERROR(IF(ISBLANK(INDIRECT("'"&$Q$2&"'!D"&ROW())),"",INDIRECT("'"&$Q$2&"'!D"&ROW())),"")) -> 978 | F95: =IF(OR(D95="",E95=""),"",D95-E95) -> 1125 | G95: =IFERROR(F95/E95,"") -> 1.1503067 | H95: 57 | I95: =IF($H95="","",IFERROR(IF(ISBLANK(INDIRECT("'"&$Q$2&"'!H"&ROW())),"",INDIRECT("'"&$Q$2&"'!H"&ROW())),"")) -> 54 | J95: =IF(OR(H95="",I95=""),"",H95-I95) -> 3 | K95: =IFERROR(J95/I95,"") -> 0.055555556 | L95: =IFERROR(D95/C95,"") -> 350.5 | M95: =IFERROR(H95/D95*1000,"") -> 27.104137 | N95: 308 | O95: =IFERROR(IF(OR(N95="",ISBLANK(INDIRECT("'"&$Q$2&"'!N"&ROW()))),"",N95-INDIRECT("'"&$Q$2&"'!N"&ROW())),"") -> 13 | S95: =IFERROR(IF(ISBLANK(INDIRECT("'"&$Q$2&"'!G"&ROW())),"",INDIRECT("'"&$Q$2&"'!G"&ROW())),"") -> -0.85039009 | T95: =IF(OR($G95="",$S95=""),"",$G95-$S95) -> 2.0006968 | U95: =IFERROR(IF(ISBLANK(INDIRECT("'"&$Q$2&"'!K"&ROW())),"",INDIRECT("'"&$Q$2&"'!K"&ROW())),"") -> -0.6 | V95: =IF(OR($K95="",$U95=""),"",$K95-$U95) -> 0.65555556 | W95: =IFERROR(IF(ISBLANK(INDIRECT("'"&$Q$2&"'!O"&ROW())),"",INDIRECT("'"&$Q$2&"'!O"&ROW())),"") -> 17 | X95: =IF(OR($O95="",$W95=""),"",$O95-$W95) -> -4
B96: Итого МАКС | C96: =SUM(C75:C95) -> 1834 | D96: =SUM(D75:D95) -> 1238429 | E96: =SUM(E75:E95) -> 1040303 | F96: =SUM(F75:F95) -> 198126 | G96: =IF(C96=0,"",IFERROR(F96/E96,"")) -> 0.19045028 | H96: =SUM(H75:H95) -> 16231 | I96: =SUM(I75:I95) -> 15800 | J96: =SUM(J75:J95) -> 431 | K96: =IF(C96=0,"",IFERROR(J96/I96,"")) -> 0.027278481 | L96: =IFERROR(D96/C96,"") -> 675.26118 | M96: =IFERROR(H96/D96*1000,"") -> 13.106121 | N96: =SUM(N75:N95) -> 31056 | O96: =SUM(O75:O95) -> 560 | S96: =IFERROR(IF(ISBLANK(INDIRECT("'"&$Q$2&"'!G"&ROW())),"",INDIRECT("'"&$Q$2&"'!G"&ROW())),"") -> -0.025805817 | T96: =IF(OR($G96="",$S96=""),"",$G96-$S96) -> 0.2162561 | U96: =IFERROR(IF(ISBLANK(INDIRECT("'"&$Q$2&"'!K"&ROW())),"",INDIRECT("'"&$Q$2&"'!K"&ROW())),"") -> -0.084164155 | V96: =IF(OR($K96="",$U96=""),"",$K96-$U96) -> 0.11144264 | W96: =IFERROR(IF(ISBLANK(INDIRECT("'"&$Q$2&"'!O"&ROW())),"",INDIRECT("'"&$Q$2&"'!O"&ROW())),"") -> 1059 | X96: =IF(OR(C96=0,$O96="",$W96=""),"",$O96-$W96) -> -499
B97: ИТОГО по холдингу | C97: =C30+C51+C74+C96 -> 7952 | D97: =D30+D51+D74+D96 -> 5688809 | E97: =E30+E51+E74+E96 -> 5055583 | F97: =F30+F51+F74+F96 -> 633226 | G97: =IF(OR(C30=0,C51=0,C74=0,C96=0),"",IFERROR(F97/E97,"")) -> 0.12525281 | H97: =H30+H51+H74+H96 -> 54990 | I97: =I30+I51+I74+I96 -> 55027 | J97: =J30+J51+J74+J96 -> -37 | K97: =IF(OR(C30=0,C51=0,C74=0,C96=0),"",IFERROR(J97/I97,"")) -> -0.00067239719 | L97: =IFERROR(D97/C97,"") -> 715.39349 | M97: =IFERROR(H97/D97*1000,"") -> 9.6663467 | N97: =N30+N51+N74+N96 -> 700932 | O97: =O30+O51+O74+O96 -> 3507 | S97: =IFERROR(IF(ISBLANK(INDIRECT("'"&$Q$2&"'!G"&ROW())),"",INDIRECT("'"&$Q$2&"'!G"&ROW())),"") -> 0.0017764372 | T97: =IF(OR($G97="",$S97=""),"",$G97-$S97) -> 0.12347638 | U97: =IFERROR(IF(ISBLANK(INDIRECT("'"&$Q$2&"'!K"&ROW())),"",INDIRECT("'"&$Q$2&"'!K"&ROW())),"") -> -0.082990318 | V97: =IF(OR($K97="",$U97=""),"",$K97-$U97) -> 0.082317921 | W97: =IFERROR(IF(ISBLANK(INDIRECT("'"&$Q$2&"'!O"&ROW())),"",INDIRECT("'"&$Q$2&"'!O"&ROW())),"") -> 2041 | X97: =IF(OR(C30=0,C51=0,C74=0,C96=0),"",$O97-$W97) -> 1466

Sheet 07-13.09
A1: Недельный съём · 07–13.09.2026 | Q1: Лист прошлой недели (питает колонки E, I, O):
A2: Площадка | B2: Ресурс | C2: Публикаций | D2: Просмотры | E2: Просмотры пред. неделя | F2: Δ просмотров | G2: Δ % | H2: Лайки | I2: Лайки пред. неделя | J2: Δ лайков | K2: Δ % | L2: Ср. просмотров на пост | M2: Лайков на 1000 просмотров | N2: Подписчики | O2: Прирост подписчиков | Q2: 31.08-06.09 | S2: Δ % просмотров пред. неделя | T2: Ускорение просмотров, п.п. | U2: Δ % лайков пред. неделя | V2: Ускорение лайков, п.п. | W2: Прирост подписч. пред. неделя | X2: Ускорение подписчиков, чел.
A3: ВКонтакте | B3: Ямал-Медиа | C3: 115 | D3: 367169 | E3: =IF($D3="","",IFERROR(IF(ISBLANK(INDIRECT("'"&$Q$2&"'!D"&ROW())),"",INDIRECT("'"&$Q$2&"'!D"&ROW())),"")) -> 400662 | F3: =IF(OR(D3="",E3=""),"",D3-E3) -> -33493 | G3: =IFERROR(F3/E3,"") -> -0.083594152 | H3: 1463 | I3: =IF($H3="","",IFERROR(IF(ISBLANK(INDIRECT("'"&$Q$2&"'!H"&ROW())),"",INDIRECT("'"&$Q$2&"'!H"&ROW())),"")) -> 1937 | J3: =IF(OR(H3="",I3=""),"",H3-I3) -> -474 | K3: =IFERROR(J3/I3,"") -> -0.24470831 | L3: =IFERROR(D3/C3,"") -> 3192.7739 | M3: =IFERROR(H3/D3*1000,"") -> 3.9845412 | N3: 87991 | O3: =IFERROR(IF(OR(N3="",ISBLANK(INDIRECT("'"&$Q$2&"'!N"&ROW()))),"",N3-INDIRECT("'"&$Q$2&"'!N"&ROW())),"") -> 193 | Q3: Колонки E и I берут прошлую неделю только по строкам, снятым в текущей — сравнение идёт по сопоставимому периметру. | S3: =IFERROR(IF(ISBLANK(INDIRECT("'"&$Q$2&"'!G"&ROW())),"",INDIRECT("'"&$Q$2&"'!G"&ROW())),"") -> -0.04691425 | T3: =IF(OR($G3="",$S3=""),"",$G3-$S3) -> -0.036679902 | U3: =IFERROR(IF(ISBLANK(INDIRECT("'"&$Q$2&"'!K"&ROW())),"",INDIRECT("'"&$Q$2&"'!K"&ROW())),"") -> 0.10056818 | V3: =IF(OR($K3="",$U3=""),"",$K3-$U3) -> -0.34527649 | W3: =IFERROR(IF(ISBLANK(INDIRECT("'"&$Q$2&"'!O"&ROW())),"",INDIRECT("'"&$Q$2&"'!O"&ROW())),"") -> 141 | X3: =IF(OR($O3="",$W3=""),"",$O3-$W3) -> 52
A4: ВКонтакте | B4: Север-Пресс | C4: 129 | D4: 131208 | E4: =IF($D4="","",IFERROR(IF(ISBLANK(INDIRECT("'"&$Q$2&"'!D"&ROW())),"",INDIRECT("'"&$Q$2&"'!D"&ROW())),"")) -> 99188 | F4: =IF(OR(D4="",E4=""),"",D4-E4) -> 32020 | G4: =IFERROR(F4/E4,"") -> 0.32282131 | H4: 570 | I4: =IF($H4="","",IFERROR(IF(ISBLANK(INDIRECT("'"&$Q$2&"'!H"&ROW())),"",INDIRECT("'"&$Q$2&"'!H"&ROW())),"")) -> 469 | J4: =IF(OR(H4="",I4=""),"",H4-I4) -> 101 | K4: =IFERROR(J4/I4,"") -> 0.21535181 | L4: =IFERROR(D4/C4,"") -> 1017.1163 | M4: =IFERROR(H4/D4*1000,"") -> 4.3442473 | N4: 26224 | O4: =IFERROR(IF(OR(N4="",ISBLANK(INDIRECT("'"&$Q$2&"'!N"&ROW()))),"",N4-INDIRECT("'"&$Q$2&"'!N"&ROW())),"") -> 21 | Q4: ОК: «просмотры» = VIEWS листа Topics, лайки = сумма LIKES листа Actions (по группе, как в прошлых съёмах). | S4: =IFERROR(IF(ISBLANK(INDIRECT("'"&$Q$2&"'!G"&ROW())),"",INDIRECT("'"&$Q$2&"'!G"&ROW())),"") -> -0.11679801 | T4: =IF(OR($G4="",$S4=""),"",$G4-$S4) -> 0.43961931 | U4: =IFERROR(IF(ISBLANK(INDIRECT("'"&$Q$2&"'!K"&ROW())),"",INDIRECT("'"&$Q$2&"'!K"&ROW())),"") -> 0.080645161 | V4: =IF(OR($K4="",$U4=""),"",$K4-$U4) -> 0.13470665 | W4: =IFERROR(IF(ISBLANK(INDIRECT("'"&$Q$2&"'!O"&ROW())),"",INDIRECT("'"&$Q$2&"'!O"&ROW())),"") -> 22 | X4: =IF(OR($O4="",$W4=""),"",$O4-$W4) -> -1
A5: ВКонтакте | B5: Лента СП | C5: 295 | D5: 6090 | E5: =IF($D5="","",IFERROR(IF(ISBLANK(INDIRECT("'"&$Q$2&"'!D"&ROW())),"",INDIRECT("'"&$Q$2&"'!D"&ROW())),"")) -> 5221 | F5: =IF(OR(D5="",E5=""),"",D5-E5) -> 869 | G5: =IFERROR(F5/E5,"") -> 0.16644321 | H5: 14 | I5: =IF($H5="","",IFERROR(IF(ISBLANK(INDIRECT("'"&$Q$2&"'!H"&ROW())),"",INDIRECT("'"&$Q$2&"'!H"&ROW())),"")) -> 13 | J5: =IF(OR(H5="",I5=""),"",H5-I5) -> 1 | K5: =IFERROR(J5/I5,"") -> 0.076923077 | L5: =IFERROR(D5/C5,"") -> 20.644068 | M5: =IFERROR(H5/D5*1000,"") -> 2.2988506 | N5: 3503 | O5: =IFERROR(IF(OR(N5="",ISBLANK(INDIRECT("'"&$Q$2&"'!N"&ROW()))),"",N5-INDIRECT("'"&$Q$2&"'!N"&ROW())),"") -> 2 | S5: =IFERROR(IF(ISBLANK(INDIRECT("'"&$Q$2&"'!G"&ROW())),"",INDIRECT("'"&$Q$2&"'!G"&ROW())),"") -> 0.28627741 | T5: =IF(OR($G5="",$S5=""),"",$G5-$S5) -> -0.1198342 | U5: =IFERROR(IF(ISBLANK(INDIRECT("'"&$Q$2&"'!K"&ROW())),"",INDIRECT("'"&$Q$2&"'!K"&ROW())),"") -> 1.1666667 | V5: =IF(OR($K5="",$U5=""),"",$K5-$U5) -> -1.0897436 | W5: =IFERROR(IF(ISBLANK(INDIRECT("'"&$Q$2&"'!O"&ROW())),"",INDIRECT("'"&$Q$2&"'!O"&ROW())),"") -> -1 | X5: =IF(OR($O5="",$W5=""),"",$O5-$W5) -> 3
A6: ВКонтакте | B6: Красный Север | C6: 87 | D6: 56436 | E6: =IF($D6="","",IFERROR(IF(ISBLANK(INDIRECT("'"&$Q$2&"'!D"&ROW())),"",INDIRECT("'"&$Q$2&"'!D"&ROW())),"")) -> 66380 | F6: =IF(OR(D6="",E6=""),"",D6-E6) -> -9944 | G6: =IFERROR(F6/E6,"") -> -0.14980416 | H6: 269 | I6: =IF($H6="","",IFERROR(IF(ISBLANK(INDIRECT("'"&$Q$2&"'!H"&ROW())),"",INDIRECT("'"&$Q$2&"'!H"&ROW())),"")) -> 294 | J6: =IF(OR(H6="",I6=""),"",H6-I6) -> -25 | K6: =IFERROR(J6/I6,"") -> -0.085034014 | L6: =IFERROR(D6/C6,"") -> 648.68966 | M6: =IFERROR(H6/D6*1000,"") -> 4.7664611 | N6: 22935 | O6: =IFERROR(IF(OR(N6="",ISBLANK(INDIRECT("'"&$Q$2&"'!N"&ROW()))),"",N6-INDIRECT("'"&$Q$2&"'!N"&ROW())),"") -> 11 | S6: =IFERROR(IF(ISBLANK(INDIRECT("'"&$Q$2&"'!G"&ROW())),"",INDIRECT("'"&$Q$2&"'!G"&ROW())),"") -> -0.16572405 | T6: =IF(OR($G6="",$S6=""),"",$G6-$S6) -> 0.015919895 | U6: =IFERROR(IF(ISBLANK(INDIRECT("'"&$Q$2&"'!K"&ROW())),"",INDIRECT("'"&$Q$2&"'!K"&ROW())),"") -> 0.013793103 | V6: =IF(OR($K6="",$U6=""),"",$K6-$U6) -> -0.098827117 | W6: =IFERROR(IF(ISBLANK(INDIRECT("'"&$Q$2&"'!O"&ROW())),"",INDIRECT("'"&$Q$2&"'!O"&ROW())),"") -> -1 | X6: =IF(OR($O6="",$W6=""),"",$O6-$W6) -> 12
A7: ВКонтакте | B7: Новый Уренгой | C7: 97 | D7: 105221 | E7: =IF($D7="","",IFERROR(IF(ISBLANK(INDIRECT("'"&$Q$2&"'!D"&ROW())),"",INDIRECT("'"&$Q$2&"'!D"&ROW())),"")) -> 200470 | F7: =IF(OR(D7="",E7=""),"",D7-E7) -> -95249 | G7: =IFERROR(F7/E7,"") -> -0.47512845 | H7: 1220 | I7: =IF($H7="","",IFERROR(IF(ISBLANK(INDIRECT("'"&$Q$2&"'!H"&ROW())),"",INDIRECT("'"&$Q$2&"'!H"&ROW())),"")) -> 2217 | J7: =IF(OR(H7="",I7=""),"",H7-I7) -> -997 | K7: =IFERROR(J7/I7,"") -> -0.44970681 | L7: =IFERROR(D7/C7,"") -> 1084.7526 | M7: =IFERROR(H7/D7*1000,"") -> 11.594644 | N7: 24515 | O7: =IFERROR(IF(OR(N7="",ISBLANK(INDIRECT("'"&$Q$2&"'!N"&ROW()))),"",N7-INDIRECT("'"&$Q$2&"'!N"&ROW())),"") -> 73 | S7: =IFERROR(IF(ISBLANK(INDIRECT("'"&$Q$2&"'!G"&ROW())),"",INDIRECT("'"&$Q$2&"'!G"&ROW())),"") -> 0.7918946 | T7: =IF(OR($G7="",$S7=""),"",$G7-$S7) -> -1.267023 | U7: =IFERROR(IF(ISBLANK(INDIRECT("'"&$Q$2&"'!K"&ROW())),"",INDIRECT("'"&$Q$2&"'!K"&ROW())),"") -> 0.96542553 | V7: =IF(OR($K7="",$U7=""),"",$K7-$U7) -> -1.4151323 | W7: =IFERROR(IF(ISBLANK(INDIRECT("'"&$Q$2&"'!O"&ROW())),"",INDIRECT("'"&$Q$2&"'!O"&ROW())),"") -> 116 | X7: =IF(OR($O7="",$W7=""),"",$O7-$W7) -> -43
A8: ВКонтакте | B8: Надым | C8: 99 | D8: 272210 | E8: =IF($D8="","",IFERROR(IF(ISBLANK(INDIRECT("'"&$Q$2&"'!D"&ROW())),"",INDIRECT("'"&$Q$2&"'!D"&ROW())),"")) -> 371998 | F8: =IF(OR(D8="",E8=""),"",D8-E8) -> -99788 | G8: =IFERROR(F8/E8,"") -> -0.26824875 | H8: 4342 | I8: =IF($H8="","",IFERROR(IF(ISBLANK(INDIRECT("'"&$Q$2&"'!H"&ROW())),"",INDIRECT("'"&$Q$2&"'!H"&ROW())),"")) -> 6123 | J8: =IF(OR(H8="",I8=""),"",H8-I8) -> -1781 | K8: =IFERROR(J8/I8,"") -> -0.29087049 | L8: =IFERROR(D8/C8,"") -> 2749.596 | M8: =IFERROR(H8/D8*1000,"") -> 15.95092 | N8: 21497 | O8: =IFERROR(IF(OR(N8="",ISBLANK(INDIRECT("'"&$Q$2&"'!N"&ROW()))),"",N8-INDIRECT("'"&$Q$2&"'!N"&ROW())),"") -> 60 | S8: =IFERROR(IF(ISBLANK(INDIRECT("'"&$Q$2&"'!G"&ROW())),"",INDIRECT("'"&$Q$2&"'!G"&ROW())),"") -> 0.12997862 | T8: =IF(OR($G8="",$S8=""),"",$G8-$S8) -> -0.39822737 | U8: =IFERROR(IF(ISBLANK(INDIRECT("'"&$Q$2&"'!K"&ROW())),"",INDIRECT("'"&$Q$2&"'!K"&ROW())),"") -> 0.27270838 | V8: =IF(OR($K8="",$U8=""),"",$K8-$U8) -> -0.56357886 | W8: =IFERROR(IF(ISBLANK(INDIRECT("'"&$Q$2&"'!O"&ROW())),"",INDIRECT("'"&$Q$2&"'!O"&ROW())),"") -> 84 | X8: =IF(OR($O8="",$W8=""),"",$O8-$W8) -> -24
A9: ВКонтакте | B9: Ноябрьск | C9: 93 | D9: 319358 | E9: =IF($D9="","",IFERROR(IF(ISBLANK(INDIRECT("'"&$Q$2&"'!D"&ROW())),"",INDIRECT("'"&$Q$2&"'!D"&ROW())),"")) -> 471044 | F9: =IF(OR(D9="",E9=""),"",D9-E9) -> -151686 | G9: =IFERROR(F9/E9,"") -> -0.32202087 | H9: 4035 | I9: =IF($H9="","",IFERROR(IF(ISBLANK(INDIRECT("'"&$Q$2&"'!H"&ROW())),"",INDIRECT("'"&$Q$2&"'!H"&ROW())),"")) -> 6733 | J9: =IF(OR(H9="",I9=""),"",H9-I9) -> -2698 | K9: =IFERROR(J9/I9,"") -> -0.40071291 | L9: =IFERROR(D9/C9,"") -> 3433.957 | M9: =IFERROR(H9/D9*1000,"") -> 12.634723 | N9: 31030 | O9: =IFERROR(IF(OR(N9="",ISBLANK(INDIRECT("'"&$Q$2&"'!N"&ROW()))),"",N9-INDIRECT("'"&$Q$2&"'!N"&ROW())),"") -> 47 | S9: =IFERROR(IF(ISBLANK(INDIRECT("'"&$Q$2&"'!G"&ROW())),"",INDIRECT("'"&$Q$2&"'!G"&ROW())),"") -> 0.36080104 | T9: =IF(OR($G9="",$S9=""),"",$G9-$S9) -> -0.68282191 | U9: =IFERROR(IF(ISBLANK(INDIRECT("'"&$Q$2&"'!K"&ROW())),"",INDIRECT("'"&$Q$2&"'!K"&ROW())),"") -> 0.73889463 | V9: =IF(OR($K9="",$U9=""),"",$K9-$U9) -> -1.1396075 | W9: =IFERROR(IF(ISBLANK(INDIRECT("'"&$Q$2&"'!O"&ROW())),"",INDIRECT("'"&$Q$2&"'!O"&ROW())),"") -> 70 | X9: =IF(OR($O9="",$W9=""),"",$O9-$W9) -> -23
A10: ВКонтакте | B10: Салехард | C10: 148 | D10: 197749 | E10: =IF($D10="","",IFERROR(IF(ISBLANK(INDIRECT("'"&$Q$2&"'!D"&ROW())),"",INDIRECT("'"&$Q$2&"'!D"&ROW())),"")) -> 156425 | F10: =IF(OR(D10="",E10=""),"",D10-E10) -> 41324 | G10: =IFERROR(F10/E10,"") -> 0.26417772 | H10: 1527 | I10: =IF($H10="","",IFERROR(IF(ISBLANK(INDIRECT("'"&$Q$2&"'!H"&ROW())),"",INDIRECT("'"&$Q$2&"'!H"&ROW())),"")) -> 1004 | J10: =IF(OR(H10="",I10=""),"",H10-I10) -> 523 | K10: =IFERROR(J10/I10,"") -> 0.52091633 | L10: =IFERROR(D10/C10,"") -> 1336.1419 | M10: =IFERROR(H10/D10*1000,"") -> 7.7219101 | N10: 21375 | O10: =IFERROR(IF(OR(N10="",ISBLANK(INDIRECT("'"&$Q$2&"'!N"&ROW()))),"",N10-INDIRECT("'"&$Q$2&"'!N"&ROW())),"") -> 96 | S10: =IFERROR(IF(ISBLANK(INDIRECT("'"&$Q$2&"'!G"&ROW())),"",INDIRECT("'"&$Q$2&"'!G"&ROW())),"") -> 0.1903403 | T10: =IF(OR($G10="",$S10=""),"",$G10-$S10) -> 0.073837417 | U10: =IFERROR(IF(ISBLANK(INDIRECT("'"&$Q$2&"'!K"&ROW())),"",INDIRECT("'"&$Q$2&"'!K"&ROW())),"") -> 0.3458445 | V10: =IF(OR($K10="",$U10=""),"",$K10-$U10) -> 0.17507183 | W10: =IFERROR(IF(ISBLANK(INDIRECT("'"&$Q$2&"'!O"&ROW())),"",INDIRECT("'"&$Q$2&"'!O"&ROW())),"") -> 42 | X10: =IF(OR($O10="",$W10=""),"",$O10-$W10) -> 54
A11: ВКонтакте | B11: Приуралье | C11: 100 | D11: 383862 | E11: =IF($D11="","",IFERROR(IF(ISBLANK(INDIRECT("'"&$Q$2&"'!D"&ROW())),"",INDIRECT("'"&$Q$2&"'!D"&ROW())),"")) -> 448825 | F11: =IF(OR(D11="",E11=""),"",D11-E11) -> -64963 | G11: =IFERROR(F11/E11,"") -> -0.14474015 | H11: 3494 | I11: =IF($H11="","",IFERROR(IF(ISBLANK(INDIRECT("'"&$Q$2&"'!H"&ROW())),"",INDIRECT("'"&$Q$2&"'!H"&ROW())),"")) -> 4345 | J11: =IF(OR(H11="",I11=""),"",H11-I11) -> -851 | K11: =IFERROR(J11/I11,"") -> -0.19585731 | L11: =IFERROR(D11/C11,"") -> 3838.62 | M11: =IFERROR(H11/D11*1000,"") -> 9.1022294 | N11: 20636 | O11: =IFERROR(IF(OR(N11="",ISBLANK(INDIRECT("'"&$Q$2&"'!N"&ROW()))),"",N11-INDIRECT("'"&$Q$2&"'!N"&ROW())),"") -> 46 | S11: =IFERROR(IF(ISBLANK(INDIRECT("'"&$Q$2&"'!G"&ROW())),"",INDIRECT("'"&$Q$2&"'!G"&ROW())),"") -> 0.35030853 | T11: =IF(OR($G11="",$S11=""),"",$G11-$S11) -> -0.49504868 | U11: =IFERROR(IF(ISBLANK(INDIRECT("'"&$Q$2&"'!K"&ROW())),"",INDIRECT("'"&$Q$2&"'!K"&ROW())),"") -> 0.62308554 | V11: =IF(OR($K11="",$U11=""),"",$K11-$U11) -> -0.81894285 | W11: =IFERROR(IF(ISBLANK(INDIRECT("'"&$Q$2&"'!O"&ROW())),"",INDIRECT("'"&$Q$2&"'!O"&ROW())),"") -> 54 | X11: =IF(OR($O11="",$W11=""),"",$O11-$W11) -> -8
A12: ВКонтакте | B12: Лабытнанги | C12: 75 | D12: 150944 | E12: =IF($D12="","",IFERROR(IF(ISBLANK(INDIRECT("'"&$Q$2&"'!D"&ROW())),"",INDIRECT("'"&$Q$2&"'!D"&ROW())),"")) -> 91251 | F12: =IF(OR(D12="",E12=""),"",D12-E12) -> 59693 | G12: =IFERROR(F12/E12,"") -> 0.65416269 | H12: 2726 | I12: =IF($H12="","",IFERROR(IF(ISBLANK(INDIRECT("'"&$Q$2&"'!H"&ROW())),"",INDIRECT("'"&$Q$2&"'!H"&ROW())),"")) -> 1648 | J12: =IF(OR(H12="",I12=""),"",H12-I12) -> 1078 | K12: =IFERROR(J12/I12,"") -> 0.65412621 | L12: =IFERROR(D12/C12,"") -> 2012.5867 | M12: =IFERROR(H12/D12*1000,"") -> 18.059678 | N12: 15378 | O12: =IFERROR(IF(OR(N12="",ISBLANK(INDIRECT("'"&$Q$2&"'!N"&ROW()))),"",N12-INDIRECT("'"&$Q$2&"'!N"&ROW())),"") -> 59 | S12: =IFERROR(IF(ISBLANK(INDIRECT("'"&$Q$2&"'!G"&ROW())),"",INDIRECT("'"&$Q$2&"'!G"&ROW())),"") -> 0.032648304 | T12: =IF(OR($G12="",$S12=""),"",$G12-$S12) -> 0.62151439 | U12: =IFERROR(IF(ISBLANK(INDIRECT("'"&$Q$2&"'!K"&ROW())),"",INDIRECT("'"&$Q$2&"'!K"&ROW())),"") -> -0.7414902 | V12: =IF(OR($K12="",$U12=""),"",$K12-$U12) -> 1.3956164 | W12: =IFERROR(IF(ISBLANK(INDIRECT("'"&$Q$2&"'!O"&ROW())),"",INDIRECT("'"&$Q$2&"'!O"&ROW())),"") -> 101 | X12: =IF(OR($O12="",$W12=""),"",$O12-$W12) -> -42
A13: ВКонтакте | B13: Пуровский | C13: 52 | D13: 29162 | E13: =IF($D13="","",IFERROR(IF(ISBLANK(INDIRECT("'"&$Q$2&"'!D"&ROW())),"",INDIRECT("'"&$Q$2&"'!D"&ROW())),"")) -> 65931 | F13: =IF(OR(D13="",E13=""),"",D13-E13) -> -36769 | G13: =IFERROR(F13/E13,"") -> -0.5576891 | H13: 487 | I13: =IF($H13="","",IFERROR(IF(ISBLANK(INDIRECT("'"&$Q$2&"'!H"&ROW())),"",INDIRECT("'"&$Q$2&"'!H"&ROW())),"")) -> 1056 | J13: =IF(OR(H13="",I13=""),"",H13-I13) -> -569 | K13: =IFERROR(J13/I13,"") -> -0.53882576 | L13: =IFERROR(D13/C13,"") -> 560.80769 | M13: =IFERROR(H13/D13*1000,"") -> 16.699815 | N13: 16346 | O13: =IFERROR(IF(OR(N13="",ISBLANK(INDIRECT("'"&$Q$2&"'!N"&ROW()))),"",N13-INDIRECT("'"&$Q$2&"'!N"&ROW())),"") -> 4 | S13: =IFERROR(IF(ISBLANK(INDIRECT("'"&$Q$2&"'!G"&ROW())),"",INDIRECT("'"&$Q$2&"'!G"&ROW())),"") -> 1.0303954 | T13: =IF(OR($G13="",$S13=""),"",$G13-$S13) -> -1.5880845 | U13: =IFERROR(IF(ISBLANK(INDIRECT("'"&$Q$2&"'!K"&ROW())),"",INDIRECT("'"&$Q$2&"'!K"&ROW())),"") -> 1.1162325 | V13: =IF(OR($K13="",$U13=""),"",$K13-$U13) -> -1.6550582 | W13: =IFERROR(IF(ISBLANK(INDIRECT("'"&$Q$2&"'!O"&ROW())),"",INDIRECT("'"&$Q$2&"'!O"&ROW())),"") -> 51 | X13: =IF(OR($O13="",$W13=""),"",$O13-$W13) -> -47
A14: ВКонтакте | B14: Тазовский | C14: 61 | D14: 52435 | E14: =IF($D14="","",IFERROR(IF(ISBLANK(INDIRECT("'"&$Q$2&"'!D"&ROW())),"",INDIRECT("'"&$Q$2&"'!D"&ROW())),"")) -> 37833 | F14: =IF(OR(D14="",E14=""),"",D14-E14) -> 14602 | G14: =IFERROR(F14/E14,"") -> 0.38595935 | H14: 477 | I14: =IF($H14="","",IFERROR(IF(ISBLANK(INDIRECT("'"&$Q$2&"'!H"&ROW())),"",INDIRECT("'"&$Q$2&"'!H"&ROW())),"")) -> 415 | J14: =IF(OR(H14="",I14=""),"",H14-I14) -> 62 | K14: =IFERROR(J14/I14,"") -> 0.14939759 | L14: =IFERROR(D14/C14,"") -> 859.59016 | M14: =IFERROR(H14/D14*1000,"") -> 9.0969772 | N14: 6328 | O14: =IFERROR(IF(OR(N14="",ISBLANK(INDIRECT("'"&$Q$2&"'!N"&ROW()))),"",N14-INDIRECT("'"&$Q$2&"'!N"&ROW())),"") -> 29 | S14: =IFERROR(IF(ISBLANK(INDIRECT("'"&$Q$2&"'!G"&ROW())),"",INDIRECT("'"&$Q$2&"'!G"&ROW())),"") -> -0.041741597 | T14: =IF(OR($G14="",$S14=""),"",$G14-$S14) -> 0.42770094 | U14: =IFERROR(IF(ISBLANK(INDIRECT("'"&$Q$2&"'!K"&ROW())),"",INDIRECT("'"&$Q$2&"'!K"&ROW())),"") -> 0.18233618 | V14: =IF(OR($K14="",$U14=""),"",$K14-$U14) -> -0.032938592 | W14: =IFERROR(IF(ISBLANK(INDIRECT("'"&$Q$2&"'!O"&ROW())),"",INDIRECT("'"&$Q$2&"'!O"&ROW())),"") -> 26 | X14: =IF(OR($O14="",$W14=""),"",$O14-$W14) -> 3
A15: ВКонтакте | B15: Красноселькуп | C15: 31 | D15: 31393 | E15: =IF($D15="","",IFERROR(IF(ISBLANK(INDIRECT("'"&$Q$2&"'!D"&ROW())),"",INDIRECT("'"&$Q$2&"'!D"&ROW())),"")) -> 39455 | F15: =IF(OR(D15="",E15=""),"",D15-E15) -> -8062 | G15: =IFERROR(F15/E15,"") -> -0.20433405 | H15: 543 | I15: =IF($H15="","",IFERROR(IF(ISBLANK(INDIRECT("'"&$Q$2&"'!H"&ROW())),"",INDIRECT("'"&$Q$2&"'!H"&ROW())),"")) -> 488 | J15: =IF(OR(H15="",I15=""),"",H15-I15) -> 55 | K15: =IFERROR(J15/I15,"") -> 0.11270492 | L15: =IFERROR(D15/C15,"") -> 1012.6774 | M15: =IFERROR(H15/D15*1000,"") -> 17.29685 | N15: 3655 | O15: =IFERROR(IF(OR(N15="",ISBLANK(INDIRECT("'"&$Q$2&"'!N"&ROW()))),"",N15-INDIRECT("'"&$Q$2&"'!N"&ROW())),"") -> 7 | S15: =IFERROR(IF(ISBLANK(INDIRECT("'"&$Q$2&"'!G"&ROW())),"",INDIRECT("'"&$Q$2&"'!G"&ROW())),"") -> 0.19986011 | T15: =IF(OR($G15="",$S15=""),"",$G15-$S15) -> -0.40419416 | U15: =IFERROR(IF(ISBLANK(INDIRECT("'"&$Q$2&"'!K"&ROW())),"",INDIRECT("'"&$Q$2&"'!K"&ROW())),"") -> -0.027888446 | V15: =IF(OR($K15="",$U15=""),"",$K15-$U15) -> 0.14059336 | W15: =IFERROR(IF(ISBLANK(INDIRECT("'"&$Q$2&"'!O"&ROW())),"",INDIRECT("'"&$Q$2&"'!O"&ROW())),"") -> 6 | X15: =IF(OR($O15="",$W15=""),"",$O15-$W15) -> 1
A16: ВКонтакте | B16: Ямальский | C16: 62 | D16: 136318 | E16: =IF($D16="","",IFERROR(IF(ISBLANK(INDIRECT("'"&$Q$2&"'!D"&ROW())),"",INDIRECT("'"&$Q$2&"'!D"&ROW())),"")) -> 100934 | F16: =IF(OR(D16="",E16=""),"",D16-E16) -> 35384 | G16: =IFERROR(F16/E16,"") -> 0.35056572 | H16: 1960 | I16: =IF($H16="","",IFERROR(IF(ISBLANK(INDIRECT("'"&$Q$2&"'!H"&ROW())),"",INDIRECT("'"&$Q$2&"'!H"&ROW())),"")) -> 955 | J16: =IF(OR(H16="",I16=""),"",H16-I16) -> 1005 | K16: =IFERROR(J16/I16,"") -> 1.052356 | L16: =IFERROR(D16/C16,"") -> 2198.6774 | M16: =IFERROR(H16/D16*1000,"") -> 14.378145 | N16: 12465 | O16: =IFERROR(IF(OR(N16="",ISBLANK(INDIRECT("'"&$Q$2&"'!N"&ROW()))),"",N16-INDIRECT("'"&$Q$2&"'!N"&ROW())),"") -> 180 | S16: =IFERROR(IF(ISBLANK(INDIRECT("'"&$Q$2&"'!G"&ROW())),"",INDIRECT("'"&$Q$2&"'!G"&ROW())),"") -> -0.16916492 | T16: =IF(OR($G16="",$S16=""),"",$G16-$S16) -> 0.51973063 | U16: =IFERROR(IF(ISBLANK(INDIRECT("'"&$Q$2&"'!K"&ROW())),"",INDIRECT("'"&$Q$2&"'!K"&ROW())),"") -> -0.10328638 | V16: =IF(OR($K16="",$U16=""),"",$K16-$U16) -> 1.1556424 | W16: =IFERROR(IF(ISBLANK(INDIRECT("'"&$Q$2&"'!O"&ROW())),"",INDIRECT("'"&$Q$2&"'!O"&ROW())),"") -> 68 | X16: =IF(OR($O16="",$W16=""),"",$O16-$W16) -> 112
... A29: ВКонтакте | B29: Морошка | C29: 6 | D29: 37678 | E29: =IF($D29="","",IFERROR(IF(ISBLANK(INDIRECT("'"&$Q$2&"'!D"&ROW())),"",INDIRECT("'"&$Q$2&"'!D"&ROW())),"")) -> 14353 | F29: =IF(OR(D29="",E29=""),"",D29-E29) -> 23325 | G29: =IFERROR(F29/E29,"") -> 1.6250958 | H29: 52 | I29: =IF($H29="","",IFERROR(IF(ISBLANK(INDIRECT("'"&$Q$2&"'!H"&ROW())),"",INDIRECT("'"&$Q$2&"'!H"&ROW())),"")) -> 353 | J29: =IF(OR(H29="",I29=""),"",H29-I29) -> -301 | K29: =IFERROR(J29/I29,"") -> -0.85269122 | L29: =IFERROR(D29/C29,"") -> 6279.6667 | M29: =IFERROR(H29/D29*1000,"") -> 1.3801157 | N29: 9572 | O29: =IFERROR(IF(OR(N29="",ISBLANK(INDIRECT("'"&$Q$2&"'!N"&ROW()))),"",N29-INDIRECT("'"&$Q$2&"'!N"&ROW())),"") -> 34 | S29: =IFERROR(IF(ISBLANK(INDIRECT("'"&$Q$2&"'!G"&ROW())),"",INDIRECT("'"&$Q$2&"'!G"&ROW())),"") -> 0.30779043 | T29: =IF(OR($G29="",$S29=""),"",$G29-$S29) -> 1.3173054 | U29: =IFERROR(IF(ISBLANK(INDIRECT("'"&$Q$2&"'!K"&ROW())),"",INDIRECT("'"&$Q$2&"'!K"&ROW())),"") -> 0.4526749 | V29: =IF(OR($K29="",$U29=""),"",$K29-$U29) -> -1.3053661 | W29: =IFERROR(IF(ISBLANK(INDIRECT("'"&$Q$2&"'!O"&ROW())),"",INDIRECT("'"&$Q$2&"'!O"&ROW())),"") -> 87 | X29: =IF(OR($O29="",$W29=""),"",$O29-$W29) -> -53
B30: Итого ВКонтакте | C30: =SUM(C3:C29) -> 1991 | D30: =SUM(D3:D29) -> 3019940 | E30: =SUM(E3:E29) -> 3278814 | F30: =SUM(F3:F29) -> -258874 | G30: =IF(C30=0,"",IFERROR(F30/E30,"")) -> -0.078953548 | H30: =SUM(H3:H29) -> 32490 | I30: =SUM(I3:I29) -> 36042 | J30: =SUM(J3:J29) -> -3552 | K30: =IF(C30=0,"",IFERROR(J30/I30,"")) -> -0.09855169 | L30: =IFERROR(D30/C30,"") -> 1516.7956 | M30: =IFERROR(H30/D30*1000,"") -> 10.758492 | N30: =SUM(N3:N29) -> 461475 | O30: =SUM(O3:O29) -> 1014 | S30: =IFERROR(IF(ISBLANK(INDIRECT("'"&$Q$2&"'!G"&ROW())),"",INDIRECT("'"&$Q$2&"'!G"&ROW())),"") -> 0.052346201 | T30: =IF(OR($G30="",$S30=""),"",$G30-$S30) -> -0.13129975 | U30: =IFERROR(IF(ISBLANK(INDIRECT("'"&$Q$2&"'!K"&ROW())),"",INDIRECT("'"&$Q$2&"'!K"&ROW())),"") -> 0.070575655 | V30: =IF(OR($K30="",$U30=""),"",$K30-$U30) -> -0.16912734 | W30: =IFERROR(IF(ISBLANK(INDIRECT("'"&$Q$2&"'!O"&ROW())),"",INDIRECT("'"&$Q$2&"'!O"&ROW())),"") -> 1042 | X30: =IF(OR(C30=0,$O30="",$W30=""),"",$O30-$W30) -> -28
A31: Одноклассники | B31: Ямал-Медиа | C31: 138 | D31: 291577 | E31: =IF($D31="","",IFERROR(IF(ISBLANK(INDIRECT("'"&$Q$2&"'!D"&ROW())),"",INDIRECT("'"&$Q$2&"'!D"&ROW())),"")) -> 24426 | F31: =IF(OR(D31="",E31=""),"",D31-E31) -> 267151 | G31: =IFERROR(F31/E31,"") -> 10.937157 | H31: 127 | I31: =IF($H31="","",IFERROR(IF(ISBLANK(INDIRECT("'"&$Q$2&"'!H"&ROW())),"",INDIRECT("'"&$Q$2&"'!H"&ROW())),"")) -> 79 | J31: =IF(OR(H31="",I31=""),"",H31-I31) -> 48 | K31: =IFERROR(J31/I31,"") -> 0.60759494 | L31: =IFERROR(D31/C31,"") -> 2112.8768 | M31: =IFERROR(H31/D31*1000,"") -> 0.43556248 | N31: 32473 | O31: =IFERROR(IF(OR(N31="",ISBLANK(INDIRECT("'"&$Q$2&"'!N"&ROW()))),"",N31-INDIRECT("'"&$Q$2&"'!N"&ROW())),"") -> 10 | S31: =IFERROR(IF(ISBLANK(INDIRECT("'"&$Q$2&"'!G"&ROW())),"",INDIRECT("'"&$Q$2&"'!G"&ROW())),"") -> -0.12161968 | T31: =IF(OR($G31="",$S31=""),"",$G31-$S31) -> 11.058777 | U31: =IFERROR(IF(ISBLANK(INDIRECT("'"&$Q$2&"'!K"&ROW())),"",INDIRECT("'"&$Q$2&"'!K"&ROW())),"") -> 0.29508197 | V31: =IF(OR($K31="",$U31=""),"",$K31-$U31) -> 0.31251297 | W31: =IFERROR(IF(ISBLANK(INDIRECT("'"&$Q$2&"'!O"&ROW())),"",INDIRECT("'"&$Q$2&"'!O"&ROW())),"") -> 3 | X31: =IF(OR($O31="",$W31=""),"",$O31-$W31) -> 7
A32: Одноклассники | B32: Север-Пресс | C32: 125 | D32: 40747 | E32: =IF($D32="","",IFERROR(IF(ISBLANK(INDIRECT("'"&$Q$2&"'!D"&ROW())),"",INDIRECT("'"&$Q$2&"'!D"&ROW())),"")) -> 35622 | F32: =IF(OR(D32="",E32=""),"",D32-E32) -> 5125 | G32: =IFERROR(F32/E32,"") -> 0.14387176 | H32: 68 | I32: =IF($H32="","",IFERROR(IF(ISBLANK(INDIRECT("'"&$Q$2&"'!H"&ROW())),"",INDIRECT("'"&$Q$2&"'!H"&ROW())),"")) -> 41 | J32: =IF(OR(H32="",I32=""),"",H32-I32) -> 27 | K32: =IFERROR(J32/I32,"") -> 0.65853659 | L32: =IFERROR(D32/C32,"") -> 325.976 | M32: =IFERROR(H32/D32*1000,"") -> 1.6688345 | N32: 21735 | O32: =IFERROR(IF(OR(N32="",ISBLANK(INDIRECT("'"&$Q$2&"'!N"&ROW()))),"",N32-INDIRECT("'"&$Q$2&"'!N"&ROW())),"") -> 3 | S32: =IFERROR(IF(ISBLANK(INDIRECT("'"&$Q$2&"'!G"&ROW())),"",INDIRECT("'"&$Q$2&"'!G"&ROW())),"") -> 0.029864986 | T32: =IF(OR($G32="",$S32=""),"",$G32-$S32) -> 0.11400678 | U32: =IFERROR(IF(ISBLANK(INDIRECT("'"&$Q$2&"'!K"&ROW())),"",INDIRECT("'"&$Q$2&"'!K"&ROW())),"") -> -0.088888889 | V32: =IF(OR($K32="",$U32=""),"",$K32-$U32) -> 0.74742547 | W32: =IFERROR(IF(ISBLANK(INDIRECT("'"&$Q$2&"'!O"&ROW())),"",INDIRECT("'"&$Q$2&"'!O"&ROW())),"") -> 0 | X32: =IF(OR($O32="",$W32=""),"",$O32-$W32) -> 3
A33: Одноклассники | B33: Красный Север | C33: 87 | D33: 18335 | E33: =IF($D33="","",IFERROR(IF(ISBLANK(INDIRECT("'"&$Q$2&"'!D"&ROW())),"",INDIRECT("'"&$Q$2&"'!D"&ROW())),"")) -> 25717 | F33: =IF(OR(D33="",E33=""),"",D33-E33) -> -7382 | G33: =IFERROR(F33/E33,"") -> -0.28704748 | H33: 4 | I33: =IF($H33="","",IFERROR(IF(ISBLANK(INDIRECT("'"&$Q$2&"'!H"&ROW())),"",INDIRECT("'"&$Q$2&"'!H"&ROW())),"")) -> 6 | J33: =IF(OR(H33="",I33=""),"",H33-I33) -> -2 | K33: =IFERROR(J33/I33,"") -> -0.33333333 | L33: =IFERROR(D33/C33,"") -> 210.74713 | M33: =IFERROR(H33/D33*1000,"") -> 0.21816199 | N33: 8961 | O33: =IFERROR(IF(OR(N33="",ISBLANK(INDIRECT("'"&$Q$2&"'!N"&ROW()))),"",N33-INDIRECT("'"&$Q$2&"'!N"&ROW())),"") -> -1 | S33: =IFERROR(IF(ISBLANK(INDIRECT("'"&$Q$2&"'!G"&ROW())),"",INDIRECT("'"&$Q$2&"'!G"&ROW())),"") -> 0.16061919 | T33: =IF(OR($G33="",$S33=""),"",$G33-$S33) -> -0.44766667 | U33: =IFERROR(IF(ISBLANK(INDIRECT("'"&$Q$2&"'!K"&ROW())),"",INDIRECT("'"&$Q$2&"'!K"&ROW())),"") -> 0.2 | V33: =IF(OR($K33="",$U33=""),"",$K33-$U33) -> -0.53333333 | W33: =IFERROR(IF(ISBLANK(INDIRECT("'"&$Q$2&"'!O"&ROW())),"",INDIRECT("'"&$Q$2&"'!O"&ROW())),"") -> -1 | X33: =IF(OR($O33="",$W33=""),"",$O33-$W33) -> 0
A34: Одноклассники | B34: Новый Уренгой | C34: 91 | D34: 905 | E34: =IF($D34="","",IFERROR(IF(ISBLANK(INDIRECT("'"&$Q$2&"'!D"&ROW())),"",INDIRECT("'"&$Q$2&"'!D"&ROW())),"")) -> 1655 | F34: =IF(OR(D34="",E34=""),"",D34-E34) -> -750 | G34: =IFERROR(F34/E34,"") -> -0.45317221 | H34: 0 | I34: =IF($H34="","",IFERROR(IF(ISBLANK(INDIRECT("'"&$Q$2&"'!H"&ROW())),"",INDIRECT("'"&$Q$2&"'!H"&ROW())),"")) -> 0 | J34: =IF(OR(H34="",I34=""),"",H34-I34) -> 0 | K34: =IFERROR(J34/I34,"") | L34: =IFERROR(D34/C34,"") -> 9.9450549 | M34: =IFERROR(H34/D34*1000,"") -> 0 | N34: 6 | O34: =IFERROR(IF(OR(N34="",ISBLANK(INDIRECT("'"&$Q$2&"'!N"&ROW()))),"",N34-INDIRECT("'"&$Q$2&"'!N"&ROW())),"") -> 0 | S34: =IFERROR(IF(ISBLANK(INDIRECT("'"&$Q$2&"'!G"&ROW())),"",INDIRECT("'"&$Q$2&"'!G"&ROW())),"") -> 0.52113971 | T34: =IF(OR($G34="",$S34=""),"",$G34-$S34) -> -0.97431191 | U34: =IFERROR(IF(ISBLANK(INDIRECT("'"&$Q$2&"'!K"&ROW())),"",INDIRECT("'"&$Q$2&"'!K"&ROW())),"") | V34: =IF(OR($K34="",$U34=""),"",$K34-$U34) | W34: =IFERROR(IF(ISBLANK(INDIRECT("'"&$Q$2&"'!O"&ROW())),"",INDIRECT("'"&$Q$2&"'!O"&ROW())),"") -> 1 | X34: =IF(OR($O34="",$W34=""),"",$O34-$W34) -> -1
A35: Одноклассники | B35: Надым | C35: 96 | D35: 10237 | E35: =IF($D35="","",IFERROR(IF(ISBLANK(INDIRECT("'"&$Q$2&"'!D"&ROW())),"",INDIRECT("'"&$Q$2&"'!D"&ROW())),"")) -> 10205 | F35: =IF(OR(D35="",E35=""),"",D35-E35) -> 32 | G35: =IFERROR(F35/E35,"") -> 0.0031357178 | H35: 126 | I35: =IF($H35="","",IFERROR(IF(ISBLANK(INDIRECT("'"&$Q$2&"'!H"&ROW())),"",INDIRECT("'"&$Q$2&"'!H"&ROW())),"")) -> 158 | J35: =IF(OR(H35="",I35=""),"",H35-I35) -> -32 | K35: =IFERROR(J35/I35,"") -> -0.20253165 | L35: =IFERROR(D35/C35,"") -> 106.63542 | M35: =IFERROR(H35/D35*1000,"") -> 12.308293 | N35: 1937 | O35: =IFERROR(IF(OR(N35="",ISBLANK(INDIRECT("'"&$Q$2&"'!N"&ROW()))),"",N35-INDIRECT("'"&$Q$2&"'!N"&ROW())),"") -> 1 | S35: =IFERROR(IF(ISBLANK(INDIRECT("'"&$Q$2&"'!G"&ROW())),"",INDIRECT("'"&$Q$2&"'!G"&ROW())),"") -> -0.20073622 | T35: =IF(OR($G35="",$S35=""),"",$G35-$S35) -> 0.20387193 | U35: =IFERROR(IF(ISBLANK(INDIRECT("'"&$Q$2&"'!K"&ROW())),"",INDIRECT("'"&$Q$2&"'!K"&ROW())),"") -> 0.082191781 | V35: =IF(OR($K35="",$U35=""),"",$K35-$U35) -> -0.28472343 | W35: =IFERROR(IF(ISBLANK(INDIRECT("'"&$Q$2&"'!O"&ROW())),"",INDIRECT("'"&$Q$2&"'!O"&ROW())),"") -> 2 | X35: =IF(OR($O35="",$W35=""),"",$O35-$W35) -> -1
A36: Одноклассники | B36: Ноябрьск | C36: 90 | D36: 40666 | E36: =IF($D36="","",IFERROR(IF(ISBLANK(INDIRECT("'"&$Q$2&"'!D"&ROW())),"",INDIRECT("'"&$Q$2&"'!D"&ROW())),"")) -> 43443 | F36: =IF(OR(D36="",E36=""),"",D36-E36) -> -2777 | G36: =IFERROR(F36/E36,"") -> -0.063922841 | H36: 944 | I36: =IF($H36="","",IFERROR(IF(ISBLANK(INDIRECT("'"&$Q$2&"'!H"&ROW())),"",INDIRECT("'"&$Q$2&"'!H"&ROW())),"")) -> 922 | J36: =IF(OR(H36="",I36=""),"",H36-I36) -> 22 | K36: =IFERROR(J36/I36,"") -> 0.023861171 | L36: =IFERROR(D36/C36,"") -> 451.84444 | M36: =IFERROR(H36/D36*1000,"") -> 23.213495 | N36: 5881 | O36: =IFERROR(IF(OR(N36="",ISBLANK(INDIRECT("'"&$Q$2&"'!N"&ROW()))),"",N36-INDIRECT("'"&$Q$2&"'!N"&ROW())),"") -> 2 | S36: =IFERROR(IF(ISBLANK(INDIRECT("'"&$Q$2&"'!G"&ROW())),"",INDIRECT("'"&$Q$2&"'!G"&ROW())),"") -> 0.16151543 | T36: =IF(OR($G36="",$S36=""),"",$G36-$S36) -> -0.22543827 | U36: =IFERROR(IF(ISBLANK(INDIRECT("'"&$Q$2&"'!K"&ROW())),"",INDIRECT("'"&$Q$2&"'!K"&ROW())),"") -> 0.51644737 | V36: =IF(OR($K36="",$U36=""),"",$K36-$U36) -> -0.4925862 | W36: =IFERROR(IF(ISBLANK(INDIRECT("'"&$Q$2&"'!O"&ROW())),"",INDIRECT("'"&$Q$2&"'!O"&ROW())),"") -> 4 | X36: =IF(OR($O36="",$W36=""),"",$O36-$W36) -> -2
A37: Одноклассники | B37: Салехард | C37: 146 | D37: 7612 | E37: =IF($D37="","",IFERROR(IF(ISBLANK(INDIRECT("'"&$Q$2&"'!D"&ROW())),"",INDIRECT("'"&$Q$2&"'!D"&ROW())),"")) -> 5494 | F37: =IF(OR(D37="",E37=""),"",D37-E37) -> 2118 | G37: =IFERROR(F37/E37,"") -> 0.38551147 | H37: 59 | I37: =IF($H37="","",IFERROR(IF(ISBLANK(INDIRECT("'"&$Q$2&"'!H"&ROW())),"",INDIRECT("'"&$Q$2&"'!H"&ROW())),"")) -> 23 | J37: =IF(OR(H37="",I37=""),"",H37-I37) -> 36 | K37: =IFERROR(J37/I37,"") -> 1.5652174 | L37: =IFERROR(D37/C37,"") -> 52.136986 | M37: =IFERROR(H37/D37*1000,"") -> 7.7509196 | N37: 3236 | O37: =IFERROR(IF(OR(N37="",ISBLANK(INDIRECT("'"&$Q$2&"'!N"&ROW()))),"",N37-INDIRECT("'"&$Q$2&"'!N"&ROW())),"") -> 2 | S37: =IFERROR(IF(ISBLANK(INDIRECT("'"&$Q$2&"'!G"&ROW())),"",INDIRECT("'"&$Q$2&"'!G"&ROW())),"") -> -0.16996525 | T37: =IF(OR($G37="",$S37=""),"",$G37-$S37) -> 0.55547672 | U37: =IFERROR(IF(ISBLANK(INDIRECT("'"&$Q$2&"'!K"&ROW())),"",INDIRECT("'"&$Q$2&"'!K"&ROW())),"") -> -0.25806452 | V37: =IF(OR($K37="",$U37=""),"",$K37-$U37) -> 1.8232819 | W37: =IFERROR(IF(ISBLANK(INDIRECT("'"&$Q$2&"'!O"&ROW())),"",INDIRECT("'"&$Q$2&"'!O"&ROW())),"") -> 1 | X37: =IF(OR($O37="",$W37=""),"",$O37-$W37) -> 1
A38: Одноклассники | B38: Приуралье | C38: 114 | D38: 8056 | E38: =IF($D38="","",IFERROR(IF(ISBLANK(INDIRECT("'"&$Q$2&"'!D"&ROW())),"",INDIRECT("'"&$Q$2&"'!D"&ROW())),"")) -> 7276 | F38: =IF(OR(D38="",E38=""),"",D38-E38) -> 780 | G38: =IFERROR(F38/E38,"") -> 0.10720176 | H38: 172 | I38: =IF($H38="","",IFERROR(IF(ISBLANK(INDIRECT("'"&$Q$2&"'!H"&ROW())),"",INDIRECT("'"&$Q$2&"'!H"&ROW())),"")) -> 85 | J38: =IF(OR(H38="",I38=""),"",H38-I38) -> 87 | K38: =IFERROR(J38/I38,"") -> 1.0235294 | L38: =IFERROR(D38/C38,"") -> 70.666667 | M38: =IFERROR(H38/D38*1000,"") -> 21.350546 | N38: 1705 | O38: =IFERROR(IF(OR(N38="",ISBLANK(INDIRECT("'"&$Q$2&"'!N"&ROW()))),"",N38-INDIRECT("'"&$Q$2&"'!N"&ROW())),"") -> 10 | S38: =IFERROR(IF(ISBLANK(INDIRECT("'"&$Q$2&"'!G"&ROW())),"",INDIRECT("'"&$Q$2&"'!G"&ROW())),"") -> 0.34840623 | T38: =IF(OR($G38="",$S38=""),"",$G38-$S38) -> -0.24120447 | U38: =IFERROR(IF(ISBLANK(INDIRECT("'"&$Q$2&"'!K"&ROW())),"",INDIRECT("'"&$Q$2&"'!K"&ROW())),"") -> 3.7222222 | V38: =IF(OR($K38="",$U38=""),"",$K38-$U38) -> -2.6986928 | W38: =IFERROR(IF(ISBLANK(INDIRECT("'"&$Q$2&"'!O"&ROW())),"",INDIRECT("'"&$Q$2&"'!O"&ROW())),"") -> 2 | X38: =IF(OR($O38="",$W38=""),"",$O38-$W38) -> 8
A39: Одноклассники | B39: Лабытнанги | C39: 74 | D39: 1941 | E39: =IF($D39="","",IFERROR(IF(ISBLANK(INDIRECT("'"&$Q$2&"'!D"&ROW())),"",INDIRECT("'"&$Q$2&"'!D"&ROW())),"")) -> 3006 | F39: =IF(OR(D39="",E39=""),"",D39-E39) -> -1065 | G39: =IFERROR(F39/E39,"") -> -0.35429142 | H39: 10 | I39: =IF($H39="","",IFERROR(IF(ISBLANK(INDIRECT("'"&$Q$2&"'!H"&ROW())),"",INDIRECT("'"&$Q$2&"'!H"&ROW())),"")) -> 46 | J39: =IF(OR(H39="",I39=""),"",H39-I39) -> -36 | K39: =IFERROR(J39/I39,"") -> -0.7826087 | L39: =IFERROR(D39/C39,"") -> 26.22973 | M39: =IFERROR(H39/D39*1000,"") -> 5.1519835 | N39: 224 | O39: =IFERROR(IF(OR(N39="",ISBLANK(INDIRECT("'"&$Q$2&"'!N"&ROW()))),"",N39-INDIRECT("'"&$Q$2&"'!N"&ROW())),"") -> 0 | S39: =IFERROR(IF(ISBLANK(INDIRECT("'"&$Q$2&"'!G"&ROW())),"",INDIRECT("'"&$Q$2&"'!G"&ROW())),"") -> 0.078579117 | T39: =IF(OR($G39="",$S39=""),"",$G39-$S39) -> -0.43287053 | U39: =IFERROR(IF(ISBLANK(INDIRECT("'"&$Q$2&"'!K"&ROW())),"",INDIRECT("'"&$Q$2&"'!K"&ROW())),"") -> 14.333333 | V39: =IF(OR($K39="",$U39=""),"",$K39-$U39) -> -15.115942 | W39: =IFERROR(IF(ISBLANK(INDIRECT("'"&$Q$2&"'!O"&ROW())),"",INDIRECT("'"&$Q$2&"'!O"&ROW())),"") -> 0 | X39: =IF(OR($O39="",$W39=""),"",$O39-$W39) -> 0
A40: Одноклассники | B40: Пуровский | C40: 50 | D40: 6191 | E40: =IF($D40="","",IFERROR(IF(ISBLANK(INDIRECT("'"&$Q$2&"'!D"&ROW())),"",INDIRECT("'"&$Q$2&"'!D"&ROW())),"")) -> 8243 | F40: =IF(OR(D40="",E40=""),"",D40-E40) -> -2052 | G40: =IFERROR(F40/E40,"") -> -0.24893849 | H40: 94 | I40: =IF($H40="","",IFERROR(IF(ISBLANK(INDIRECT("'"&$Q$2&"'!H"&ROW())),"",INDIRECT("'"&$Q$2&"'!H"&ROW())),"")) -> 132 | J40: =IF(OR(H40="",I40=""),"",H40-I40) -> -38 | K40: =IFERROR(J40/I40,"") -> -0.28787879 | L40: =IFERROR(D40/C40,"") -> 123.82 | M40: =IFERROR(H40/D40*1000,"") -> 15.183331 | N40: 4957 | O40: =IFERROR(IF(OR(N40="",ISBLANK(INDIRECT("'"&$Q$2&"'!N"&ROW()))),"",N40-INDIRECT("'"&$Q$2&"'!N"&ROW())),"") -> 4 | S40: =IFERROR(IF(ISBLANK(INDIRECT("'"&$Q$2&"'!G"&ROW())),"",INDIRECT("'"&$Q$2&"'!G"&ROW())),"") -> 0.93634015 | T40: =IF(OR($G40="",$S40=""),"",$G40-$S40) -> -1.1852786 | U40: =IFERROR(IF(ISBLANK(INDIRECT("'"&$Q$2&"'!K"&ROW())),"",INDIRECT("'"&$Q$2&"'!K"&ROW())),"") -> 7.8 | V40: =IF(OR($K40="",$U40=""),"",$K40-$U40) -> -8.0878788 | W40: =IFERROR(IF(ISBLANK(INDIRECT("'"&$Q$2&"'!O"&ROW())),"",INDIRECT("'"&$Q$2&"'!O"&ROW())),"") -> 4 | X40: =IF(OR($O40="",$W40=""),"",$O40-$W40) -> 0
A41: Одноклассники | B41: Тазовский | C41: 58 | D41: 8540 | E41: =IF($D41="","",IFERROR(IF(ISBLANK(INDIRECT("'"&$Q$2&"'!D"&ROW())),"",INDIRECT("'"&$Q$2&"'!D"&ROW())),"")) -> 7631 | F41: =IF(OR(D41="",E41=""),"",D41-E41) -> 909 | G41: =IFERROR(F41/E41,"") -> 0.11911938 | H41: 111 | I41: =IF($H41="","",IFERROR(IF(ISBLANK(INDIRECT("'"&$Q$2&"'!H"&ROW())),"",INDIRECT("'"&$Q$2&"'!H"&ROW())),"")) -> 69 | J41: =IF(OR(H41="",I41=""),"",H41-I41) -> 42 | K41: =IFERROR(J41/I41,"") -> 0.60869565 | L41: =IFERROR(D41/C41,"") -> 147.24138 | M41: =IFERROR(H41/D41*1000,"") -> 12.997658 | N41: 3530 | O41: =IFERROR(IF(OR(N41="",ISBLANK(INDIRECT("'"&$Q$2&"'!N"&ROW()))),"",N41-INDIRECT("'"&$Q$2&"'!N"&ROW())),"") -> 0 | S41: =IFERROR(IF(ISBLANK(INDIRECT("'"&$Q$2&"'!G"&ROW())),"",INDIRECT("'"&$Q$2&"'!G"&ROW())),"") -> 0.069966349 | T41: =IF(OR($G41="",$S41=""),"",$G41-$S41) -> 0.049153033 | U41: =IFERROR(IF(ISBLANK(INDIRECT("'"&$Q$2&"'!K"&ROW())),"",INDIRECT("'"&$Q$2&"'!K"&ROW())),"") -> 0.21052632 | V41: =IF(OR($K41="",$U41=""),"",$K41-$U41) -> 0.39816934 | W41: =IFERROR(IF(ISBLANK(INDIRECT("'"&$Q$2&"'!O"&ROW())),"",INDIRECT("'"&$Q$2&"'!O"&ROW())),"") -> 0 | X41: =IF(OR($O41="",$W41=""),"",$O41-$W41) -> 0
A42: Одноклассники | B42: Красноселькуп | C42: 31 | D42: 6081 | E42: =IF($D42="","",IFERROR(IF(ISBLANK(INDIRECT("'"&$Q$2&"'!D"&ROW())),"",INDIRECT("'"&$Q$2&"'!D"&ROW())),"")) -> 8146 | F42: =IF(OR(D42="",E42=""),"",D42-E42) -> -2065 | G42: =IFERROR(F42/E42,"") -> -0.25349865 | H42: 248 | I42: =IF($H42="","",IFERROR(IF(ISBLANK(INDIRECT("'"&$Q$2&"'!H"&ROW())),"",INDIRECT("'"&$Q$2&"'!H"&ROW())),"")) -> 293 | J42: =IF(OR(H42="",I42=""),"",H42-I42) -> -45 | K42: =IFERROR(J42/I42,"") -> -0.15358362 | L42: =IFERROR(D42/C42,"") -> 196.16129 | M42: =IFERROR(H42/D42*1000,"") -> 40.782766 | N42: 650 | O42: =IFERROR(IF(OR(N42="",ISBLANK(INDIRECT("'"&$Q$2&"'!N"&ROW()))),"",N42-INDIRECT("'"&$Q$2&"'!N"&ROW())),"") -> 2 | S42: =IFERROR(IF(ISBLANK(INDIRECT("'"&$Q$2&"'!G"&ROW())),"",INDIRECT("'"&$Q$2&"'!G"&ROW())),"") -> -0.13137129 | T42: =IF(OR($G42="",$S42=""),"",$G42-$S42) -> -0.12212736 | U42: =IFERROR(IF(ISBLANK(INDIRECT("'"&$Q$2&"'!K"&ROW())),"",INDIRECT("'"&$Q$2&"'!K"&ROW())),"") -> 0.57526882 | V42: =IF(OR($K42="",$U42=""),"",$K42-$U42) -> -0.72885243 | W42: =IFERROR(IF(ISBLANK(INDIRECT("'"&$Q$2&"'!O"&ROW())),"",INDIRECT("'"&$Q$2&"'!O"&ROW())),"") -> 5 | X42: =IF(OR($O42="",$W42=""),"",$O42-$W42) -> -3
... A50: Одноклассники | B50: Морошка | C50: 5 | D50: 81 | E50: =IF($D50="","",IFERROR(IF(ISBLANK(INDIRECT("'"&$Q$2&"'!D"&ROW())),"",INDIRECT("'"&$Q$2&"'!D"&ROW())),"")) -> 269 | F50: =IF(OR(D50="",E50=""),"",D50-E50) -> -188 | G50: =IFERROR(F50/E50,"") -> -0.69888476 | H50: 4 | I50: =IF($H50="","",IFERROR(IF(ISBLANK(INDIRECT("'"&$Q$2&"'!H"&ROW())),"",INDIRECT("'"&$Q$2&"'!H"&ROW())),"")) -> 9 | J50: =IF(OR(H50="",I50=""),"",H50-I50) -> -5 | K50: =IFERROR(J50/I50,"") -> -0.55555556 | L50: =IFERROR(D50/C50,"") -> 16.2 | M50: =IFERROR(H50/D50*1000,"") -> 49.382716 | N50: 42 | O50: =IFERROR(IF(OR(N50="",ISBLANK(INDIRECT("'"&$Q$2&"'!N"&ROW()))),"",N50-INDIRECT("'"&$Q$2&"'!N"&ROW())),"") -> 0 | S50: =IFERROR(IF(ISBLANK(INDIRECT("'"&$Q$2&"'!G"&ROW())),"",INDIRECT("'"&$Q$2&"'!G"&ROW())),"") | T50: =IF(OR($G50="",$S50=""),"",$G50-$S50) | U50: =IFERROR(IF(ISBLANK(INDIRECT("'"&$Q$2&"'!K"&ROW())),"",INDIRECT("'"&$Q$2&"'!K"&ROW())),"") | V50: =IF(OR($K50="",$U50=""),"",$K50-$U50) | W50: =IFERROR(IF(ISBLANK(INDIRECT("'"&$Q$2&"'!O"&ROW())),"",INDIRECT("'"&$Q$2&"'!O"&ROW())),"") | X50: =IF(OR($O50="",$W50=""),"",$O50-$W50)
B51: Итого Одноклассники | C51: =SUM(C31:C50) -> 1597 | D51: =SUM(D31:D50) -> 518367 | E51: =SUM(E31:E50) -> 268649 | F51: =SUM(F31:F50) -> 249718 | G51: =IF(C51=0,"",IFERROR(F51/E51,"")) -> 0.92953259 | H51: =SUM(H31:H50) -> 3542 | I51: =SUM(I31:I50) -> 3754 | J51: =SUM(J31:J50) -> -212 | K51: =IF(C51=0,"",IFERROR(J51/I51,"")) -> -0.056473095 | L51: =IFERROR(D51/C51,"") -> 324.58798 | M51: =IFERROR(H51/D51*1000,"") -> 6.8329967 | N51: =SUM(N31:N50) -> 106956 | O51: =SUM(O31:O50) -> 49 | S51: =IFERROR(IF(ISBLANK(INDIRECT("'"&$Q$2&"'!G"&ROW())),"",INDIRECT("'"&$Q$2&"'!G"&ROW())),"") -> 0.052500614 | T51: =IF(OR($G51="",$S51=""),"",$G51-$S51) -> 0.87703197 | U51: =IFERROR(IF(ISBLANK(INDIRECT("'"&$Q$2&"'!K"&ROW())),"",INDIRECT("'"&$Q$2&"'!K"&ROW())),"") -> 0.69488456 | V51: =IF(OR($K51="",$U51=""),"",$K51-$U51) -> -0.75135766 | W51: =IFERROR(IF(ISBLANK(INDIRECT("'"&$Q$2&"'!O"&ROW())),"",INDIRECT("'"&$Q$2&"'!O"&ROW())),"") -> 42 | X51: =IF(OR(C51=0,$O51="",$W51=""),"",$O51-$W51) -> 7
A52: Telegram | B52: Ямал-Медиа | C52: 144 | D52: 78442 | E52: =IF($D52="","",IFERROR(IF(ISBLANK(INDIRECT("'"&$Q$2&"'!D"&ROW())),"",INDIRECT("'"&$Q$2&"'!D"&ROW())),"")) -> 34890 | F52: =IF(OR(D52="",E52=""),"",D52-E52) -> 43552 | G52: =IFERROR(F52/E52,"") -> 1.248266 | H52: 366 | I52: =IF($H52="","",IFERROR(IF(ISBLANK(INDIRECT("'"&$Q$2&"'!H"&ROW())),"",INDIRECT("'"&$Q$2&"'!H"&ROW())),"")) -> 229 | J52: =IF(OR(H52="",I52=""),"",H52-I52) -> 137 | K52: =IFERROR(J52/I52,"") -> 0.59825328 | L52: =IFERROR(D52/C52,"") -> 544.73611 | M52: =IFERROR(H52/D52*1000,"") -> 4.6658678 | N52: 11811 | O52: =IFERROR(IF(OR(N52="",ISBLANK(INDIRECT("'"&$Q$2&"'!N"&ROW()))),"",N52-INDIRECT("'"&$Q$2&"'!N"&ROW())),"") -> -10 | S52: =IFERROR(IF(ISBLANK(INDIRECT("'"&$Q$2&"'!G"&ROW())),"",INDIRECT("'"&$Q$2&"'!G"&ROW())),"") -> -0.10522401 | T52: =IF(OR($G52="",$S52=""),"",$G52-$S52) -> 1.35349 | U52: =IFERROR(IF(ISBLANK(INDIRECT("'"&$Q$2&"'!K"&ROW())),"",INDIRECT("'"&$Q$2&"'!K"&ROW())),"") -> 0.30113636 | V52: =IF(OR($K52="",$U52=""),"",$K52-$U52) -> 0.29711691 | W52: =IFERROR(IF(ISBLANK(INDIRECT("'"&$Q$2&"'!O"&ROW())),"",INDIRECT("'"&$Q$2&"'!O"&ROW())),"") -> -22 | X52: =IF(OR($O52="",$W52=""),"",$O52-$W52) -> 12
A53: Telegram | B53: Север-Пресс | C53: 139 | D53: 17966 | E53: =IF($D53="","",IFERROR(IF(ISBLANK(INDIRECT("'"&$Q$2&"'!D"&ROW())),"",INDIRECT("'"&$Q$2&"'!D"&ROW())),"")) -> 32854 | F53: =IF(OR(D53="",E53=""),"",D53-E53) -> -14888 | G53: =IFERROR(F53/E53,"") -> -0.45315639 | H53: 50 | I53: =IF($H53="","",IFERROR(IF(ISBLANK(INDIRECT("'"&$Q$2&"'!H"&ROW())),"",INDIRECT("'"&$Q$2&"'!H"&ROW())),"")) -> 36 | J53: =IF(OR(H53="",I53=""),"",H53-I53) -> 14 | K53: =IFERROR(J53/I53,"") -> 0.38888889 | L53: =IFERROR(D53/C53,"") -> 129.2518 | M53: =IFERROR(H53/D53*1000,"") -> 2.7830346 | N53: 4815 | O53: =IFERROR(IF(OR(N53="",ISBLANK(INDIRECT("'"&$Q$2&"'!N"&ROW()))),"",N53-INDIRECT("'"&$Q$2&"'!N"&ROW())),"") -> -10 | S53: =IFERROR(IF(ISBLANK(INDIRECT("'"&$Q$2&"'!G"&ROW())),"",INDIRECT("'"&$Q$2&"'!G"&ROW())),"") -> -0.33292725 | T53: =IF(OR($G53="",$S53=""),"",$G53-$S53) -> -0.12022914 | U53: =IFERROR(IF(ISBLANK(INDIRECT("'"&$Q$2&"'!K"&ROW())),"",INDIRECT("'"&$Q$2&"'!K"&ROW())),"") -> 0.2 | V53: =IF(OR($K53="",$U53=""),"",$K53-$U53) -> 0.18888889 | W53: =IFERROR(IF(ISBLANK(INDIRECT("'"&$Q$2&"'!O"&ROW())),"",INDIRECT("'"&$Q$2&"'!O"&ROW())),"") -> -1 | X53: =IF(OR($O53="",$W53=""),"",$O53-$W53) -> -9
A54: Telegram | B54: Красный Север | C54: 88 | D54: 2324 | E54: =IF($D54="","",IFERROR(IF(ISBLANK(INDIRECT("'"&$Q$2&"'!D"&ROW())),"",INDIRECT("'"&$Q$2&"'!D"&ROW())),"")) -> 1527 | F54: =IF(OR(D54="",E54=""),"",D54-E54) -> 797 | G54: =IFERROR(F54/E54,"") -> 0.52193844 | H54: 2 | I54: =IF($H54="","",IFERROR(IF(ISBLANK(INDIRECT("'"&$Q$2&"'!H"&ROW())),"",INDIRECT("'"&$Q$2&"'!H"&ROW())),"")) -> 4 | J54: =IF(OR(H54="",I54=""),"",H54-I54) -> -2 | K54: =IFERROR(J54/I54,"") -> -0.5 | L54: =IFERROR(D54/C54,"") -> 26.409091 | M54: =IFERROR(H54/D54*1000,"") -> 0.8605852 | N54: 876 | O54: =IFERROR(IF(OR(N54="",ISBLANK(INDIRECT("'"&$Q$2&"'!N"&ROW()))),"",N54-INDIRECT("'"&$Q$2&"'!N"&ROW())),"") -> 3 | S54: =IFERROR(IF(ISBLANK(INDIRECT("'"&$Q$2&"'!G"&ROW())),"",INDIRECT("'"&$Q$2&"'!G"&ROW())),"") -> -0.23878365 | T54: =IF(OR($G54="",$S54=""),"",$G54-$S54) -> 0.76072209 | U54: =IFERROR(IF(ISBLANK(INDIRECT("'"&$Q$2&"'!K"&ROW())),"",INDIRECT("'"&$Q$2&"'!K"&ROW())),"") -> -0.33333333 | V54: =IF(OR($K54="",$U54=""),"",$K54-$U54) -> -0.16666667 | W54: =IFERROR(IF(ISBLANK(INDIRECT("'"&$Q$2&"'!O"&ROW())),"",INDIRECT("'"&$Q$2&"'!O"&ROW())),"") -> 1 | X54: =IF(OR($O54="",$W54=""),"",$O54-$W54) -> 2
A55: Telegram | B55: СМП | C55: 7 | D55: 25402 | E55: =IF($D55="","",IFERROR(IF(ISBLANK(INDIRECT("'"&$Q$2&"'!D"&ROW())),"",INDIRECT("'"&$Q$2&"'!D"&ROW())),"")) -> 3759 | F55: =IF(OR(D55="",E55=""),"",D55-E55) -> 21643 | G55: =IFERROR(F55/E55,"") -> 5.7576483 | H55: 31 | I55: =IF($H55="","",IFERROR(IF(ISBLANK(INDIRECT("'"&$Q$2&"'!H"&ROW())),"",INDIRECT("'"&$Q$2&"'!H"&ROW())),"")) -> 18 | J55: =IF(OR(H55="",I55=""),"",H55-I55) -> 13 | K55: =IFERROR(J55/I55,"") -> 0.72222222 | L55: =IFERROR(D55/C55,"") -> 3628.8571 | M55: =IFERROR(H55/D55*1000,"") -> 1.2203763 | N55: 13835 | O55: =IFERROR(IF(OR(N55="",ISBLANK(INDIRECT("'"&$Q$2&"'!N"&ROW()))),"",N55-INDIRECT("'"&$Q$2&"'!N"&ROW())),"") -> -22 | S55: =IFERROR(IF(ISBLANK(INDIRECT("'"&$Q$2&"'!G"&ROW())),"",INDIRECT("'"&$Q$2&"'!G"&ROW())),"") -> -0.84109068 | T55: =IF(OR($G55="",$S55=""),"",$G55-$S55) -> 6.598739 | U55: =IFERROR(IF(ISBLANK(INDIRECT("'"&$Q$2&"'!K"&ROW())),"",INDIRECT("'"&$Q$2&"'!K"&ROW())),"") -> -0.18181818 | V55: =IF(OR($K55="",$U55=""),"",$K55-$U55) -> 0.9040404 | W55: =IFERROR(IF(ISBLANK(INDIRECT("'"&$Q$2&"'!O"&ROW())),"",INDIRECT("'"&$Q$2&"'!O"&ROW())),"") -> -29 | X55: =IF(OR($O55="",$W55=""),"",$O55-$W55) -> 7
A56: Telegram | B56: СШХ | C56: 7 | D56: 395 | E56: =IF($D56="","",IFERROR(IF(ISBLANK(INDIRECT("'"&$Q$2&"'!D"&ROW())),"",INDIRECT("'"&$Q$2&"'!D"&ROW())),"")) -> 2886 | F56: =IF(OR(D56="",E56=""),"",D56-E56) -> -2491 | G56: =IFERROR(F56/E56,"") -> -0.86313236 | H56: 15 | I56: =IF($H56="","",IFERROR(IF(ISBLANK(INDIRECT("'"&$Q$2&"'!H"&ROW())),"",INDIRECT("'"&$Q$2&"'!H"&ROW())),"")) -> 9 | J56: =IF(OR(H56="",I56=""),"",H56-I56) -> 6 | K56: =IFERROR(J56/I56,"") -> 0.66666667 | L56: =IFERROR(D56/C56,"") -> 56.428571 | M56: =IFERROR(H56/D56*1000,"") -> 37.974684 | N56: 8664 | O56: =IFERROR(IF(OR(N56="",ISBLANK(INDIRECT("'"&$Q$2&"'!N"&ROW()))),"",N56-INDIRECT("'"&$Q$2&"'!N"&ROW())),"") -> -14 | S56: =IFERROR(IF(ISBLANK(INDIRECT("'"&$Q$2&"'!G"&ROW())),"",INDIRECT("'"&$Q$2&"'!G"&ROW())),"") -> 6.215 | T56: =IF(OR($G56="",$S56=""),"",$G56-$S56) -> -7.0781324 | U56: =IFERROR(IF(ISBLANK(INDIRECT("'"&$Q$2&"'!K"&ROW())),"",INDIRECT("'"&$Q$2&"'!K"&ROW())),"") -> 2 | V56: =IF(OR($K56="",$U56=""),"",$K56-$U56) -> -1.3333333 | W56: =IFERROR(IF(ISBLANK(INDIRECT("'"&$Q$2&"'!O"&ROW())),"",INDIRECT("'"&$Q$2&"'!O"&ROW())),"") -> -7 | X56: =IF(OR($O56="",$W56=""),"",$O56-$W56) -> -7
A57: Telegram | B57: Новый Уренгой | C57: 105 | D57: 116631 | E57: =IF($D57="","",IFERROR(IF(ISBLANK(INDIRECT("'"&$Q$2&"'!D"&ROW())),"",INDIRECT("'"&$Q$2&"'!D"&ROW())),"")) -> 87361 | F57: =IF(OR(D57="",E57=""),"",D57-E57) -> 29270 | G57: =IFERROR(F57/E57,"") -> 0.33504653 | H57: 563 | I57: =IF($H57="","",IFERROR(IF(ISBLANK(INDIRECT("'"&$Q$2&"'!H"&ROW())),"",INDIRECT("'"&$Q$2&"'!H"&ROW())),"")) -> 359 | J57: =IF(OR(H57="",I57=""),"",H57-I57) -> 204 | K57: =IFERROR(J57/I57,"") -> 0.56824513 | L57: =IFERROR(D57/C57,"") -> 1110.7714 | M57: =IFERROR(H57/D57*1000,"") -> 4.82719 | N57: 10928 | O57: =IFERROR(IF(OR(N57="",ISBLANK(INDIRECT("'"&$Q$2&"'!N"&ROW()))),"",N57-INDIRECT("'"&$Q$2&"'!N"&ROW())),"") -> 53 | S57: =IFERROR(IF(ISBLANK(INDIRECT("'"&$Q$2&"'!G"&ROW())),"",INDIRECT("'"&$Q$2&"'!G"&ROW())),"") -> 0.36195123 | T57: =IF(OR($G57="",$S57=""),"",$G57-$S57) -> -0.026904704 | U57: =IFERROR(IF(ISBLANK(INDIRECT("'"&$Q$2&"'!K"&ROW())),"",INDIRECT("'"&$Q$2&"'!K"&ROW())),"") -> 0.31501832 | V57: =IF(OR($K57="",$U57=""),"",$K57-$U57) -> 0.25322681 | W57: =IFERROR(IF(ISBLANK(INDIRECT("'"&$Q$2&"'!O"&ROW())),"",INDIRECT("'"&$Q$2&"'!O"&ROW())),"") -> 12 | X57: =IF(OR($O57="",$W57=""),"",$O57-$W57) -> 41
A58: Telegram | B58: Надым | C58: 107 | D58: 21703 | E58: =IF($D58="","",IFERROR(IF(ISBLANK(INDIRECT("'"&$Q$2&"'!D"&ROW())),"",INDIRECT("'"&$Q$2&"'!D"&ROW())),"")) -> 25697 | F58: =IF(OR(D58="",E58=""),"",D58-E58) -> -3994 | G58: =IFERROR(F58/E58,"") -> -0.1554267 | H58: 293 | I58: =IF($H58="","",IFERROR(IF(ISBLANK(INDIRECT("'"&$Q$2&"'!H"&ROW())),"",INDIRECT("'"&$Q$2&"'!H"&ROW())),"")) -> 274 | J58: =IF(OR(H58="",I58=""),"",H58-I58) -> 19 | K58: =IFERROR(J58/I58,"") -> 0.069343066 | L58: =IFERROR(D58/C58,"") -> 202.83178 | M58: =IFERROR(H58/D58*1000,"") -> 13.500438 | N58: 4120 | O58: =IFERROR(IF(OR(N58="",ISBLANK(INDIRECT("'"&$Q$2&"'!N"&ROW()))),"",N58-INDIRECT("'"&$Q$2&"'!N"&ROW())),"") -> -12 | S58: =IFERROR(IF(ISBLANK(INDIRECT("'"&$Q$2&"'!G"&ROW())),"",INDIRECT("'"&$Q$2&"'!G"&ROW())),"") -> 0.15788762 | T58: =IF(OR($G58="",$S58=""),"",$G58-$S58) -> -0.31331433 | U58: =IFERROR(IF(ISBLANK(INDIRECT("'"&$Q$2&"'!K"&ROW())),"",INDIRECT("'"&$Q$2&"'!K"&ROW())),"") -> 0.011070111 | V58: =IF(OR($K58="",$U58=""),"",$K58-$U58) -> 0.058272955 | W58: =IFERROR(IF(ISBLANK(INDIRECT("'"&$Q$2&"'!O"&ROW())),"",INDIRECT("'"&$Q$2&"'!O"&ROW())),"") -> -17 | X58: =IF(OR($O58="",$W58=""),"",$O58-$W58) -> 5
A59: Telegram | B59: Ноябрьск | C59: 99 | D59: 35309 | E59: =IF($D59="","",IFERROR(IF(ISBLANK(INDIRECT("'"&$Q$2&"'!D"&ROW())),"",INDIRECT("'"&$Q$2&"'!D"&ROW())),"")) -> 39791 | F59: =IF(OR(D59="",E59=""),"",D59-E59) -> -4482 | G59: =IFERROR(F59/E59,"") -> -0.11263854 | H59: 269 | I59: =IF($H59="","",IFERROR(IF(ISBLANK(INDIRECT("'"&$Q$2&"'!H"&ROW())),"",INDIRECT("'"&$Q$2&"'!H"&ROW())),"")) -> 421 | J59: =IF(OR(H59="",I59=""),"",H59-I59) -> -152 | K59: =IFERROR(J59/I59,"") -> -0.36104513 | L59: =IFERROR(D59/C59,"") -> 356.65657 | M59: =IFERROR(H59/D59*1000,"") -> 7.6184542 | N59: 5549 | O59: =IFERROR(IF(OR(N59="",ISBLANK(INDIRECT("'"&$Q$2&"'!N"&ROW()))),"",N59-INDIRECT("'"&$Q$2&"'!N"&ROW())),"") -> 0 | S59: =IFERROR(IF(ISBLANK(INDIRECT("'"&$Q$2&"'!G"&ROW())),"",INDIRECT("'"&$Q$2&"'!G"&ROW())),"") -> 0.30321292 | T59: =IF(OR($G59="",$S59=""),"",$G59-$S59) -> -0.41585145 | U59: =IFERROR(IF(ISBLANK(INDIRECT("'"&$Q$2&"'!K"&ROW())),"",INDIRECT("'"&$Q$2&"'!K"&ROW())),"") -> 1.2157895 | V59: =IF(OR($K59="",$U59=""),"",$K59-$U59) -> -1.5768346 | W59: =IFERROR(IF(ISBLANK(INDIRECT("'"&$Q$2&"'!O"&ROW())),"",INDIRECT("'"&$Q$2&"'!O"&ROW())),"") -> -2 | X59: =IF(OR($O59="",$W59=""),"",$O59-$W59) -> 2
